case_name,reference_count,unique_domain_count,reference_domains,attack_tx_hash_count,has_attack_tx_hash,incident_record_sha256
bancor,2,2,blog.bancor.network|etherscan.io,0,False,12e769362c1be3988caf52c51ee183a7013887915f0bf8dccff261ab8b849737
opyn,2,2,etherscan.io|medium.com,1,True,1a0143eddb168a6b6e718dd3f5a498429851eb5c198743f2b4c666b645a585ed
bzx,1,1,twitter.com,0,False,c1757886f5994b885b6fb157b5a4976ef009ba0a86633e2a73a8817e0b872a24
cover,2,2,mudit.blog|slowmist.medium.com,0,False,092f869ecaf110a83300555d4e398c4f08a8e4b38f93fd479f97051f43bc0129
pickle,2,2,etherscan.io|github.com,1,True,a60badf8ba8b49d7a818d8faba95f5f92214542caff298ac5a90b3ccdca24be9
harvestfinance,2,2,etherscan.io|rekt.news,1,True,c41b70ddd318d13aaad01c2ebd818fb9f75d6e6f8efb1b1c53810f7555c3ef9a
sushi_badger_digg,1,1,cmichel.io,0,False,6cc76f4b0a801f0f122487a783e4e2c3b59a2fb508f651b6ead428f2cfd64ad7
lendfme,1,1,peckshield.medium.com,0,False,e677aa96067ef58ffc2bfdf68f5648eb770e9cd210e39d3ed6eb2de7cb477191
yearn_ydai,2,2,etherscan.io|github.com,1,True,089690c08fc86910dc446f979c46e99708d6ddce64e4303b043f4387d8cc8df8
uranium,2,2,bscscan.com|twitter.com,1,True,9d3eb5e27031d69b5e57b9f3040bd23c3bfd10c631389c6b250f9f8f3d98d7fd
spartan,1,1,rekt.news,0,False,1e131cb812e4acd651d55f9cefaae8ca2216a72785cadcbd19e7d66491a453f6
dodo_flashloan,3,3,blog.dodoex.io|etherscan.io|halborn.com,1,True,e74bcf9627e666abcc1dd105229c09bd34d85b635197b7580cedb3c48eed0246
pancakebunny,2,2,bscscan.com|rekt.news,1,True,baf63791a4277f87d91ddc0567f2b55ffda4a381f3294e1a8b8b6b891a7836ff
burgerswap,1,1,twitter.com,0,False,63e826cb9881b371ac3674c38a3a8b812dbb7807ef3c75978eb8b6e3dd255630
88mph,1,1,medium.com,0,False,4451139dfa098f690604a55207330189bd34c454b39867257c40110ef5f8f71a
eleven,2,2,bscscan.com|peckshield.medium.com,1,True,5ffd3ed363cfbe0e373320610197f27c34e430107e5366516a6dfb3ca245b549
xwin,1,1,peckshield.medium.com,0,False,9aa89bc4c360d07aa0711f47b8f5b59db465dc22d8f306bc5315b5977a993395
cream,3,2,etherscan.io|twitter.com,1,True,7eb8399ca0ec2a1f3c1f751a139eb23c890e45ed189ed42cb86f3c8e2e987194
xsurge,3,3,beosin.medium.com|bscscan.com|medium.com,1,True,4f6037b245cd4ce4e5c660dce57cef491cd19921f8610fd9948f5b496bf6d1aa
nowswap,1,1,twitter.com,0,False,1cf9f8da8125f234890449362de85fb1b390e41dc8287302242423b36ef935f7
nimbus,1,1,twitter.com,0,False,360fd55e367d0f5ee34eca04acb003298f83f95c9fda4d4098810ae84a16d73e
waultfinance,2,2,inspexco.medium.com|medium.com,0,False,320f1be574bb2e5f6bf78c522759e7164148a5238854b7e77a70674f85db1070
sushimiso,2,2,etherscan.io|paradigm.xyz,1,True,4103dc779de5b388c14c86f7e5dcfef58c7ceaabecac89af2dec0cd05f5b1415
balancer_20200628,2,2,etherscan.io|slowmist.medium.com,1,True,cff6c4627717d0667b3d6ecc390f2da2c0f3c61c6ed558a40bf841b4f98fe071
mono,5,5,etherscan.io|knownseclab.com|polygonscan.com|slowmist.medium.com|tuoniaox.com,2,True,9cd973d11f8ed1476098b090748f544d24666be4e5b92bc1afeb421b3acdd613
ploutoz,1,1,x.com,0,False,f016e278ccd20466d1c44ecf3252729611d6ed2f3adcdd5cc925aa429fbc06d5
nervebridge,1,1,blocksecteam.medium.com,0,False,dece0a59673e8a0b9d944e2fcd67cd2b5d5239e4cb05e2b2729b09227a85a2d9
indexedfinance,1,1,blocksecteam.medium.com,0,False,abff0f9940c92bfd88c9e82d7635f75ccf5764ace19a5f5e9c4cd4b956e55487
visor,3,3,beosin.medium.com|etherscan.io|twitter.com,1,True,57608208f426b1549e7143e045cdcb5c8a3b867e37bcb5efc1392972450cc86e
julswap,1,1,x.com,0,False,78404b116f80b9ab51f5cb3ac92b2df41ae1cf804c432dcd98d241844b780f35
pancakehunny,2,2,bscscan.com|medium.com,1,True,5cb67b48f7a41c216434ae429a489c490ed20fd197e82c07d18a19c4849ebf43
valuedefi,2,2,bscscan.com|rekt.news,1,True,7d78083794faec03af1482a8b998008684c65c30acb511987f8185adfe9bce7a
tecraspace,2,2,app.blocksec.com|etherscan.io,1,True,8dcc6cf14da53d18c0dffbe05975ae19cdbb89258d900603f38bd288d7068f77
sandbox,2,2,etherscan.io|slowmist.medium.com,1,True,ea64f46e2fff8fae01b0e05861d701df420f54d3860838a780ff19c9b45cd38a
compoundtusd,1,1,blog.openzeppelin.com,0,False,ac5eaa0ad8052973e9e01fb663f70c77e9001defccbcbad78bbc098a269ac35e
bearn,1,1,bearndao.medium.com,0,False,9ed3b8cb1b7fc21c248e7e2df5c1700288d1ff0847766c32554a1ada5bb9e39e
anyswap,3,3,etherscan.io|medium.com|twitter.com,1,True,77860e9a02b9d1b78a1dd3749b28c3ff90bf9351a92a266d527389790e9bf2a6
auctus,2,2,etherscan.io|twitter.com,1,True,f7eac2bb75803bc24ee13d8d49f11db7ecc7b5c5f45fde7d1c6c9cd88fdda442
paraluni,5,5,bscscan.com|halborn.com|mobile.twitter.com|twitter.com|zhuanlan.zhihu.com,1,True,9afc49f7b502ddc859eb73df6ad44cc8f1978b85a461bd671cda557d2a71d35d
qubit,5,4,bscscan.com|etherscan.io|medium.com|rekt.news,2,True,0f00e16a4a5b3ca0999697aa87fe5dca6316af20fddc2f9328ce37176b896972
revest,2,2,blocksecteam.medium.com|etherscan.io,1,True,88ae5e0c370c7e71164bf483fef14d13427ddda22572679a18b40123ff9d504d
umbrella,2,2,etherscan.io|medium.com,1,True,d2b545485a2576c627b6163d1b888de767cc3eb51fb52f4e390490d24c8d9900
cream_2,1,1,medium.com,0,False,1d701117ac3bc86137daa8d8de96c3bae95c064e19be5ee80d1e5ebbfb1bb0ae
akutarnft,2,2,blocksecteam.medium.com|etherscan.io,0,False,9d1f7e9a307cec973ffd61b64f153f67af7aefa72480ca01dd85649d26d626e7
rikkei,4,4,blockmagnates.com|bscscan.com|knownseclab.com|rikkeifinance.medium.com,1,True,c85629486d43f7118174c99849721d472720c1f818639919c84a8eb795cc1a25
gym_1,3,3,bscscan.com|medium.com|twitter.com,1,True,f06c052bbed028dedfbce1e3573459fba13ecb030f95eeb27b06eaae14b9c7cb
cftoken,2,2,bscscan.com|twitter.com,1,True,ef7aed77f0e27a0eba086a9d55b0a8defb7987fbb448c069472426995eb8aa43
rari,3,3,certik.medium.com|etherscan.io|twitter.com,1,True,bfdd6ad4dd398e473d0b99c4932aea070edf3d71517f6371def560e0ba3e6421
wdoge,3,3,bscscan.com|coinyuppie.com|twitter.com,1,True,e3d5bf554f1f7886a068cfb63775d3ac3b2f0d2a810d5c9a10348df718f2eaaa
zeed,3,3,bscscan.com|cryptotimes.io|medium.com,1,True,10d5d85a1d88c996ee2a736abc651bf9c2c782d201e43cea87beaefff942724f
bayc_apecoin,2,2,etherscan.io|news.coincu.com,1,True,5fea314c8aa1c5d6be50e46582b4cd6e7c251019ff21bba772a724bf355614ca
saddle,3,3,github.com|medium.com|twitter.com,0,False,cd185764b578e3785166a873b0e69b31c47f673aecf81d03316fdb06e58094be
discover,4,3,anquanke.com|bscscan.com|twitter.com,2,True,1bbd267da672f036dcb9cc6a5ccfd9125e402490153ded9ee9e6077892e33b65
hackdao,1,1,twitter.com,0,False,7d0cc52ff2fd2f99672ff48476b9c21fa5a99820b342fed48eb46b2a5acba657
inversefinance,5,4,blocksecteam.medium.com|certik.com|etherscan.io|twitter.com,1,True,565fe7dc83f785bb37b0d4a80b20879d5d6d810a44db5cf0bb79ed142b3743ba
gym_2,3,2,jinse.com|twitter.com,0,False,8fcc505a028f0a841ea7fbcb5965f7ef30463ae7e5022b0723605c4461c74cdf
flippazone,2,2,etherscan.io|twitter.com,1,True,9b76e14eedbc5e1e1bb8150fb55eb2ccd8f63a0421870d6a30c18a9bbed3b064
lpc,2,2,panewslab.com|twitter.com,0,False,965abc2879337609e714a13f9ca4dd468ede665cca9a0a0b1a678d2af876b20c
spacegodzilla,4,3,learnblockchain.cn|medium.com|mobile.twitter.com,0,False,e552b812039f2df36678f729fde98abadeb3c982c781dbc0ebd563f2c12889be
snood,3,3,ethereum.stackexchange.com|etherscan.io|ethtx.info,1,True,0dd39906bf8cb342ba822987ad463fcd9d4243bb6c670efe79a0943579d39811
anch,1,1,twitter.com,0,False,df8cb6720f717f132b0d1444a83d99966a00010c95622096eabb37d9444fc3c7
audius,3,2,blog.audius.co|twitter.com,0,False,c5b1301a7820658065c0a37affe24ed15dfef662bf35206cc1e82edd86b5d1a4
etnproduct,1,1,x.com,0,False,7bb776604651c2fab27ed51f637376921f2fdc64f1c691854bdbf1650c2578d2
ddc,2,2,immunebytes.com|x.com,0,False,6c34170b0b225ad4a601adeec68bbfd07c1119ed994bc793ea99e849d14eb665
luckytiger,2,2,etherscan.io|twitter.com,1,True,3d054af4b119ee50bc2daeb0461f8a75d3605ce2c395f77fd1d9e96ee4b8b615
egd_finance,2,1,twitter.com,0,False,0a5382e2133b53dbb3e54f8d78724fd6d573222d192fc00b71c5e5519a84aa22
badguysbyrpf,2,2,etherscan.io|twitter.com,1,True,f63b98e0b885c4af1e21877846716e2bf1f4fb796d75674c929c382c0a628f82
xst_2,1,1,mobile.twitter.com,0,False,ac980aa50936e743b521836e95229deb5e03a037f3e51a56bce508ae29842a7c
nomadbridge,3,3,blog.coinbase.com|certik.com|twitter.com,0,False,f0e573be780bf95556815ae6a155d116aa4254dfcd4a7c5269af5861099aa70d
bxh,2,2,bscscan.com|jinse.com,1,True,a1060132f6e66172264c33da043d90c8cc843f22a10c916489986b84d49d9def
dpc,3,3,bscscan.com|learnblockchain.cn|twitter.com,0,False,39fdd2dcab396ec29da33a0d4ccb40047cd6e46be431607901546351eb00b22b
shadowfi,2,2,bscscan.com|twitter.com,1,True,2674bd359af18771b2693c9eb18c461d64e49e1bff2cb37031a9c1f7353fce91
atk,1,1,twitter.com,0,False,c060298c8207aea642918805b16e34a6388f1cdff91137616c2376ab65aefa7f
bego,2,1,twitter.com,0,False,58e9a445670a0e0c48d6d59284a10a8d17e71910bd1fb01d740c18be48ca6e61
babyswap,1,1,twitter.com,0,False,648b0e42186edd74db255dcbf89e94b86ef3204992ab4ef6515281ec8cb35351
roi,4,3,medium.com|panewslab.com|twitter.com,0,False,bccbb202669b05e37194493de31af6ac45210bb1e2e41b89b2e016ed27d84076
thb,2,2,bscscan.com|twitter.com,1,True,7dca945bd8148fff011da7673f1abf279d12de9422033958c42671c508a3d844
carrot,2,2,bscscan.com|twitter.com,1,True,4d96e3a73a95448bc7213d2d443106421b0f7cd0bbcc86d258822892334817da
eflevervault,3,1,twitter.com,0,False,954dd3cff81e5096a937ca6ce685065912b871c4db14ebce49c6bec99fd6db35
health,1,1,twitter.com,0,False,9f8e580ec1be1398baaab429018b092e5549088e02adb2649e39678b7af87cca
hpay,1,1,twitter.com,0,False,2399707e28f954727823461c14477892dff7efedc003879ddf5e67fed75a1a49
n00d,2,1,twitter.com,0,False,11ff444d4c0e8a4cd162e610148a408caa8130f4f785787c1e1207df8f189a5f
inuko,1,1,twitter.com,0,False,125d4be47987e729fe46c75a14bc5efc7921bccc042bb535cceb2433d852a750
pltd,1,1,twitter.com,0,False,cac8cf31fc6bc0b34a5b217125cd420c92052fdb5d6f45b969e30f2e005c3a36
olympusdao,1,1,twitter.com,0,False,9137bfb1f78624f22a987a5c813728ecf26db927f90914a81e97d62f7116241e
res,2,2,bscscan.com|twitter.com,1,True,1dbbd04e37edbe1dd2ff9ede49ad8136d5b3d8d641db8a241146a66538204fe9
rl,1,1,twitter.com,0,False,4bf47ce88fd3406cc0b17b04a55a21cee62f037f476c9839d360c277cb009026
res_2,2,2,bscscan.com|twitter.com,1,True,1dbbd04e37edbe1dd2ff9ede49ad8136d5b3d8d641db8a241146a66538204fe9
uerii,1,1,twitter.com,0,False,1654298690070fa195b28553bebcf03ed68b7e44ed406b797d80984bf8a0bafb
templedao,2,2,etherscan.io|twitter.com,1,True,6b76732e2c68a560ae8b5c0f0d15030848042afcd80136eb3b27d6ce55762cdc
vtf,3,1,twitter.com,0,False,5d36cdbaf2577149dee0157b6dfc3195d8ce58eab869241635489c9bbe703964
ulme,3,2,medium.com|twitter.com,0,False,cdf407823e4e95f546434c59ec7012fb89c14ae363f85652580392d25971c807
teamfinance,4,1,twitter.com,0,False,6a0e8bd382922d81dcc1554154f4b378dd28d80882eaeb9867fcf36815ccb2f9
ulme_2,3,2,medium.com|twitter.com,0,False,cdf407823e4e95f546434c59ec7012fb89c14ae363f85652580392d25971c807
aur,1,1,twitter.com,0,False,a1adaf41dd11076a0c6abe847a5a99f7c01768579fff99e51ec958f98aed2032
annex,1,1,twitter.com,0,False,e742a9533015d11cdc16dd7199f05e94aeb146693ddbbb56822682c4c62144a5
xavefinance,2,2,etherscan.io|twitter.com,1,True,450c1eed9cbbb389605b19e2b6ba170d61dbfe8eaf90ef0f3efb5111927f9f80
bdex,1,1,twitter.com,0,False,d7356a5b6c7826496bf5c92e42ee8d41decc81ac2d426a9956fb48b508e80f61
kashi,2,2,eigenphi.substack.com|twitter.com,0,False,b77c60f150c5c25dd906c2a9903f85b1fafd528d087091821a1d60cdca30cde7
mbc_zzsh,2,1,twitter.com,0,False,a80a6cc927c627a9050079687a39fd6a54d9ea5e91c06e0f04c64bc526927f7a
brahtopg,1,1,twitter.com,0,False,064f316b99b0a1f98a34984d48a489c4eb79f0faa95bfe06d70834fea54d5b84
num,1,1,twitter.com,0,False,aeb636da37cd692bf6edbc12347f76d2dcc41adfe17e68a668154e54ecaa6626
sdao,2,1,twitter.com,0,False,1a06914e310c71e938fe55a12bbae8cc4f3c4d41c7aba4319bef418e1d845a67
dfx,4,1,twitter.com,0,False,0a764876626e11ef7fe89899ac826a198d0f8da9dd76a0a5e1b008a2ec10c3e3
moocakectx,2,1,twitter.com,0,False,3af7845d9257437b50e85a2bc7125fe16b6e1bdd14a128ac6dd573a8c7326a75
sheepfarm2,2,1,twitter.com,0,False,d355bf4da91ccdca71ac0b806670a9370d6a0f42380c325a563cb042fcc58b1a
seaman,3,1,twitter.com,0,False,f1ca2231b820f53779c10bab341395bdc803710af2dfadecf2ae35f41b5c3af3
aes,2,1,twitter.com,0,False,d1c52ab22c1564e57e2b978ad5f398c573eae65f516da2002000fc89aa65dca8
sheepfarm,2,1,twitter.com,0,False,d355bf4da91ccdca71ac0b806670a9370d6a0f42380c325a563cb042fcc58b1a
uearnpool,1,1,twitter.com,0,False,59ef8f9e7fdcb10ddc15b1131e38f7cb854372e605a7e49b8de66d2a4821436e
jay,1,1,twitter.com,0,False,db1386515f5590d05f7541d5408962e432cf7a36b642148c7d48db338e720977
dfs,1,1,twitter.com,0,False,e765f32ba2f1e0a49a1197f2d14f219e54cc1ed2553a8e4fcb4837bb18023780
bgld,1,1,twitter.com,0,False,b4331ab675cd1aeda7e8523c81fb680ad14fb0ca68b8ac43567239d25d99bd1a
rubic,2,1,twitter.com,0,False,da04e68c0f4514a328d8599802a7ac32ff9f8f776a7cd9d7234b41de7ff62a3c
tifi,1,1,twitter.com,0,False,7f82c3b22f877b29e73579743e56feb968524e2feba88c81bc4782f118d40a27
qixi,1,1,x.com,0,False,ecb01762f527766c39fe2d3f5372891ed460cf2be0f313effdfc71c9a565b929
xcarnival,3,1,twitter.com,0,False,88bf3e75a8bcebe33c14479d0616c9df90bd72e57b5190dbd7b85c8d5de477d1
novo,3,2,bscscan.com|panewslab.com,1,True,80dbdee6522539fe7f9968d8aa1115f0501afebf84304c7d09a8cf60a4c01058
xst,1,1,mobile.twitter.com,0,False,ac980aa50936e743b521836e95229deb5e03a037f3e51a56bce508ae29842a7c
bbox,1,1,twitter.com,0,False,d515ed7adc9406e1fd4d2bb26fb010dcff10f5685bb1cbea64f5dc803bec1159
nmbplatform,1,1,twitter.com,0,False,37a693062e1c454bcdd647800fb3848ffca994e2e26dfb9c04d914e0e7986a0d
rfb,1,1,twitter.com,0,False,4c22db30e2907b87781834b816f73a5451ddbd78318b377367142737299a5f35
shoco,1,1,github.com,0,False,78592a7b3034c3c46902ecbef7e8880793d53f634d01dfcc4cb88973dcb92bae
qtn,1,1,twitter.com,0,False,97f79379800de58b011883fb2a3b22ada9dfc6c648e72c2674a80e4344a5ddd0
tinu,1,1,twitter.com,0,False,209b2350caa38b1ece628269e73da01c91e2584a7ea39cb8661f67cf821f0ca4
bra,2,1,twitter.com,0,False,28c23d8c63daac50bc2d88fdd2e6da928eaad2ae14e15e393342b2bd7f5bdb60
bevo,1,1,twitter.com,0,False,466f574ba0b6138ad285df179e8ef8e1f47132c03f6f4cec1ce0c17360bb607a
omniestate,1,1,twitter.com,0,False,339c1cb46cb4b8dba4a69aabf4bd3ddcdf16695bb4c9db2873ed5067910fd5c3
gds,2,1,twitter.com,0,False,f133bcf77115517e92a74eaa4862856160367c7dfa6ab0ce717703333d38ca93
ufdao,1,1,twitter.com,0,False,3f87a9969fbd9c3a46a8b56de964bbd87d555974a9361bf27e54e156e94b6108
upswing,2,2,etherscan.io|twitter.com,1,True,096a64991a7d2fc68aa16318ed16cec6cc60de825fa4e6de92de2b3425e4e1b3
roefinance,1,1,twitter.com,0,False,4038cc16dc764000e5540fd5f01aa745903eea938e4ed3a99a5455622162b49e
efvault,3,1,twitter.com,0,False,68edecb51d2fa2593e02e14f18e96fd9ea8769ae3611be1d4dabd888b636bd01
fdp,1,1,twitter.com,0,False,3d906384ee936746d672dbfc3cad07972bb1e7119141ce312010671cf7c85581
dexible,2,1,twitter.com,0,False,4e6fd15f0c9f1255cfe205eaee2b040e69c0dac862c7bf768fe3fdc53312a057
dyna,2,1,twitter.com,0,False,0606d32d977bdc3f23dd05023c118ba7841cf5fb14bdec135b2b1d42c7952174
revertfinance,1,1,mirror.xyz,0,False,207d11063b53884c885c89aa548be4521d5744a7ac420e813021f072bcdb0eee
starlink,2,1,twitter.com,0,False,ce989f1533e653d024b528cbd95da156c293d2c4a813e73814fb2ef1e94b91a7
bigfi,1,1,twitter.com,0,False,220300e58292c3d55d564b0788ae83fbcd7bb1b362e8625a43291b6ae713ac6e
sheep,2,1,twitter.com,0,False,1da2b0d5408a2ec990fa02df710580cd89676723591b068165339ad3e21faa13
orion,3,2,numencyber.com|twitter.com,0,False,230018610c21d80d51f87ee5b73442005156617f01ca4fe6120bf470660824b6
poolz,1,1,twitter.com,0,False,bda1ee287e1e98d03ba4f9d84d1de72a3bfe16cc8fcf2398cfbb174bc4ca86d1
allbridge,2,1,twitter.com,0,False,9e6ba73f3f619cf65fc515389a80b649a51aa891855bd02aaed3938aad6973b1
dbw,2,1,twitter.com,0,False,2d5fb42b8fb902aed9674385117e519fbbd3c9e74f81b581634bf8b73703dc1b
axioma,1,1,twitter.com,0,False,d1f57ab5d65e3870792251bb781cb24374339cd2c271c583bcb8d369468509d7
olife,1,1,twitter.com,0,False,f45cb26ca206b4bde90938dde044e118066e680daef86e0ce52ad3c62684d22a
sushi_router,3,1,twitter.com,0,False,2f68d6a8ba91da88a2370a929db3676986a4819479ce27ecc2a31c56dd5f51aa
safemoon,1,1,twitter.com,0,False,2498c583ba177edc37f363e0b54f95dce073d9cbc59359a1f1664f38071aecf5
swapos,2,1,twitter.com,0,False,e94fd586bd17e469d11f7ab540aff87a6383b37a90ab987fdfff7a54b73bf3fe
yearnfinance,2,1,twitter.com,0,False,37a56741b1b475a56725fe36565ad21976ef7d726b4c6ac3aa334aefa6aeadc9
babydogecoin,1,1,twitter.com,0,False,f2cbefc8b122988a0ecb2a48794d7f5e6ab5a2843115be4493c3a46a8a5dd383
silo_finance,1,1,medium.com,0,False,9b884914f8626d2d99687e9e3de2268d1534ccdf70eaa31fbe6f3d47de80a7ec
bitpaidio,1,1,twitter.com,0,False,4683251ff02b948ca7e6f187c76773c1ea70e778b8de50a96b27635c4b31ac62
fapen,1,1,twitter.com,0,False,9903575470e05debdc8af3e0a6b38af77a955c68a506a6080e6e2db71618b7c7
erc20tokenbank,1,1,twitter.com,0,False,cc25142537541b03e2a2cde009662c1a89939a7dc5ea5167e2596c16860eb0c3
cs,2,1,twitter.com,0,False,b1eac141e6770456816aef704a422069bc7c3d9376ce88023f987f73d9e03c31
hodlcapital,2,2,explorer.phalcon.xyz|x.com,1,True,be2766c06367f10ee7018421cb76febad2cd6cc091b52344bac9938ab3a02e15
melo,1,1,twitter.com,0,False,1dc21648b7180b94668622e40e723ddb45f816a0b4db31f80c03b8227679254a
lw,2,1,twitter.com,0,False,49b6cafe686b7ed303e5c8fde8dcbd7aad87ef4c64f05c35cfd6166a6ee469de
multichaincapital,1,1,twitter.com,0,False,e9c51537d22eb98fbcac694db0e01fbd86720b900728569d4afbb877e3ecd65a
level,2,1,twitter.com,0,False,a8fb16f1411330e130d3de965ab9566abad2bed4494b479d532b26982bf317cf
sellc02,1,1,twitter.com,0,False,559eb4960b432d4fa1392e4d65cda28a014cefe0e6886c640cfd27582f00dcd9
neverfall,1,1,twitter.com,0,False,24887d71d881e9b3355abe95a52ecaa0d0c74111a215a55236b2edc74bf19ec4
sellc,2,1,twitter.com,0,False,924f1e34730cb2111ed37a8a768a7ddea30ac55a29e91ab340aea3daee14fbcd
selltoken,1,1,twitter.com,0,False,6852a28aadb71748b01358c5c5ecddfedfacbfff88805eab506ad83398787569
snk,1,1,twitter.com,0,False,164582ee842565517c67f992eb087dbae90c1c25f531e9c0ccee407de7f74bf6
bunn,1,1,twitter.com,0,False,a1bf8e860d6d88279b97d92e86cc3dd50fada2f0a5420c604e4257c427ca6a6a
babydogecoin02,1,1,twitter.com,0,False,3274443c97c0b04665c742a6dc2e8931686164c4c17094d6d6ce92e4b318746f
compounderfinance,1,1,twitter.com,0,False,7b7f23fad9d05da732c442a167795dff9925e20fb9fd35a7e51ceee315284d01
cellframe,1,1,twitter.com,0,False,22ee8da702b8ec402db2753585e434341c06afac1d5137b85dd787333536c903
biswap,1,1,twitter.com,0,False,2dbbab18564e61d8aafe54c973def4ca29776e7066596137b180fb6ba04aaedd
ddcoin,2,1,twitter.com,0,False,f54389af142259a1d51bfe6d43dee6fc3e2630eb614f674bffa8e09b53d529d4
mimspell,1,1,twitter.com,0,False,5588b17b13b02b52ec1d5dc496ee8f513ab1a96a29e0aa08fef4e1f025460eba
myai,1,1,x.com,0,False,26ab177fd8aa6159d63dc2dcf177a33812dc1f463cddc89c7e193751bce4ab6c
pawnfi,1,1,blog.solidityscan.com,0,False,abd97bbc4468d7f191f15759d29ba60c3e6de6f4fe1b1321caa6f89e54871295
sellc03,1,1,twitter.com,0,False,839b537d4aa211c9efda4aff91e88a02372dac45f571e651571af2b7155e80f4
depusdt_levusdc,1,1,twitter.com,0,False,6a971e7ce95ebc37b0bcb21a660b18ac4e244428132e8656d35c7d71996b6aaf
shido_2,2,1,twitter.com,0,False,02f500349f984568ee26a4a76e055cc50cee94249fb6cd64987772f0187ecf20
un,1,1,twitter.com,0,False,5e59953a48ff30c9425ea46eecccba2a7b34bea95cb1c670419d299b8e284700
vinu,1,1,twitter.com,0,False,7333d38d149657163985aec162e91b923b8c2dc1908977b70fffc7501213525e
sturdy,3,2,sturdyfinance.medium.com|twitter.com,0,False,08c49ad305591fa542ed64d287a0e685ac6065855a132ac2e3fe4e641f762e94
bno,1,1,twitter.com,0,False,2d18e200f289b7d72ff413afe5f914eedde0485a4acf79e2c6764c2247ac413f
apedao,1,1,twitter.com,0,False,c99bb520e3259748253f1c1e9e009d9c6768476d9c079b38ca973243badbcfa8
bamboo,2,1,twitter.com,0,False,c71d97c2735917906643a53564faea9d5a5805ca719ba7903fd7d4fb38be65d1
conic02,2,2,medium.com|twitter.com,0,False,cf3764f4bf28c89963a6b607dff63415f068aa0793595862d68f9bbfefe5d86f
bao,1,1,twitter.com,0,False,cb83300719c4e75f585516f21ddcd63ac49f1639611a086e0b6c78ee3dd65350
conic,2,2,medium.com|twitter.com,0,False,92faf7fca921c724faa4765490b269435efa0f219fc65bf10a8a8a0df73679b0
conic_2,2,2,medium.com|twitter.com,0,False,92faf7fca921c724faa4765490b269435efa0f219fc65bf10a8a8a0df73679b0
gymnet,1,1,twitter.com,0,False,d83705236c566e6d4bc746c7d9ec9e70e95fba4e11fdc324176dbd03d9522540
ffist,2,1,twitter.com,0,False,91117a056e2e76070a468985f0b482382a42f791ead704211d1644b8b87194b2
mintofinance,1,1,twitter.com,0,False,aba56dfc99b4e2a2467bd75f35a51d9efd2dd0eeb478472eadac1d73a8e4eaee
newfi,1,1,twitter.com,0,False,cb1487b55e66a8cc6f1141f460c6d0b2ef847804fe15fc2f69802176b33b80ba
usdtstakingcontract28,1,1,x.com,0,False,161cf06028a9979f51a35374287d6d6933d27c92fd9433282f7373f6636d32e0
utopia,2,1,twitter.com,0,False,47783ad47bdd3130ee1173942685b908e13fc6969fcc99f6bef4f5a79a3022f1
palmswap,1,1,twitter.com,0,False,f39a223dc58ce3fcffccdff63277c149a9b83e2401ebbd06b0dabc2683133178
sut,1,1,twitter.com,0,False,379dfcd9ba9b4c5d2a7b0887728c275c714ac9bece967d28d754d6f50894a17a
wgpt,2,1,twitter.com,0,False,aa3190bfdfa1fadc9310c4995070c4d31c2c4c651a3ecbaf779cda51492c7b3c
btc20,1,1,twitter.com,0,False,22b121acbfcc40154c0f0b48bf818e2f4561667799dd1d2dfb0320f73d3655ca
ehive,1,1,twitter.com,0,False,b90f303b9792c571423fdf6fa220a018f3664860d2b524f62b39f6b38fefc56b
balancer,2,2,blocksecteam.medium.com|medium.com,0,False,2874efeac1f3c130d422c24d482bf435af39a7b71926151d92f622c65c415660
eac,1,1,twitter.com,0,False,bc218962d9ef63f3067269968d51defc1f4697fe5b8bf49c19452d3c3506e6ef
earningfram,1,1,twitter.com,0,False,a3fcad17a2ae54c366de182933eab1c3d9da6f56c4e43f54fcfcae5b1549da60
leetswap,2,1,twitter.com,0,False,d45baeffbd8d4563718fe12155d11b46aa61b423de459a48dc6418be9cc3ee0a
uwerx,3,2,etherscan.io|twitter.com,1,True,543b26507e1d92c59fbbd12c55f643a672513fa1842572a45e2c7fe3007251a1
bfctoken,1,1,twitter.com,0,False,b56ad2e3b4b45b8a6c41e0d11b45ff86503c9df226cf61725c734618e17876c6
floordao,2,2,medium.com|twitter.com,0,False,f2773ef985532853a323b49018a6a4b5179f58faa0047bea333da99ede24e52b
heavensgate,1,1,explorer.phalcon.xyz,1,True,aa049f6cdd223fb06f152c2f09320a78f3fa35c374da4fc053a9b791699527e2
kub_split,1,1,twitter.com,0,False,c9c6d07740584932bd2016947c05ff9461413cd000452d86872ed8c1b51c4b1e
jumpfarm,1,1,twitter.com,0,False,0d0b062e1f0d40d4e6726d6175a56edd8cf39ac6144c15cfeea698f6448ea4c7
quantumwn,1,1,twitter.com,0,False,9fea35e24fa664c421d81962af5106dfdcad6cd39baa4ee715401d096783263a
uniclynft,1,1,twitter.com,0,False,0db0d6c9904687a9776a665c0520cd1a78c808142ec840b562f94e2f4cb60377
bh,2,1,twitter.com,0,False,d1106cb47b8157ac5f170d68d85ccd44b5f16f7588cf5d6e6c0dcd7c76d4fd18
depayrouter,1,1,twitter.com,0,False,678451b45a53f4ee384c87cc3134587e84b856c5e44a23003787abf1ad5908a3
astrid,1,1,twitter.com,0,False,1df4c4dc2d6d91e85e110d98993c38b3ee183c950028cddbdca2bdb4c36bc11e
hopelend,2,2,lunaray.medium.com|twitter.com,0,False,ac3363b2ee8827a619f153f254a699bb2ff1a671a64d2945ea708e69bd5e5908
openleverage,1,1,defimon.xyz,0,False,654f68a7a2afa70319c628bab97c627cb470f2f69b7a6e866b13a5689fc30f3d
zs,1,1,x.com,0,False,b503ee263e167bb1e9fc5c91e7df46904eb33a13d2a864d82f3035214dc0fbf4
wiselending,2,1,twitter.com,0,False,fe4ed68a0d11da3971450e0fc0bfe4d199e0e390deb63e1df86381c1747e3f10
pseudoeth,1,1,twitter.com,0,False,7367a892fb5af9fd9f54b20be34fbf9f07f2c20629b7196b40d75f65936feb46
ktaf,1,1,defimon.xyz,0,False,91ed447eedeac861483bcb32fe39cf0f028a35e3a80b97590af5d896965fb3b4
3913,1,1,defimon.xyz,0,False,20362fa28aa1bb400084b54890828ea4b8659ffc51d056fb6bba1172b04e8731
burntbubba,1,1,x.com,0,False,366337a679c5ba2ed9ef400c4d32ebc352b5fe185180f081b8914db6a7eada2b
fiberrouter,1,1,x.com,0,False,95e91dd1b0cd068b0894f826cee24f481cbae5f53f92b24d7f8f5720604ba795
carolprotocol,1,1,x.com,0,False,9033a03fb8b67fb19794406d2629035a33362c3189cedc26dc77bdb8cb78c188
ehx,1,1,x.com,0,False,a18c1d9fe7bf05d142752c8e0f8f37630c645e3812628dd1b9fefbc27a7b7fbf
mahalend,1,1,twitter.com,0,False,06a6d113019acfeb5d11061532075f5f388fa6e5707881f5ed656071edc3ced3
swampfinance,1,1,x.com,0,False,eb471c333ebe8db5610ae95946d94aed50d9c24c5cffc4db6f38a5d78fde763c
raft,1,1,twitter.com,0,False,cd2bdd74e5aee1be8cba6a272c1b7db7894120764fc783c363fdac039aff50fe
rbalancer,1,1,x.com,0,False,f98b66442523d7382a3a7b7768fa85a68ce5e95cf5aa81f7e5e42c6e811bd5f2
shibatoken,0,0,,0,False,b7cada09b59c506a4279b6085113710972cd4b2e987982fdf0cf8f66a2f23e9e
weco,1,1,x.com,0,False,14401dcdb399156770a4d9b4ffb98d2e2a6944a63b11fa8b97a631fe80020e24
thenftv2,1,1,x.com,0,False,19f81547a90b10e10774cc280d2fe983bd9e783d44d5a7e1c549a539e3c657de
onyxprotocol,3,2,defimon.xyz|twitter.com,0,False,7116148618bbe8823ac7a52bfaf220ce1b34c08acf031c7c8981600fbd92b5a2
bct,1,1,bscscan.com,1,True,d383d3e9c327db3e9d2a87f0fc215949e69191db48a244738eb1159f162ba6e7
trustpad,1,1,twitter.com,0,False,4d6b4d45d86c9c069ff296c83604a785dfcc737cd3d9b51d7a8bc3506f41a170
grok,1,1,twitter.com,0,False,e6dfdd6d17f539627a862d0a82813a66ea958dab84e88a02b14a2b1ac525fd46
goodcompound,1,1,getherscan.io,1,True,7dc5d204b5cb5a34028972db2983f76e1a720919fabdf794e811acb9d09a6488
bearndao,1,1,twitter.com,0,False,5dee561336da19644235b4f8c44cb6d54b8c7dde9d4fe0591286868da1ec2627
hypr,1,1,twitter.com,0,False,e3739679326c6468745c0daeac1cce1d40126fb342045cebba0b2f68c218a8c9
floorprotocol,3,3,defimon.xyz|protos.com|twitter.com,0,False,d552f58095a5c1b67278afdd5a9f1346ae00d63ce1b4de551a6e1b351e2523ad
xai,1,1,x.com,0,False,61aa313d22ea002b4b00c6a6de0a36276886e72679c6ddb006a2b8795deb1a33
mamo,1,1,bscscan.com,1,True,b179fe0d475faa52efde723526c07cfa6d03e48171fb2fddb5afc889107b6a26
gooddollar,1,1,twitter.com,0,False,6a95eea8103582c2f5632f1537abceaed8eff172c0887c3cc15a60354a1fd7d3
kest,1,1,x.com,0,False,99d06bdb5b484c933c76644cf093265b2be4def011b3434388bdd1481f20e471
nfttrader,3,1,twitter.com,0,False,55ef990ada51be5cab3dba4ee4608c297453af35b523388f7a3290b3bc02400f
pineprotocol,2,2,medium.com|twitter.com,0,False,88724faa3deeba2c694b22a6f2b8f554d6a452e55f7d5866e7fb67bbe517c669
cfc,1,1,twitter.com,0,False,77b3284608b7251b4ae0b068d00f1561974249a2e86071fcc807e3196eb56a83
shido,2,1,twitter.com,0,False,02f500349f984568ee26a4a76e055cc50cee94249fb6cd64987772f0187ecf20
paraspace,1,1,twitter.com,0,False,f76325e990b992d20458c0d86b7fa77bba088347856fc8cd9d4bb12e33b3dfc0
allbridge_2,2,1,twitter.com,0,False,9e6ba73f3f619cf65fc515389a80b649a51aa891855bd02aaed3938aad6973b1
lusd,1,1,twitter.com,0,False,548fa2554a015e3e4ac4533680e800fbfed217cea5fb939376b2e620239adfc3
gss,1,1,twitter.com,0,False,0122f962f73ed6d70d7072a745df25f84bcc6f37a84e727e4be922b835e36529
xsdwethpool,1,1,twitter.com,0,False,5171a72c631a0930c60cf394ca3b8b53732efe7023d737f87503743b37eb8dc8
laeeb,1,1,x.com,0,False,5d8182089bda62f6d5bf44380c6d651479cecf5301f21a488a6128e18fef824e
ais,1,1,twitter.com,0,False,201fb0e192b801dcf1d6a5bd5cb66779a4a53d0312239f571733153ff40c12c6
hct,1,1,twitter.com,0,False,9f533b702a0b779e816436d168cac8002a4e871939e3c2589b2e6b0e106533dc
lqdx_alert,1,1,twitter.com,0,False,d30061a939fbd172dd528982a413b74d964553eaf8a2aa841dbf758a368fee8e
bmizapper,1,1,x.com,0,False,3639359f34a51931ad664ca625decddd72117909a07861077bb648ff94277c3c
mic,1,1,x.com,0,False,949c8d012eb705b561f67c12fe8ae383cc1da5479537f8f136bc7ad1b38971ff
barleyfinance,3,3,app.blocksec.com|bitget.com|twitter.com,0,False,db29e517b67f809a29faeda998ccaf52c5c2cdbf28690ee42a52da070f9c0dbb
mimspell2,4,2,app.blocksec.com|twitter.com,0,False,7d204cc7ae208880f66356502374e7a7f0f35543be63f2bbaca9a9a8da3c9dd3
peapodsfinance,1,1,app.blocksec.com,1,True,c5deade4aaa511c50cb8d90d1504dd401639fdb69b10edcef3754925cfa6f6cf
wiselending02,1,1,twitter.com,0,False,50b2a0eee9425c4ead1268ef12814a6a8221bd166b4753b3889b49cacf3d3f14
socketgateway,2,1,twitter.com,0,False,2b4ce27886dead1cc4ae34b1a0a69a1ea6dd8104f38a47c8116ef22a96daefe4
wiselending03,1,1,twitter.com,0,False,50b2a0eee9425c4ead1268ef12814a6a8221bd166b4753b3889b49cacf3d3f14
xsij,1,1,x.com,0,False,c97b25d36a3fef48ca7bc8103e8c1d6e579339f997e43c74bb817ab44d6c87e4
adc,1,1,x.com,0,False,a6aa25024b5c3c0ca953e7b98316fd7bea7461755f9dd2af8526f13f007c4aa3
affinedefi,2,1,twitter.com,0,False,eb180fbd5bee6ef5019e8e555a2c17119054757202ebb0bf4a43a0dacaf00618
compounduni,1,1,twitter.com,0,False,ffcee63a14befeae862132a30476945ce2fde227a46721041038e0787bacfa20
burnsdefi,2,2,medium.com|twitter.com,0,False,265e1eac745e43e9ee9a6276b6b6ee88b14f5fe4d6df50467ee5f484defad84c
bob,1,1,bscscan.com,1,True,17f5d16399b99744915e61ff799b26570429e1006f523638a7966750b038ecb5
blueberryprotocol,1,1,twitter.com,0,False,60aabd122c2d8b0061099f513c14957a2e5da4068f4db46d6a27ca467556cc05
deeznutz404,0,0,,0,False,f6952ee7e82c2330ee34a5e0523ea1c385dd30587c5e8642f85c77ea465cd7b8
bzx2,1,1,x.com,0,False,9fc1c25f3ca0e8392d8d191c970f073b19918428eb969b4ed2297cb5018c42bf
game,1,1,twitter.com,0,False,94218a4c59634455733d1e133df7bc0e2f2748862665e422d3583a86c46770ca
dualpools,1,1,medium.com,0,False,bcaaf111f622e5eeae5e08b76b369ca38ef7be3bee6d3114848f7104456432d9
miner_bsc,1,1,app.blocksec.com,1,True,27d1222a244c0e8696cf08e8ac3f932d4a07a63c654a26fa0b5ea764e5747c47
particletrade,1,1,twitter.com,0,False,c17093906d9fddeb7232d9d0103a9478c8297d0a7f3a7cbcc76ce13c9f834755
pandora,1,1,twitter.com,0,False,16591f0b417fe89d668500391323f06f3915d4146bee27f6d215479ca4c7ceb0
ruggedart,1,1,twitter.com,0,False,b96e4beae540039d7e5eb0ee288ff680aeccac877eb67d614b67e34f9a989e54
miner,1,1,twitter.com,0,False,0775a94dcf7643f9030636f2a55469244d0a21be30cdce0696e51ed46424a1bd
seneca,1,1,twitter.com,0,False,b05abcad1d388f6ff123057d5f2c3487ce8e1eec7726cd59dbbee28367ebe03c
alp,0,0,,0,False,0de79cc11a059ace9aefeb2886e4c5ffb713f2bb9621c23cb169bbba910783bd
ethfin,1,1,app.blocksec.com,1,True,f01386ab0de755e57cfd0f723a643a2e766247e7fcafcb7f81cb5b11143c8a61
ark,1,1,twitter.com,0,False,e50a7bb3c2733107603adfed5372d02745bd5174cb3fdd84c7e6353a471e22c9
bbt,1,1,x.com,0,False,9f2f49493c72fe8ff43d79ef586532411912c67d0983cfb540131258f49b21da
binemon,1,1,app.blocksec.com,1,True,e8a887a999b4b3b770c4e49747a6390331349d4a954b8ab626726e5a4c9039a1
juice,1,1,medium.com,0,False,edf95975a839530d3698c70183349a2307d95b1085ccd96ab1b1ddac7ed034be
tgbs,1,1,twitter.com,0,False,dada65ea568337224ab95364259cae8ae28d0a3c01c7af53d4e10f0632ab8863
atm,0,0,,0,False,95cee1d24d8650f9da0c59a2a9aff8afbd3fdd0f132af668b75a59c276d78c2e
chaingefinance,1,1,twitter.com,0,False,7177e57a26a75280777bdd502119c6fb1d38129c8dcb82e0eadb355285b1e5da
fil314,0,0,,0,False,19e1ba93150df827693daea4c2be72ca054e7604db321bcee0f958405e98cbd2
gfa,1,1,x.com,0,False,858e84f822ad2f3a83fe2fb90327c14e4d0b69f1378e126433c6d807044c7072
hackathon,1,1,x.com,0,False,b5624d43a70c90edbd8c0bd3d1f0371f59b3cb0e663515cc394e09736f6d6fbb
hoppyfrogerc,1,1,x.com,0,False,bf3fd47a10acdd2313a5c52a3c1e2043ba7f7f250781dcd166ed5a2a7824c939
hedgeyfinance,1,1,twitter.com,0,False,da054823043fabcbaea1af2633f5fbfd808347c1eed7abc0810e4f2d10ddff04
ngfs,1,1,twitter.com,0,False,cdc98e342b5f20196760b8f3f3fa386d8ace8de704cd4376f967a19581aea5ff
satx,1,1,x.com,0,False,175d3783beef60cdcf7797db25f9faa90f4ff8539e9df558f3bb259ec23aa21a
squid,1,1,twitter.com,0,False,9aeb0332c8dd2dcc094ae6b2e1d3d8e3ea2429456e4b640a45aea0a323a2fc94
ups,0,0,,0,False,51f78c033326ec8fd168324bd0ac45d36c26d4f1f940e092aad883cd7af4b139
openleverage2,0,0,,0,False,8928afa376159d465de3d9059561b81929a7a6678a01ddfd9373bddab7bfc12a
wsm,1,1,hacked.slowmist.io,0,False,6ebf183070e1711164de4a9e5441d20d49ab6642ebfb907bbad78b3ab459f279
z123,1,1,twitter.com,0,False,e6a272d372505fb0eb121b5577cad10ae7ee0fe1346ec4cc2ff01c9d29be86b5
yiedl,0,0,,0,False,76033ec824db565b5b708643aaf40a4d7a0541b1c1fb24f9c12e012870dc58b7
burner,0,0,,0,False,9dd327b708361039ad9eae2dc3d7fcf60cbf785ebdb2c4212f6a6a3c93a1493a
excommunity,1,1,x.com,0,False,26d6230ac9333918e343cfd541228c24d7433528e51810166077f16609a20473
sumermoney,0,0,,0,False,6cc89722848c536bcd753f43891230e7b3a988e74cdc7d55656ff1fc0078e409
metadragon,1,1,x.com,0,False,1e9b3302b8ae889be71e7956627b95c3c1ab4311ce3571bab3ad4d931b13ebd2
gpu,1,1,twitter.com,0,False,027e56e1e787248ceae2146fecdfdac737957ba29b3ebceb2270e2aaee7c6622
liquiditytokens,1,1,x.com,0,False,a4cea0dac6a525cc4a4cce0b03ddd11e80fcb5432ec49be30d50c2300f1584ae
redkeyscoin,0,0,,0,False,672316711fec40f5ea6c201714b27271557d853c8e4ab5fcd177a9e7d3210d23
normie,1,1,x.com,0,False,1668476350face84c4047a54866f1d20196edb0343f825c46251fd24fff24262
osn,1,1,twitter.com,0,False,878a5450867bc251fd18574d2e3f1a024904b760638fb6c3d600f58ca029b29e
tsuru,1,1,base.tsuru.wtf,0,False,607e6288b33aa05c4c1e86e9ee60b010e010f81d934b22d13ecbb02d6185dde0
apemaga,1,1,x.com,0,False,1cc128736e14561a77c3b37726783777bcab7d3d2a38aa2eafa21d68ef076c79
crb2,0,0,,0,False,d4776b2c0dd3e41c587fb086e813a82db68119563fed2cb7d67be2fad17ea62b
incufi,0,0,,0,False,6250ecba3d8bd005ba1e2ac25a675355ca4c85f81f40c89b9498b2ba1c9d56fb
ncd,1,1,x.com,0,False,6f85029f0b72cbbaa1d0fc7fbb5c18028f0421d573a709a115fe205e2ef5777b
tradeonorion,1,1,x.com,0,False,ee395b7b8664604d26884bba4950beb883014e652e33621ab703f2e428213d69
dyson_money,0,0,,0,False,6b70b83131463d105ba87674979eb794bf78d0434383b305cfcdbc206f5f160a
steamswap,1,1,x.com,0,False,865b131d37abdd3846e5b68ace04d63088c6bd7499aac7910abb432badb87bbe
wifcoin_eth,1,1,x.com,0,False,02e5f7cd9678ba36d0bafc211d04a7af173bf52b2902e344ab64554d4d14f45d
jokinthebox,0,0,,0,False,5f333e23531dbcee19db71cc3769d32f1c42dd82ba38dbf97100e7a86fe6bf61
minestm,0,0,,0,False,05d9d847af27f132d31bcedb1a64626b948ace826f48da0b88ba16b91587cc7e
will,0,0,,0,False,16d88ba48c4ac6c996656b8ca27e6b2073306268e38ddfcc41f9d4646377261a
lifiprotocol,1,1,x.com,0,False,e8e121d5de7030d1d274a4972ebd892379d40c8837495806c74495f2a9274b4d
uwulend_first,1,1,x.com,0,False,7e27bb03655f190748615cafa04070180604951c35d0f02142118ca72f5ed9d1
lw2,0,0,,0,False,562c2bf8251f39c743b041c6b3317e9ce092efcd8a832b03b709dcaef35dd5da
uwulend_second,1,1,x.com,0,False,7e27bb03655f190748615cafa04070180604951c35d0f02142118ca72f5ed9d1
doughfina,1,1,x.com,0,False,2335acf0887a379586c363fec975ab864083cce6a7c2c3a8ad7fbedb715b8130
mrp,0,0,,0,False,e060c2a1d41dd6c4682fc33ab0cb9e7939af9badf6cc1d0f328cda0621ffa293
defiplaza,1,1,x.com,0,False,2d8afd77adac1ebdad1aeb4157172d3a0f28b5d2d79d1dfe49808a1b97d6b8f5
sbt,0,0,,0,False,17405e0bf5a7276d789d4514a7423a4b31e180f06ff259581982046810c6efc3
yodlrouter,0,0,,0,False,36acc17e9643c2cee1d7676b67516a6e87845f34933179f859fcd4b5de32b665
ompxcontract,0,0,,0,False,ad9ffb6dea1f9d35dbdc975d55d68981e8b91afebeb3862781d6042c530da459
ivestdao,1,1,x.com,0,False,3e9d05606143ba2e59f912faca07eac1de876f180a999935f818fd4d5588d987
spectra_finance,1,1,x.com,0,False,87023fdb4a96cd88d008c1da77ba300aff39d330f447d3aaa157166628821278
zenterest,0,0,,0,False,2a448a612293c9d84ff9cbe27ad819a7d38ad525d20b1906a248715619aed9ad
convergence,1,1,x.com,0,False,b8311c732b7cebbbb253467cc6bdb4cc1cbc33dedae240f24d6305d42124358e
bankroll,1,1,x.com,0,False,3c39a86665ecc26c9982889d59c366c58a1bdf8a29ae0c6b4be700b22fbc8666
caterpillar_coin_cut,1,1,certik.com,0,False,cf32cd5a5a6b4da42050cc415153314d929909395b95937ca1248f0c79b71774
otseastaking,0,0,,0,False,658f99af8543e5f9c74db757b63c9621b283f8d91aed1805b3a1f953901553e9
bedrock_defi,2,2,bscscan.com|x.com,1,True,9aa197eace1fcf522dfd1ee2eebc75a566d3b810cb51e7b136536c595df81301
aizpttoken,0,0,,0,False,72807c8cebe2203904864485f9f63f2014d9c4a22a65b77ffbae3fd31b5786ac
onyxdao,1,1,x.com,0,False,9313f6a01a70788eb7e77125e1eb2cf6cd2391d272fec34298301bd064e99f73
firetoken,0,0,,0,False,6a099adc701f693ef503888008c6d702fd8ede71d6ddbb4d14f8845bf61f566c
hydt,1,1,x.com,0,False,d03b733d95e5e35cab9dba563e3ecb4185c482f5b3b124ebcce29958df36e9fa
sashatoken,0,0,,0,False,ff95f733a3492e41e8a2411bcfdcba000fe21f3315c857351d3d8c346b3b903a
morphoblue,1,1,x.com,0,False,d183dfa70752be760bff13a307b62b2dd981f393011e68cb3abffe1f99a43fa8
penpiexyzio,4,1,x.com,0,False,718b51fd914b292ad81f374f7b05f598beb46923d3d6438ea5bf80ed0aa91bac
vista,1,1,x.com,0,False,f7ec459e7280d79f1fa7ab6dd7bc9ad362da13664762a503ad3aec7309b64cd9
labubu,1,1,x.com,0,False,19e682e9dfe45d9fa00557e81932420636f4a0abfa95a4b365c985496020ff07
pledge,1,1,x.com,0,False,bbd7857a04b61866f20b3ae8c1b80afc2339103d3359a42af7253db0c510a94b
veth,1,1,x.com,0,False,fc813b43840d85f7d8d31498638a4b8e2ab8afb5d76cd912d0b9d119fb604418
gain,0,0,,0,False,8481bf88380d95cfcd6dd0107aceb38157f92251d744f439b8d8322b5a858b82
it,0,0,,0,False,24b3ff5aa8ea66c76b0175a2eb51abdd7641c659bb0e57687f8f765b165ca5bc
cloberdex,1,1,x.com,0,False,30394d79e505bad575a4eab456ad11a0e72a8b0db7dbae41a6053522f0f35850
98_token,1,1,x.com,0,False,d7cab897fa212182e113a8929d53405302ae17d87f7911c1e92e29a44c417d82
ast,1,1,medium.com,0,False,7b7a89fd412d9b417ccc04f2de16350b219139c4e166ff7202a34b4a7e9aae50
ipc,1,1,x.com,0,False,ddc79cd55c305763b5718c12d1e60770fa5b11982bab363fd06156b14c7cb62a
xbridge,0,0,,0,False,70e2ab58742aaf9a4e662227327ef2ae7b16b5e08895955bd63d80b4c12066b9
idols_nft,1,1,x.com,0,False,868b9be18a0789554d921c0844e28292c78530ef4c77e73c58e41c2895ef3742
j_pulsepot,1,1,x.com,0,False,3ee5050bda4d0e1f19bba7164803941d3b2da80284574919148fa049305d9bf3
lp_mine,1,1,x.com,0,False,ec6abfb622ba7cade51ab49c3950a4d05f635e22cd6da425fb166d0a96b3ba0b
laura_token,1,1,x.com,0,False,72269dc14a594a1f4452e72d8ea001033d3f1be142f70f99b4027eafc10a0124
mosca2,1,1,x.com,0,False,70bb53ada5ecbb7f223462e11d68819d493a025d0fc4181128e2a89cfe49358b
roulette_pot_v2,1,1,x.com,0,False,310131f5e2fe880e77c795bd5b8dd0eaf979778a71f68e90b67e1720c300dcb4
mosca,0,0,,0,False,031f9fa4dfe59c92fb254ee28043c78e1b726a847fbdbb7eb3339c96b1e6a2b5
unilend,1,1,slowmist.medium.com,0,False,8b1235715702a6ae2a395a08d4488b218dabd360ec651856bf11719a1229d1e6
sorra_staking,1,1,x.com,0,False,72a50ee9c275149333cffe99d7b140ed1c513f1e9e1e6e6dbf77a36c06971c18
hegic_options,0,0,,0,False,3c5be337e658080d19945815a4acf5adce8c404702901f9e3a3c48f7a173333c
bbx_token,1,1,x.com,0,False,7a596dfc7f7a7ad38424153f28bee003ce1597d2b2e33f59b7f5030d4d628d5d
alkimiya_io,1,1,x.com,0,False,3fae7e8ac1496e86223530df97c7bc816a2095404217ea01bd2e6db853d4db42
dcf_token,1,1,x.com,0,False,2cceae84d4d22dec183db761411df55b7c469d510ece8fcd3fd55973d0b0a91b
h2o,1,1,x.com,0,False,e04619f112b171c057a18685bf25f254c2c0f75f4324ac7e0ef535c288b06430
one_inch_fusion_v1_settlement_hack,1,1,blog.decurity.io,0,False,c0e73fc9ba355b62bc560d2500f911f82ebe98ec7f52c7207c5ac3be26e252b2
uni,1,1,x.com,0,False,6b31614b83fddc60c8a340f80c4f42c9fd5b4bff989d430596b100e6397fa167
pump,1,1,x.com,0,False,fc2f2cdffec0ec51c4ae3a2e29e5deb1d0fce361ccb8fd7f569c0f526660743c
yzi_ai_token,1,1,x.com,0,False,40b9f5217525ed17be6ee0941c1345c8f752f4d1dbf543b943c3d22018b74ecb
btnft,1,1,x.com,0,False,fa981b293f7e9d358d5a6f8216bfbd98bfe1b7ebf616d72d04b5e4e0fa161273
lifeprotocol,1,1,x.com,0,False,e1faccda5bff74461c84c1bfde7a75781382f17ee9699a67d98ca046abda2277
w_key_dao,1,1,x.com,0,False,08b9cc6c8bbb81a82d7e3a613773bb8c5d1e9753e406079010d28524e7504c0d
irys_ai,1,1,x.com,0,False,2c35d2c1397633cd9944e9d941c9f3aeec3f392166f4f97eb8f3f517a4c6841a
krc_token_pair,1,1,x.com,0,False,68ca49b7b394795a6e23aa81647e2241177135da090857b73976cd82755e9263
ydt_token,1,1,x.com,0,False,ff0f4c88f1d45384f5f7b78f1a8b7831af818f893dda537f8fbba0c6d087ca8b
aave_boost,1,1,x.com,0,False,74d7d330347502a2dbcdfaaddd850f3ae98c9dc9429a81679f2c8c859b27dd69
usual_money,1,1,x.com,0,False,34ef2701e724d343ca2baba110514c4767a6eed9978461500dde7c8d7f3f17b7
bankroll_network,1,1,x.com,0,False,327bf3cd443ea430ba68422dbd8cc422628addaca9efbdca3694a975b09c4cd1
bankroll_stack,0,0,,0,False,e91a6652ba97314bbdc6d92f2eccd85dd7bf20be172d47ca45491c3c72d2e58c
gangsterfinance,1,1,t.me,0,False,baa0f2c2134ef6738578bf18ceb471d7dd9687170ab7de7fa6f360562b45ea6e
gradient_maker_pool,1,1,t.me,0,False,80325a42bce63c4a8d42c098e71f7c71997a99f0bfd6283a04966b1ae295d8e1
resupply_fi,1,1,x.com,0,False,37ec9d57ee20099707c557a21daf7c4dadd7235e6de1408b9b96cb980421696c
fpc,1,1,x.com,0,False,faab9558aca606fac98dead93ef37b59a55acdf63bf0fe991966e4fd88cfc60e
meta_pool,1,1,x.com,0,False,6488e54ab448d35c1cc6772ca8b9c354721cba5273631dc569eed1b1c0d9e0f2
multicall_with_eth,0,0,,0,False,22e73698911b6cd456118a566e0b5ddece2b9e7defebea99680701d9070d7e2b
rant_token,2,1,x.com,0,False,42c9dfc3539948eff7d589cd59d879163020e3d8462343776b80b42f9329b4cc
swapp_staking,1,1,x.com,0,False,e97c7209a78e10c67dc32776dab9db5078811a1918f43419341b3bb935852e2c
stepp2p,1,1,x.com,0,False,85cc9dd27d13f97d2ca212b7c15e4cabaf13a6c77ae2e6c65ddda9ffdc2668f2
abcc_app,1,1,x.com,0,False,191c4358b620a824bc91ec0f61d42b889fcd1400d64dc9304649c348cc66ed08
grizzifi,1,1,x.com,0,False,a4ea865cb526c45e99f892fe9bc81a317a3e5ac8f59714be222a1511c830cd2a
hexotic,1,1,t.me,0,False,03be5bc6713f79673187842cfba7e4e83a030915ca5a31d8ab02bc52cfc8fe6f
multicall_with_xera,1,1,x.com,0,False,287791b78eeddaf68d34134a19dbe1ed0aa6b70e77643c02c89aaef1b44370a4
pdz,1,1,x.com,0,False,14d7899b0f759905857996a3f567b9eeb968588de7966661cd6cd811fcda2087
size_credit,1,1,x.com,0,False,a0697c79c1d7b372a44805a85ce7b120686e946caca56e5748b803be2c328244
mim_spell3,1,1,x.com,0,False,9350c2c30f8f0aeeb3861f0101447586179cc71daacffb0b5af0b336f6a0918b
prxvt,5,3,book.getfoundry.sh|github.com|x.com,0,False,57697fd15baa86700a16f2b49bb8ec5426225bf76709ec9ae98bebd29b40cd64
truebit,1,1,certik.com,0,False,669c6b7030c49f285a5bb75c3e322a01c790aefa74c7227262a115eff585e049
mttoken,2,1,x.com,0,False,8b426ae0f356aa0cf3a92e974c64cd9e0e5ab0c4f7d085c257c4fde313396aa4
synaplogic,4,1,x.com,0,False,095cfb4d88c5fd72946d211ac489afaca9274134fda74d7ece0dbf2825bb5e55
makina,3,1,x.com,0,False,b7451113225462d8efc9dad7190e230e03838e0717cd85888a2657d480916ac2
moonwell,2,2,halborn.com|x.com,0,False,c8cd6b62d65e95dc4652d82b503ef54b45fe3ce22eb9cf23b0725d44cd090be5
laxo_token,1,1,x.com,0,False,94135b68846d6daebe6329c49a8008f89f9a1e0d4d6dd866073cc807f1cb743b
curve_llamalend,1,1,x.com,0,False,a9d92e0a4e28ff120c0f4565e6993a44b3e4da3ddf44bb0bdd442630ca6fede9
alkemi_earn,1,1,x.com,0,False,aaa1d6e33055c30a099f54a19913a83dbc55e9ea6dcea9a910b72c7b37fa373c
venus_the,1,1,bscscan.com,1,True,0c2a3805ebc0bad3c52911cdd15bffc0384f339dcd7c7d2708ab7b5f411e7b26
futureswap,1,1,x.com,0,False,861b38b464ba5520b3ac5295c4763b0a5f3a477bc63f6e32f82b60a533d5a9f4
est,1,1,bscscan.com,0,False,cdca6d55c31db9b4fb2eaa5e627cd2b80177fb3488d3cf59357bd48bdd4ccdeb
