case_name,chain,incident_date,event_observed,event_type,outcome_evidence_sha256,prediction_cutoff_time,followup_days,censoring_status
bancor,ethereum,2020-06-18,1,publicly_documented_exploit_incident,12e769362c1be3988caf52c51ee183a7013887915f0bf8dccff261ab8b849737,,,event_observed_but_time_from_cutoff_pending_deployment_evidence
opyn,ethereum,2020-08-04,1,publicly_documented_exploit_incident,1a0143eddb168a6b6e718dd3f5a498429851eb5c198743f2b4c666b645a585ed,,,event_observed_but_time_from_cutoff_pending_deployment_evidence
bzx,ethereum,2020-09-12,1,publicly_documented_exploit_incident,c1757886f5994b885b6fb157b5a4976ef009ba0a86633e2a73a8817e0b872a24,,,event_observed_but_time_from_cutoff_pending_deployment_evidence
cover,ethereum,2020-12-29,1,publicly_documented_exploit_incident,092f869ecaf110a83300555d4e398c4f08a8e4b38f93fd479f97051f43bc0129,,,event_observed_but_time_from_cutoff_pending_deployment_evidence
pickle,ethereum,2020-11-21,1,publicly_documented_exploit_incident,a60badf8ba8b49d7a818d8faba95f5f92214542caff298ac5a90b3ccdca24be9,,,event_observed_but_time_from_cutoff_pending_deployment_evidence
harvestfinance,ethereum,2020-10-26,1,publicly_documented_exploit_incident,c41b70ddd318d13aaad01c2ebd818fb9f75d6e6f8efb1b1c53810f7555c3ef9a,,,event_observed_but_time_from_cutoff_pending_deployment_evidence
sushi_badger_digg,ethereum,2021-01-25,1,publicly_documented_exploit_incident,6cc76f4b0a801f0f122487a783e4e2c3b59a2fb508f651b6ead428f2cfd64ad7,,,event_observed_but_time_from_cutoff_pending_deployment_evidence
lendfme,ethereum,2020-04-19,1,publicly_documented_exploit_incident,e677aa96067ef58ffc2bfdf68f5648eb770e9cd210e39d3ed6eb2de7cb477191,,,event_observed_but_time_from_cutoff_pending_deployment_evidence
yearn_ydai,ethereum,2021-02-04,1,publicly_documented_exploit_incident,089690c08fc86910dc446f979c46e99708d6ddce64e4303b043f4387d8cc8df8,,,event_observed_but_time_from_cutoff_pending_deployment_evidence
uranium,bsc,2021-04-28,1,publicly_documented_exploit_incident,9d3eb5e27031d69b5e57b9f3040bd23c3bfd10c631389c6b250f9f8f3d98d7fd,,,event_observed_but_time_from_cutoff_pending_deployment_evidence
spartan,bsc,2021-05-02,1,publicly_documented_exploit_incident,1e131cb812e4acd651d55f9cefaae8ca2216a72785cadcbd19e7d66491a453f6,,,event_observed_but_time_from_cutoff_pending_deployment_evidence
dodo_flashloan,ethereum,2021-03-08,1,publicly_documented_exploit_incident,e74bcf9627e666abcc1dd105229c09bd34d85b635197b7580cedb3c48eed0246,,,event_observed_but_time_from_cutoff_pending_deployment_evidence
pancakebunny,bsc,2021-05-19,1,publicly_documented_exploit_incident,baf63791a4277f87d91ddc0567f2b55ffda4a381f3294e1a8b8b6b891a7836ff,,,event_observed_but_time_from_cutoff_pending_deployment_evidence
burgerswap,bsc,2021-05-27,1,publicly_documented_exploit_incident,63e826cb9881b371ac3674c38a3a8b812dbb7807ef3c75978eb8b6e3dd255630,,,event_observed_but_time_from_cutoff_pending_deployment_evidence
88mph,ethereum,2021-06-07,1,publicly_documented_exploit_incident,4451139dfa098f690604a55207330189bd34c454b39867257c40110ef5f8f71a,,,event_observed_but_time_from_cutoff_pending_deployment_evidence
eleven,bsc,2021-06-22,1,publicly_documented_exploit_incident,5ffd3ed363cfbe0e373320610197f27c34e430107e5366516a6dfb3ca245b549,,,event_observed_but_time_from_cutoff_pending_deployment_evidence
xwin,bsc,2021-06-25,1,publicly_documented_exploit_incident,9aa89bc4c360d07aa0711f47b8f5b59db465dc22d8f306bc5315b5977a993395,,,event_observed_but_time_from_cutoff_pending_deployment_evidence
cream,ethereum,2021-08-30,1,publicly_documented_exploit_incident,7eb8399ca0ec2a1f3c1f751a139eb23c890e45ed189ed42cb86f3c8e2e987194,,,event_observed_but_time_from_cutoff_pending_deployment_evidence
xsurge,bsc,2021-08-17,1,publicly_documented_exploit_incident,4f6037b245cd4ce4e5c660dce57cef491cd19921f8610fd9948f5b496bf6d1aa,,,event_observed_but_time_from_cutoff_pending_deployment_evidence
nowswap,ethereum,2021-09-15,1,publicly_documented_exploit_incident,1cf9f8da8125f234890449362de85fb1b390e41dc8287302242423b36ef935f7,,,event_observed_but_time_from_cutoff_pending_deployment_evidence
nimbus,ethereum,2021-09-15,1,publicly_documented_exploit_incident,360fd55e367d0f5ee34eca04acb003298f83f95c9fda4d4098810ae84a16d73e,,,event_observed_but_time_from_cutoff_pending_deployment_evidence
waultfinance,bsc,2021-08-04,1,publicly_documented_exploit_incident,320f1be574bb2e5f6bf78c522759e7164148a5238854b7e77a70674f85db1070,,,event_observed_but_time_from_cutoff_pending_deployment_evidence
sushimiso,ethereum,2021-09-16,1,publicly_documented_exploit_incident,4103dc779de5b388c14c86f7e5dcfef58c7ceaabecac89af2dec0cd05f5b1415,,,event_observed_but_time_from_cutoff_pending_deployment_evidence
balancer_20200628,ethereum,2020-06-28,1,publicly_documented_exploit_incident,cff6c4627717d0667b3d6ecc390f2da2c0f3c61c6ed558a40bf841b4f98fe071,,,event_observed_but_time_from_cutoff_pending_deployment_evidence
mono,ethereum,2021-11-30,1,publicly_documented_exploit_incident,9cd973d11f8ed1476098b090748f544d24666be4e5b92bc1afeb421b3acdd613,,,event_observed_but_time_from_cutoff_pending_deployment_evidence
ploutoz,bsc,2021-11-23,1,publicly_documented_exploit_incident,f016e278ccd20466d1c44ecf3252729611d6ed2f3adcdd5cc925aa429fbc06d5,,,event_observed_but_time_from_cutoff_pending_deployment_evidence
nervebridge,bsc,2021-12-14,1,publicly_documented_exploit_incident,dece0a59673e8a0b9d944e2fcd67cd2b5d5239e4cb05e2b2729b09227a85a2d9,,,event_observed_but_time_from_cutoff_pending_deployment_evidence
indexedfinance,ethereum,2021-10-15,1,publicly_documented_exploit_incident,abff0f9940c92bfd88c9e82d7635f75ccf5764ace19a5f5e9c4cd4b956e55487,,,event_observed_but_time_from_cutoff_pending_deployment_evidence
visor,ethereum,2021-12-21,1,publicly_documented_exploit_incident,57608208f426b1549e7143e045cdcb5c8a3b867e37bcb5efc1392972450cc86e,,,event_observed_but_time_from_cutoff_pending_deployment_evidence
julswap,bsc,2021-05-27,1,publicly_documented_exploit_incident,78404b116f80b9ab51f5cb3ac92b2df41ae1cf804c432dcd98d241844b780f35,,,event_observed_but_time_from_cutoff_pending_deployment_evidence
pancakehunny,bsc,2021-06-03,1,publicly_documented_exploit_incident,5cb67b48f7a41c216434ae429a489c490ed20fd197e82c07d18a19c4849ebf43,,,event_observed_but_time_from_cutoff_pending_deployment_evidence
valuedefi,bsc,2021-05-08,1,publicly_documented_exploit_incident,7d78083794faec03af1482a8b998008684c65c30acb511987f8185adfe9bce7a,,,event_observed_but_time_from_cutoff_pending_deployment_evidence
tecraspace,ethereum,2022-02-04,1,publicly_documented_exploit_incident,8dcc6cf14da53d18c0dffbe05975ae19cdbb89258d900603f38bd288d7068f77,,,event_observed_but_time_from_cutoff_pending_deployment_evidence
sandbox,ethereum,2022-02-08,1,publicly_documented_exploit_incident,ea64f46e2fff8fae01b0e05861d701df420f54d3860838a780ff19c9b45cd38a,,,event_observed_but_time_from_cutoff_pending_deployment_evidence
compoundtusd,ethereum,2022-03-22,1,publicly_documented_exploit_incident,ac5eaa0ad8052973e9e01fb663f70c77e9001defccbcbad78bbc098a269ac35e,,,event_observed_but_time_from_cutoff_pending_deployment_evidence
bearn,bsc,2021-05-16,1,publicly_documented_exploit_incident,9ed3b8cb1b7fc21c248e7e2df5c1700288d1ff0847766c32554a1ada5bb9e39e,,,event_observed_but_time_from_cutoff_pending_deployment_evidence
anyswap,ethereum,2022-01-18,1,publicly_documented_exploit_incident,77860e9a02b9d1b78a1dd3749b28c3ff90bf9351a92a266d527389790e9bf2a6,,,event_observed_but_time_from_cutoff_pending_deployment_evidence
auctus,ethereum,2022-03-26,1,publicly_documented_exploit_incident,f7eac2bb75803bc24ee13d8d49f11db7ecc7b5c5f45fde7d1c6c9cd88fdda442,,,event_observed_but_time_from_cutoff_pending_deployment_evidence
paraluni,bsc,2022-03-13,1,publicly_documented_exploit_incident,9afc49f7b502ddc859eb73df6ad44cc8f1978b85a461bd671cda557d2a71d35d,,,event_observed_but_time_from_cutoff_pending_deployment_evidence
qubit,ethereum,2022-01-28,1,publicly_documented_exploit_incident,0f00e16a4a5b3ca0999697aa87fe5dca6316af20fddc2f9328ce37176b896972,,,event_observed_but_time_from_cutoff_pending_deployment_evidence
revest,ethereum,2022-03-27,1,publicly_documented_exploit_incident,88ae5e0c370c7e71164bf483fef14d13427ddda22572679a18b40123ff9d504d,,,event_observed_but_time_from_cutoff_pending_deployment_evidence
umbrella,ethereum,2022-03-20,1,publicly_documented_exploit_incident,d2b545485a2576c627b6163d1b888de767cc3eb51fb52f4e390490d24c8d9900,,,event_observed_but_time_from_cutoff_pending_deployment_evidence
cream_2,ethereum,2021-10-27,1,publicly_documented_exploit_incident,1d701117ac3bc86137daa8d8de96c3bae95c064e19be5ee80d1e5ebbfb1bb0ae,,,event_observed_but_time_from_cutoff_pending_deployment_evidence
akutarnft,ethereum,2022-04-23,1,publicly_documented_exploit_incident,9d1f7e9a307cec973ffd61b64f153f67af7aefa72480ca01dd85649d26d626e7,,,event_observed_but_time_from_cutoff_pending_deployment_evidence
rikkei,bsc,2022-04-15,1,publicly_documented_exploit_incident,c85629486d43f7118174c99849721d472720c1f818639919c84a8eb795cc1a25,,,event_observed_but_time_from_cutoff_pending_deployment_evidence
gym_1,bsc,2022-04-09,1,publicly_documented_exploit_incident,f06c052bbed028dedfbce1e3573459fba13ecb030f95eeb27b06eaae14b9c7cb,,,event_observed_but_time_from_cutoff_pending_deployment_evidence
cftoken,bsc,2022-04-11,1,publicly_documented_exploit_incident,ef7aed77f0e27a0eba086a9d55b0a8defb7987fbb448c069472426995eb8aa43,,,event_observed_but_time_from_cutoff_pending_deployment_evidence
rari,ethereum,2022-04-30,1,publicly_documented_exploit_incident,bfdd6ad4dd398e473d0b99c4932aea070edf3d71517f6371def560e0ba3e6421,,,event_observed_but_time_from_cutoff_pending_deployment_evidence
wdoge,bsc,2022-04-24,1,publicly_documented_exploit_incident,e3d5bf554f1f7886a068cfb63775d3ac3b2f0d2a810d5c9a10348df718f2eaaa,,,event_observed_but_time_from_cutoff_pending_deployment_evidence
zeed,bsc,2022-04-21,1,publicly_documented_exploit_incident,10d5d85a1d88c996ee2a736abc651bf9c2c782d201e43cea87beaefff942724f,,,event_observed_but_time_from_cutoff_pending_deployment_evidence
bayc_apecoin,ethereum,2022-05-17,1,publicly_documented_exploit_incident,5fea314c8aa1c5d6be50e46582b4cd6e7c251019ff21bba772a724bf355614ca,,,event_observed_but_time_from_cutoff_pending_deployment_evidence
saddle,ethereum,2022-04-30,1,publicly_documented_exploit_incident,cd185764b578e3785166a873b0e69b31c47f673aecf81d03316fdb06e58094be,,,event_observed_but_time_from_cutoff_pending_deployment_evidence
discover,bsc,2022-06-06,1,publicly_documented_exploit_incident,1bbd267da672f036dcb9cc6a5ccfd9125e402490153ded9ee9e6077892e33b65,,,event_observed_but_time_from_cutoff_pending_deployment_evidence
hackdao,bsc,2022-05-24,1,publicly_documented_exploit_incident,7d0cc52ff2fd2f99672ff48476b9c21fa5a99820b342fed48eb46b2a5acba657,,,event_observed_but_time_from_cutoff_pending_deployment_evidence
inversefinance,ethereum,2022-06-16,1,publicly_documented_exploit_incident,565fe7dc83f785bb37b0d4a80b20879d5d6d810a44db5cf0bb79ed142b3743ba,,,event_observed_but_time_from_cutoff_pending_deployment_evidence
gym_2,bsc,2022-06-08,1,publicly_documented_exploit_incident,8fcc505a028f0a841ea7fbcb5965f7ef30463ae7e5022b0723605c4461c74cdf,,,event_observed_but_time_from_cutoff_pending_deployment_evidence
flippazone,ethereum,2022-07-06,1,publicly_documented_exploit_incident,9b76e14eedbc5e1e1bb8150fb55eb2ccd8f63a0421870d6a30c18a9bbed3b064,,,event_observed_but_time_from_cutoff_pending_deployment_evidence
lpc,bsc,2022-07-25,1,publicly_documented_exploit_incident,965abc2879337609e714a13f9ca4dd468ede665cca9a0a0b1a678d2af876b20c,,,event_observed_but_time_from_cutoff_pending_deployment_evidence
spacegodzilla,bsc,2022-07-13,1,publicly_documented_exploit_incident,e552b812039f2df36678f729fde98abadeb3c982c781dbc0ebd563f2c12889be,,,event_observed_but_time_from_cutoff_pending_deployment_evidence
snood,ethereum,2022-06-18,1,publicly_documented_exploit_incident,0dd39906bf8cb342ba822987ad463fcd9d4243bb6c670efe79a0943579d39811,,,event_observed_but_time_from_cutoff_pending_deployment_evidence
anch,bsc,2022-08-09,1,publicly_documented_exploit_incident,df8cb6720f717f132b0d1444a83d99966a00010c95622096eabb37d9444fc3c7,,,event_observed_but_time_from_cutoff_pending_deployment_evidence
audius,ethereum,2022-07-23,1,publicly_documented_exploit_incident,c5b1301a7820658065c0a37affe24ed15dfef662bf35206cc1e82edd86b5d1a4,,,event_observed_but_time_from_cutoff_pending_deployment_evidence
etnproduct,bsc,2022-08-04,1,publicly_documented_exploit_incident,7bb776604651c2fab27ed51f637376921f2fdc64f1c691854bdbf1650c2578d2,,,event_observed_but_time_from_cutoff_pending_deployment_evidence
ddc,bsc,2022-08-28,1,publicly_documented_exploit_incident,6c34170b0b225ad4a601adeec68bbfd07c1119ed994bc793ea99e849d14eb665,,,event_observed_but_time_from_cutoff_pending_deployment_evidence
luckytiger,ethereum,2022-08-24,1,publicly_documented_exploit_incident,3d054af4b119ee50bc2daeb0461f8a75d3605ce2c395f77fd1d9e96ee4b8b615,,,event_observed_but_time_from_cutoff_pending_deployment_evidence
egd_finance,bsc,2022-08-07,1,publicly_documented_exploit_incident,0a5382e2133b53dbb3e54f8d78724fd6d573222d192fc00b71c5e5519a84aa22,,,event_observed_but_time_from_cutoff_pending_deployment_evidence
badguysbyrpf,ethereum,2022-09-02,1,publicly_documented_exploit_incident,f63b98e0b885c4af1e21877846716e2bf1f4fb796d75674c929c382c0a628f82,,,event_observed_but_time_from_cutoff_pending_deployment_evidence
xst_2,ethereum,2022-08-10,1,publicly_documented_exploit_incident,ac980aa50936e743b521836e95229deb5e03a037f3e51a56bce508ae29842a7c,,,event_observed_but_time_from_cutoff_pending_deployment_evidence
nomadbridge,ethereum,2022-08-02,1,publicly_documented_exploit_incident,f0e573be780bf95556815ae6a155d116aa4254dfcd4a7c5269af5861099aa70d,,,event_observed_but_time_from_cutoff_pending_deployment_evidence
bxh,bsc,2022-09-28,1,publicly_documented_exploit_incident,a1060132f6e66172264c33da043d90c8cc843f22a10c916489986b84d49d9def,,,event_observed_but_time_from_cutoff_pending_deployment_evidence
dpc,bsc,2022-09-09,1,publicly_documented_exploit_incident,39fdd2dcab396ec29da33a0d4ccb40047cd6e46be431607901546351eb00b22b,,,event_observed_but_time_from_cutoff_pending_deployment_evidence
shadowfi,bsc,2022-09-02,1,publicly_documented_exploit_incident,2674bd359af18771b2693c9eb18c461d64e49e1bff2cb37031a9c1f7353fce91,,,event_observed_but_time_from_cutoff_pending_deployment_evidence
atk,bsc,2022-10-12,1,publicly_documented_exploit_incident,c060298c8207aea642918805b16e34a6388f1cdff91137616c2376ab65aefa7f,,,event_observed_but_time_from_cutoff_pending_deployment_evidence
bego,bsc,2022-10-20,1,publicly_documented_exploit_incident,58e9a445670a0e0c48d6d59284a10a8d17e71910bd1fb01d740c18be48ca6e61,,,event_observed_but_time_from_cutoff_pending_deployment_evidence
babyswap,bsc,2022-10-01,1,publicly_documented_exploit_incident,648b0e42186edd74db255dcbf89e94b86ef3204992ab4ef6515281ec8cb35351,,,event_observed_but_time_from_cutoff_pending_deployment_evidence
roi,bsc,2022-09-08,1,publicly_documented_exploit_incident,bccbb202669b05e37194493de31af6ac45210bb1e2e41b89b2e016ed27d84076,,,event_observed_but_time_from_cutoff_pending_deployment_evidence
thb,bsc,2022-10-01,1,publicly_documented_exploit_incident,7dca945bd8148fff011da7673f1abf279d12de9422033958c42671c508a3d844,,,event_observed_but_time_from_cutoff_pending_deployment_evidence
carrot,bsc,2022-10-10,1,publicly_documented_exploit_incident,4d96e3a73a95448bc7213d2d443106421b0f7cd0bbcc86d258822892334817da,,,event_observed_but_time_from_cutoff_pending_deployment_evidence
eflevervault,ethereum,2022-10-14,1,publicly_documented_exploit_incident,954dd3cff81e5096a937ca6ce685065912b871c4db14ebce49c6bec99fd6db35,,,event_observed_but_time_from_cutoff_pending_deployment_evidence
health,bsc,2022-10-20,1,publicly_documented_exploit_incident,9f8e580ec1be1398baaab429018b092e5549088e02adb2649e39678b7af87cca,,,event_observed_but_time_from_cutoff_pending_deployment_evidence
hpay,bsc,2022-10-18,1,publicly_documented_exploit_incident,2399707e28f954727823461c14477892dff7efedc003879ddf5e67fed75a1a49,,,event_observed_but_time_from_cutoff_pending_deployment_evidence
n00d,ethereum,2022-10-26,1,publicly_documented_exploit_incident,11ff444d4c0e8a4cd162e610148a408caa8130f4f785787c1e1207df8f189a5f,,,event_observed_but_time_from_cutoff_pending_deployment_evidence
inuko,bsc,2022-10-14,1,publicly_documented_exploit_incident,125d4be47987e729fe46c75a14bc5efc7921bccc042bb535cceb2433d852a750,,,event_observed_but_time_from_cutoff_pending_deployment_evidence
pltd,bsc,2022-10-18,1,publicly_documented_exploit_incident,cac8cf31fc6bc0b34a5b217125cd420c92052fdb5d6f45b969e30f2e005c3a36,,,event_observed_but_time_from_cutoff_pending_deployment_evidence
olympusdao,ethereum,2022-10-21,1,publicly_documented_exploit_incident,9137bfb1f78624f22a987a5c813728ecf26db927f90914a81e97d62f7116241e,,,event_observed_but_time_from_cutoff_pending_deployment_evidence
res,bsc,2022-10-06,1,publicly_documented_exploit_incident,1dbbd04e37edbe1dd2ff9ede49ad8136d5b3d8d641db8a241146a66538204fe9,,,event_observed_but_time_from_cutoff_pending_deployment_evidence
rl,bsc,2022-10-01,1,publicly_documented_exploit_incident,4bf47ce88fd3406cc0b17b04a55a21cee62f037f476c9839d360c277cb009026,,,event_observed_but_time_from_cutoff_pending_deployment_evidence
res_2,bsc,2022-10-06,1,publicly_documented_exploit_incident,1dbbd04e37edbe1dd2ff9ede49ad8136d5b3d8d641db8a241146a66538204fe9,,,event_observed_but_time_from_cutoff_pending_deployment_evidence
uerii,ethereum,2022-10-17,1,publicly_documented_exploit_incident,1654298690070fa195b28553bebcf03ed68b7e44ed406b797d80984bf8a0bafb,,,event_observed_but_time_from_cutoff_pending_deployment_evidence
templedao,ethereum,2022-10-11,1,publicly_documented_exploit_incident,6b76732e2c68a560ae8b5c0f0d15030848042afcd80136eb3b27d6ce55762cdc,,,event_observed_but_time_from_cutoff_pending_deployment_evidence
vtf,bsc,2022-10-27,1,publicly_documented_exploit_incident,5d36cdbaf2577149dee0157b6dfc3195d8ce58eab869241635489c9bbe703964,,,event_observed_but_time_from_cutoff_pending_deployment_evidence
ulme,bsc,2022-10-25,1,publicly_documented_exploit_incident,cdf407823e4e95f546434c59ec7012fb89c14ae363f85652580392d25971c807,,,event_observed_but_time_from_cutoff_pending_deployment_evidence
teamfinance,ethereum,2022-10-27,1,publicly_documented_exploit_incident,6a0e8bd382922d81dcc1554154f4b378dd28d80882eaeb9867fcf36815ccb2f9,,,event_observed_but_time_from_cutoff_pending_deployment_evidence
ulme_2,bsc,2022-10-25,1,publicly_documented_exploit_incident,cdf407823e4e95f546434c59ec7012fb89c14ae363f85652580392d25971c807,,,event_observed_but_time_from_cutoff_pending_deployment_evidence
aur,bsc,2022-11-22,1,publicly_documented_exploit_incident,a1adaf41dd11076a0c6abe847a5a99f7c01768579fff99e51ec958f98aed2032,,,event_observed_but_time_from_cutoff_pending_deployment_evidence
annex,bsc,2022-11-19,1,publicly_documented_exploit_incident,e742a9533015d11cdc16dd7199f05e94aeb146693ddbbb56822682c4c62144a5,,,event_observed_but_time_from_cutoff_pending_deployment_evidence
xavefinance,ethereum,2022-10-09,1,publicly_documented_exploit_incident,450c1eed9cbbb389605b19e2b6ba170d61dbfe8eaf90ef0f3efb5111927f9f80,,,event_observed_but_time_from_cutoff_pending_deployment_evidence
bdex,bsc,2022-11-05,1,publicly_documented_exploit_incident,d7356a5b6c7826496bf5c92e42ee8d41decc81ac2d426a9956fb48b508e80f61,,,event_observed_but_time_from_cutoff_pending_deployment_evidence
kashi,ethereum,2022-11-08,1,publicly_documented_exploit_incident,b77c60f150c5c25dd906c2a9903f85b1fafd528d087091821a1d60cdca30cde7,,,event_observed_but_time_from_cutoff_pending_deployment_evidence
mbc_zzsh,bsc,2022-11-29,1,publicly_documented_exploit_incident,a80a6cc927c627a9050079687a39fd6a54d9ea5e91c06e0f04c64bc526927f7a,,,event_observed_but_time_from_cutoff_pending_deployment_evidence
brahtopg,ethereum,2022-11-09,1,publicly_documented_exploit_incident,064f316b99b0a1f98a34984d48a489c4eb79f0faa95bfe06d70834fea54d5b84,,,event_observed_but_time_from_cutoff_pending_deployment_evidence
num,ethereum,2022-11-23,1,publicly_documented_exploit_incident,aeb636da37cd692bf6edbc12347f76d2dcc41adfe17e68a668154e54ecaa6626,,,event_observed_but_time_from_cutoff_pending_deployment_evidence
sdao,bsc,2022-11-21,1,publicly_documented_exploit_incident,1a06914e310c71e938fe55a12bbae8cc4f3c4d41c7aba4319bef418e1d845a67,,,event_observed_but_time_from_cutoff_pending_deployment_evidence
dfx,ethereum,2022-11-10,1,publicly_documented_exploit_incident,0a764876626e11ef7fe89899ac826a198d0f8da9dd76a0a5e1b008a2ec10c3e3,,,event_observed_but_time_from_cutoff_pending_deployment_evidence
moocakectx,bsc,2022-11-07,1,publicly_documented_exploit_incident,3af7845d9257437b50e85a2bc7125fe16b6e1bdd14a128ac6dd573a8c7326a75,,,event_observed_but_time_from_cutoff_pending_deployment_evidence
sheepfarm2,bsc,2022-11-16,1,publicly_documented_exploit_incident,d355bf4da91ccdca71ac0b806670a9370d6a0f42380c325a563cb042fcc58b1a,,,event_observed_but_time_from_cutoff_pending_deployment_evidence
seaman,bsc,2022-11-29,1,publicly_documented_exploit_incident,f1ca2231b820f53779c10bab341395bdc803710af2dfadecf2ae35f41b5c3af3,,,event_observed_but_time_from_cutoff_pending_deployment_evidence
aes,bsc,2022-12-07,1,publicly_documented_exploit_incident,d1c52ab22c1564e57e2b978ad5f398c573eae65f516da2002000fc89aa65dca8,,,event_observed_but_time_from_cutoff_pending_deployment_evidence
sheepfarm,bsc,2022-11-16,1,publicly_documented_exploit_incident,d355bf4da91ccdca71ac0b806670a9370d6a0f42380c325a563cb042fcc58b1a,,,event_observed_but_time_from_cutoff_pending_deployment_evidence
uearnpool,bsc,2022-11-17,1,publicly_documented_exploit_incident,59ef8f9e7fdcb10ddc15b1131e38f7cb854372e605a7e49b8de66d2a4821436e,,,event_observed_but_time_from_cutoff_pending_deployment_evidence
jay,ethereum,2022-12-29,1,publicly_documented_exploit_incident,db1386515f5590d05f7541d5408962e432cf7a36b642148c7d48db338e720977,,,event_observed_but_time_from_cutoff_pending_deployment_evidence
dfs,bsc,2022-12-30,1,publicly_documented_exploit_incident,e765f32ba2f1e0a49a1197f2d14f219e54cc1ed2553a8e4fcb4837bb18023780,,,event_observed_but_time_from_cutoff_pending_deployment_evidence
bgld,bsc,2022-12-12,1,publicly_documented_exploit_incident,b4331ab675cd1aeda7e8523c81fb680ad14fb0ca68b8ac43567239d25d99bd1a,,,event_observed_but_time_from_cutoff_pending_deployment_evidence
rubic,ethereum,2022-12-25,1,publicly_documented_exploit_incident,da04e68c0f4514a328d8599802a7ac32ff9f8f776a7cd9d7234b41de7ff62a3c,,,event_observed_but_time_from_cutoff_pending_deployment_evidence
tifi,bsc,2022-12-10,1,publicly_documented_exploit_incident,7f82c3b22f877b29e73579743e56feb968524e2feba88c81bc4782f118d40a27,,,event_observed_but_time_from_cutoff_pending_deployment_evidence
qixi,bsc,2022-08-03,1,publicly_documented_exploit_incident,ecb01762f527766c39fe2d3f5372891ed460cf2be0f313effdfc71c9a565b929,,,event_observed_but_time_from_cutoff_pending_deployment_evidence
xcarnival,ethereum,2022-06-26,1,publicly_documented_exploit_incident,88bf3e75a8bcebe33c14479d0616c9df90bd72e57b5190dbd7b85c8d5de477d1,,,event_observed_but_time_from_cutoff_pending_deployment_evidence
novo,bsc,2022-05-29,1,publicly_documented_exploit_incident,80dbdee6522539fe7f9968d8aa1115f0501afebf84304c7d09a8cf60a4c01058,,,event_observed_but_time_from_cutoff_pending_deployment_evidence
xst,ethereum,2022-08-10,1,publicly_documented_exploit_incident,ac980aa50936e743b521836e95229deb5e03a037f3e51a56bce508ae29842a7c,,,event_observed_but_time_from_cutoff_pending_deployment_evidence
bbox,bsc,2022-12-05,1,publicly_documented_exploit_incident,d515ed7adc9406e1fd4d2bb26fb010dcff10f5685bb1cbea64f5dc803bec1159,,,event_observed_but_time_from_cutoff_pending_deployment_evidence
nmbplatform,bsc,2022-12-14,1,publicly_documented_exploit_incident,37a693062e1c454bcdd647800fb3848ffca994e2e26dfb9c04d914e0e7986a0d,,,event_observed_but_time_from_cutoff_pending_deployment_evidence
rfb,bsc,2022-12-05,1,publicly_documented_exploit_incident,4c22db30e2907b87781834b816f73a5451ddbd78318b377367142737299a5f35,,,event_observed_but_time_from_cutoff_pending_deployment_evidence
shoco,ethereum,2023-01-19,1,publicly_documented_exploit_incident,78592a7b3034c3c46902ecbef7e8880793d53f634d01dfcc4cb88973dcb92bae,,,event_observed_but_time_from_cutoff_pending_deployment_evidence
qtn,ethereum,2023-01-18,1,publicly_documented_exploit_incident,97f79379800de58b011883fb2a3b22ada9dfc6c648e72c2674a80e4344a5ddd0,,,event_observed_but_time_from_cutoff_pending_deployment_evidence
tinu,ethereum,2023-01-26,1,publicly_documented_exploit_incident,209b2350caa38b1ece628269e73da01c91e2584a7ea39cb8661f67cf821f0ca4,,,event_observed_but_time_from_cutoff_pending_deployment_evidence
bra,bsc,2023-01-10,1,publicly_documented_exploit_incident,28c23d8c63daac50bc2d88fdd2e6da928eaad2ae14e15e393342b2bd7f5bdb60,,,event_observed_but_time_from_cutoff_pending_deployment_evidence
bevo,bsc,2023-01-30,1,publicly_documented_exploit_incident,466f574ba0b6138ad285df179e8ef8e1f47132c03f6f4cec1ce0c17360bb607a,,,event_observed_but_time_from_cutoff_pending_deployment_evidence
omniestate,bsc,2023-01-17,1,publicly_documented_exploit_incident,339c1cb46cb4b8dba4a69aabf4bd3ddcdf16695bb4c9db2873ed5067910fd5c3,,,event_observed_but_time_from_cutoff_pending_deployment_evidence
gds,bsc,2023-01-03,1,publicly_documented_exploit_incident,f133bcf77115517e92a74eaa4862856160367c7dfa6ab0ce717703333d38ca93,,,event_observed_but_time_from_cutoff_pending_deployment_evidence
ufdao,bsc,2023-01-11,1,publicly_documented_exploit_incident,3f87a9969fbd9c3a46a8b56de964bbd87d555974a9361bf27e54e156e94b6108,,,event_observed_but_time_from_cutoff_pending_deployment_evidence
upswing,ethereum,2023-01-18,1,publicly_documented_exploit_incident,096a64991a7d2fc68aa16318ed16cec6cc60de825fa4e6de92de2b3425e4e1b3,,,event_observed_but_time_from_cutoff_pending_deployment_evidence
roefinance,ethereum,2023-01-11,1,publicly_documented_exploit_incident,4038cc16dc764000e5540fd5f01aa745903eea938e4ed3a99a5455622162b49e,,,event_observed_but_time_from_cutoff_pending_deployment_evidence
efvault,ethereum,2023-02-24,1,publicly_documented_exploit_incident,68edecb51d2fa2593e02e14f18e96fd9ea8769ae3611be1d4dabd888b636bd01,,,event_observed_but_time_from_cutoff_pending_deployment_evidence
fdp,bsc,2023-02-06,1,publicly_documented_exploit_incident,3d906384ee936746d672dbfc3cad07972bb1e7119141ce312010671cf7c85581,,,event_observed_but_time_from_cutoff_pending_deployment_evidence
dexible,ethereum,2023-02-17,1,publicly_documented_exploit_incident,4e6fd15f0c9f1255cfe205eaee2b040e69c0dac862c7bf768fe3fdc53312a057,,,event_observed_but_time_from_cutoff_pending_deployment_evidence
dyna,bsc,2023-02-22,1,publicly_documented_exploit_incident,0606d32d977bdc3f23dd05023c118ba7841cf5fb14bdec135b2b1d42c7952174,,,event_observed_but_time_from_cutoff_pending_deployment_evidence
revertfinance,ethereum,2023-02-18,1,publicly_documented_exploit_incident,207d11063b53884c885c89aa548be4521d5744a7ac420e813021f072bcdb0eee,,,event_observed_but_time_from_cutoff_pending_deployment_evidence
starlink,bsc,2023-02-17,1,publicly_documented_exploit_incident,ce989f1533e653d024b528cbd95da156c293d2c4a813e73814fb2ef1e94b91a7,,,event_observed_but_time_from_cutoff_pending_deployment_evidence
bigfi,bsc,2023-03-22,1,publicly_documented_exploit_incident,220300e58292c3d55d564b0788ae83fbcd7bb1b362e8625a43291b6ae713ac6e,,,event_observed_but_time_from_cutoff_pending_deployment_evidence
sheep,bsc,2023-02-10,1,publicly_documented_exploit_incident,1da2b0d5408a2ec990fa02df710580cd89676723591b068165339ad3e21faa13,,,event_observed_but_time_from_cutoff_pending_deployment_evidence
orion,ethereum,2023-02-03,1,publicly_documented_exploit_incident,230018610c21d80d51f87ee5b73442005156617f01ca4fe6120bf470660824b6,,,event_observed_but_time_from_cutoff_pending_deployment_evidence
poolz,bsc,2023-03-15,1,publicly_documented_exploit_incident,bda1ee287e1e98d03ba4f9d84d1de72a3bfe16cc8fcf2398cfbb174bc4ca86d1,,,event_observed_but_time_from_cutoff_pending_deployment_evidence
allbridge,bsc,2023-04-02,1,publicly_documented_exploit_incident,9e6ba73f3f619cf65fc515389a80b649a51aa891855bd02aaed3938aad6973b1,,,event_observed_but_time_from_cutoff_pending_deployment_evidence
dbw,bsc,2023-03-25,1,publicly_documented_exploit_incident,2d5fb42b8fb902aed9674385117e519fbbd3c9e74f81b581634bf8b73703dc1b,,,event_observed_but_time_from_cutoff_pending_deployment_evidence
axioma,bsc,2023-04-24,1,publicly_documented_exploit_incident,d1f57ab5d65e3870792251bb781cb24374339cd2c271c583bcb8d369468509d7,,,event_observed_but_time_from_cutoff_pending_deployment_evidence
olife,bsc,2023-04-19,1,publicly_documented_exploit_incident,f45cb26ca206b4bde90938dde044e118066e680daef86e0ce52ad3c62684d22a,,,event_observed_but_time_from_cutoff_pending_deployment_evidence
sushi_router,ethereum,2023-04-09,1,publicly_documented_exploit_incident,2f68d6a8ba91da88a2370a929db3676986a4819479ce27ecc2a31c56dd5f51aa,,,event_observed_but_time_from_cutoff_pending_deployment_evidence
safemoon,bsc,2023-03-28,1,publicly_documented_exploit_incident,2498c583ba177edc37f363e0b54f95dce073d9cbc59359a1f1664f38071aecf5,,,event_observed_but_time_from_cutoff_pending_deployment_evidence
swapos,ethereum,2023-04-16,1,publicly_documented_exploit_incident,e94fd586bd17e469d11f7ab540aff87a6383b37a90ab987fdfff7a54b73bf3fe,,,event_observed_but_time_from_cutoff_pending_deployment_evidence
yearnfinance,ethereum,2023-04-13,1,publicly_documented_exploit_incident,37a56741b1b475a56725fe36565ad21976ef7d726b4c6ac3aa334aefa6aeadc9,,,event_observed_but_time_from_cutoff_pending_deployment_evidence
babydogecoin,bsc,2023-05-29,1,publicly_documented_exploit_incident,f2cbefc8b122988a0ecb2a48794d7f5e6ab5a2843115be4493c3a46a8a5dd383,,,event_observed_but_time_from_cutoff_pending_deployment_evidence
silo_finance,ethereum,2023-04-27,1,publicly_documented_exploit_incident,9b884914f8626d2d99687e9e3de2268d1534ccdf70eaa31fbe6f3d47de80a7ec,,,event_observed_but_time_from_cutoff_pending_deployment_evidence
bitpaidio,bsc,2023-05-13,1,publicly_documented_exploit_incident,4683251ff02b948ca7e6f187c76773c1ea70e778b8de50a96b27635c4b31ac62,,,event_observed_but_time_from_cutoff_pending_deployment_evidence
fapen,bsc,2023-05-29,1,publicly_documented_exploit_incident,9903575470e05debdc8af3e0a6b38af77a955c68a506a6080e6e2db71618b7c7,,,event_observed_but_time_from_cutoff_pending_deployment_evidence
erc20tokenbank,ethereum,2023-05-31,1,publicly_documented_exploit_incident,cc25142537541b03e2a2cde009662c1a89939a7dc5ea5167e2596c16860eb0c3,,,event_observed_but_time_from_cutoff_pending_deployment_evidence
cs,bsc,2023-05-24,1,publicly_documented_exploit_incident,b1eac141e6770456816aef704a422069bc7c3d9376ce88023f987f73d9e03c31,,,event_observed_but_time_from_cutoff_pending_deployment_evidence
hodlcapital,ethereum,2023-05-09,1,publicly_documented_exploit_incident,be2766c06367f10ee7018421cb76febad2cd6cc091b52344bac9938ab3a02e15,,,event_observed_but_time_from_cutoff_pending_deployment_evidence
melo,bsc,2023-05-06,1,publicly_documented_exploit_incident,1dc21648b7180b94668622e40e723ddb45f816a0b4db31f80c03b8227679254a,,,event_observed_but_time_from_cutoff_pending_deployment_evidence
lw,bsc,2023-05-12,1,publicly_documented_exploit_incident,49b6cafe686b7ed303e5c8fde8dcbd7aad87ef4c64f05c35cfd6166a6ee469de,,,event_observed_but_time_from_cutoff_pending_deployment_evidence
multichaincapital,ethereum,2023-05-09,1,publicly_documented_exploit_incident,e9c51537d22eb98fbcac694db0e01fbd86720b900728569d4afbb877e3ecd65a,,,event_observed_but_time_from_cutoff_pending_deployment_evidence
level,bsc,2023-05-02,1,publicly_documented_exploit_incident,a8fb16f1411330e130d3de965ab9566abad2bed4494b479d532b26982bf317cf,,,event_observed_but_time_from_cutoff_pending_deployment_evidence
sellc02,bsc,2023-05-14,1,publicly_documented_exploit_incident,559eb4960b432d4fa1392e4d65cda28a014cefe0e6886c640cfd27582f00dcd9,,,event_observed_but_time_from_cutoff_pending_deployment_evidence
neverfall,bsc,2023-05-03,1,publicly_documented_exploit_incident,24887d71d881e9b3355abe95a52ecaa0d0c74111a215a55236b2edc74bf19ec4,,,event_observed_but_time_from_cutoff_pending_deployment_evidence
sellc,bsc,2023-05-11,1,publicly_documented_exploit_incident,924f1e34730cb2111ed37a8a768a7ddea30ac55a29e91ab340aea3daee14fbcd,,,event_observed_but_time_from_cutoff_pending_deployment_evidence
selltoken,bsc,2023-05-13,1,publicly_documented_exploit_incident,6852a28aadb71748b01358c5c5ecddfedfacbfff88805eab506ad83398787569,,,event_observed_but_time_from_cutoff_pending_deployment_evidence
snk,bsc,2023-05-10,1,publicly_documented_exploit_incident,164582ee842565517c67f992eb087dbae90c1c25f531e9c0ccee407de7f74bf6,,,event_observed_but_time_from_cutoff_pending_deployment_evidence
bunn,bsc,2023-06-21,1,publicly_documented_exploit_incident,a1bf8e860d6d88279b97d92e86cc3dd50fada2f0a5420c604e4257c427ca6a6a,,,event_observed_but_time_from_cutoff_pending_deployment_evidence
babydogecoin02,bsc,2023-06-21,1,publicly_documented_exploit_incident,3274443c97c0b04665c742a6dc2e8931686164c4c17094d6d6ce92e4b318746f,,,event_observed_but_time_from_cutoff_pending_deployment_evidence
compounderfinance,ethereum,2023-06-07,1,publicly_documented_exploit_incident,7b7f23fad9d05da732c442a167795dff9925e20fb9fd35a7e51ceee315284d01,,,event_observed_but_time_from_cutoff_pending_deployment_evidence
cellframe,bsc,2023-06-01,1,publicly_documented_exploit_incident,22ee8da702b8ec402db2753585e434341c06afac1d5137b85dd787333536c903,,,event_observed_but_time_from_cutoff_pending_deployment_evidence
biswap,bsc,2023-06-30,1,publicly_documented_exploit_incident,2dbbab18564e61d8aafe54c973def4ca29776e7066596137b180fb6ba04aaedd,,,event_observed_but_time_from_cutoff_pending_deployment_evidence
ddcoin,bsc,2023-06-01,1,publicly_documented_exploit_incident,f54389af142259a1d51bfe6d43dee6fc3e2630eb614f674bffa8e09b53d529d4,,,event_observed_but_time_from_cutoff_pending_deployment_evidence
mimspell,ethereum,2023-06-20,1,publicly_documented_exploit_incident,5588b17b13b02b52ec1d5dc496ee8f513ab1a96a29e0aa08fef4e1f025460eba,,,event_observed_but_time_from_cutoff_pending_deployment_evidence
myai,bsc,2023-06-30,1,publicly_documented_exploit_incident,26ab177fd8aa6159d63dc2dcf177a33812dc1f463cddc89c7e193751bce4ab6c,,,event_observed_but_time_from_cutoff_pending_deployment_evidence
pawnfi,ethereum,2023-06-17,1,publicly_documented_exploit_incident,abd97bbc4468d7f191f15759d29ba60c3e6de6f4fe1b1321caa6f89e54871295,,,event_observed_but_time_from_cutoff_pending_deployment_evidence
sellc03,bsc,2023-06-11,1,publicly_documented_exploit_incident,839b537d4aa211c9efda4aff91e88a02372dac45f571e651571af2b7155e80f4,,,event_observed_but_time_from_cutoff_pending_deployment_evidence
depusdt_levusdc,ethereum,2023-06-15,1,publicly_documented_exploit_incident,6a971e7ce95ebc37b0bcb21a660b18ac4e244428132e8656d35c7d71996b6aaf,,,event_observed_but_time_from_cutoff_pending_deployment_evidence
shido_2,bsc,2023-06-23,1,publicly_documented_exploit_incident,02f500349f984568ee26a4a76e055cc50cee94249fb6cd64987772f0187ecf20,,,event_observed_but_time_from_cutoff_pending_deployment_evidence
un,bsc,2023-06-06,1,publicly_documented_exploit_incident,5e59953a48ff30c9425ea46eecccba2a7b34bea95cb1c670419d299b8e284700,,,event_observed_but_time_from_cutoff_pending_deployment_evidence
vinu,ethereum,2023-06-06,1,publicly_documented_exploit_incident,7333d38d149657163985aec162e91b923b8c2dc1908977b70fffc7501213525e,,,event_observed_but_time_from_cutoff_pending_deployment_evidence
sturdy,ethereum,2023-06-12,1,publicly_documented_exploit_incident,08c49ad305591fa542ed64d287a0e685ac6065855a132ac2e3fe4e641f762e94,,,event_observed_but_time_from_cutoff_pending_deployment_evidence
bno,bsc,2023-07-18,1,publicly_documented_exploit_incident,2d18e200f289b7d72ff413afe5f914eedde0485a4acf79e2c6764c2247ac413f,,,event_observed_but_time_from_cutoff_pending_deployment_evidence
apedao,bsc,2023-07-18,1,publicly_documented_exploit_incident,c99bb520e3259748253f1c1e9e009d9c6768476d9c079b38ca973243badbcfa8,,,event_observed_but_time_from_cutoff_pending_deployment_evidence
bamboo,bsc,2023-07-04,1,publicly_documented_exploit_incident,c71d97c2735917906643a53564faea9d5a5805ca719ba7903fd7d4fb38be65d1,,,event_observed_but_time_from_cutoff_pending_deployment_evidence
conic02,ethereum,2023-07-22,1,publicly_documented_exploit_incident,cf3764f4bf28c89963a6b607dff63415f068aa0793595862d68f9bbfefe5d86f,,,event_observed_but_time_from_cutoff_pending_deployment_evidence
bao,ethereum,2023-07-04,1,publicly_documented_exploit_incident,cb83300719c4e75f585516f21ddcd63ac49f1639611a086e0b6c78ee3dd65350,,,event_observed_but_time_from_cutoff_pending_deployment_evidence
conic,ethereum,2023-07-21,1,publicly_documented_exploit_incident,92faf7fca921c724faa4765490b269435efa0f219fc65bf10a8a8a0df73679b0,,,event_observed_but_time_from_cutoff_pending_deployment_evidence
conic_2,ethereum,2023-07-21,1,publicly_documented_exploit_incident,92faf7fca921c724faa4765490b269435efa0f219fc65bf10a8a8a0df73679b0,,,event_observed_but_time_from_cutoff_pending_deployment_evidence
gymnet,bsc,2023-07-31,1,publicly_documented_exploit_incident,d83705236c566e6d4bc746c7d9ec9e70e95fba4e11fdc324176dbd03d9522540,,,event_observed_but_time_from_cutoff_pending_deployment_evidence
ffist,bsc,2023-07-20,1,publicly_documented_exploit_incident,91117a056e2e76070a468985f0b482382a42f791ead704211d1644b8b87194b2,,,event_observed_but_time_from_cutoff_pending_deployment_evidence
mintofinance,bsc,2023-07-23,1,publicly_documented_exploit_incident,aba56dfc99b4e2a2467bd75f35a51d9efd2dd0eeb478472eadac1d73a8e4eaee,,,event_observed_but_time_from_cutoff_pending_deployment_evidence
newfi,bsc,2023-07-17,1,publicly_documented_exploit_incident,cb1487b55e66a8cc6f1141f460c6d0b2ef847804fe15fc2f69802176b33b80ba,,,event_observed_but_time_from_cutoff_pending_deployment_evidence
usdtstakingcontract28,ethereum,2023-07-15,1,publicly_documented_exploit_incident,161cf06028a9979f51a35374287d6d6933d27c92fd9433282f7373f6636d32e0,,,event_observed_but_time_from_cutoff_pending_deployment_evidence
utopia,bsc,2023-07-20,1,publicly_documented_exploit_incident,47783ad47bdd3130ee1173942685b908e13fc6969fcc99f6bef4f5a79a3022f1,,,event_observed_but_time_from_cutoff_pending_deployment_evidence
palmswap,bsc,2023-07-24,1,publicly_documented_exploit_incident,f39a223dc58ce3fcffccdff63277c149a9b83e2401ebbd06b0dabc2683133178,,,event_observed_but_time_from_cutoff_pending_deployment_evidence
sut,bsc,2023-07-21,1,publicly_documented_exploit_incident,379dfcd9ba9b4c5d2a7b0887728c275c714ac9bece967d28d754d6f50894a17a,,,event_observed_but_time_from_cutoff_pending_deployment_evidence
wgpt,bsc,2023-07-12,1,publicly_documented_exploit_incident,aa3190bfdfa1fadc9310c4995070c4d31c2c4c651a3ecbaf779cda51492c7b3c,,,event_observed_but_time_from_cutoff_pending_deployment_evidence
btc20,ethereum,2023-08-19,1,publicly_documented_exploit_incident,22b121acbfcc40154c0f0b48bf818e2f4561667799dd1d2dfb0320f73d3655ca,,,event_observed_but_time_from_cutoff_pending_deployment_evidence
ehive,ethereum,2023-08-21,1,publicly_documented_exploit_incident,b90f303b9792c571423fdf6fa220a018f3664860d2b524f62b39f6b38fefc56b,,,event_observed_but_time_from_cutoff_pending_deployment_evidence
balancer,ethereum,2023-08-27,1,publicly_documented_exploit_incident,2874efeac1f3c130d422c24d482bf435af39a7b71926151d92f622c65c415660,,,event_observed_but_time_from_cutoff_pending_deployment_evidence
eac,bsc,2023-08-29,1,publicly_documented_exploit_incident,bc218962d9ef63f3067269968d51defc1f4697fe5b8bf49c19452d3c3506e6ef,,,event_observed_but_time_from_cutoff_pending_deployment_evidence
earningfram,ethereum,2023-08-09,1,publicly_documented_exploit_incident,a3fcad17a2ae54c366de182933eab1c3d9da6f56c4e43f54fcfcae5b1549da60,,,event_observed_but_time_from_cutoff_pending_deployment_evidence
leetswap,base,2023-08-01,1,publicly_documented_exploit_incident,d45baeffbd8d4563718fe12155d11b46aa61b423de459a48dc6418be9cc3ee0a,,,event_observed_but_time_from_cutoff_pending_deployment_evidence
uwerx,ethereum,2023-08-02,1,publicly_documented_exploit_incident,543b26507e1d92c59fbbd12c55f643a672513fa1842572a45e2c7fe3007251a1,,,event_observed_but_time_from_cutoff_pending_deployment_evidence
bfctoken,bsc,2023-09-09,1,publicly_documented_exploit_incident,b56ad2e3b4b45b8a6c41e0d11b45ff86503c9df226cf61725c734618e17876c6,,,event_observed_but_time_from_cutoff_pending_deployment_evidence
floordao,ethereum,2023-09-05,1,publicly_documented_exploit_incident,f2773ef985532853a323b49018a6a4b5179f58faa0047bea333da99ede24e52b,,,event_observed_but_time_from_cutoff_pending_deployment_evidence
heavensgate,ethereum,2023-09-05,1,publicly_documented_exploit_incident,aa049f6cdd223fb06f152c2f09320a78f3fa35c374da4fc053a9b791699527e2,,,event_observed_but_time_from_cutoff_pending_deployment_evidence
kub_split,bsc,2023-09-24,1,publicly_documented_exploit_incident,c9c6d07740584932bd2016947c05ff9461413cd000452d86872ed8c1b51c4b1e,,,event_observed_but_time_from_cutoff_pending_deployment_evidence
jumpfarm,ethereum,2023-09-05,1,publicly_documented_exploit_incident,0d0b062e1f0d40d4e6726d6175a56edd8cf39ac6144c15cfeea698f6448ea4c7,,,event_observed_but_time_from_cutoff_pending_deployment_evidence
quantumwn,ethereum,2023-09-05,1,publicly_documented_exploit_incident,9fea35e24fa664c421d81962af5106dfdcad6cd39baa4ee715401d096783263a,,,event_observed_but_time_from_cutoff_pending_deployment_evidence
uniclynft,ethereum,2023-09-16,1,publicly_documented_exploit_incident,0db0d6c9904687a9776a665c0520cd1a78c808142ec840b562f94e2f4cb60377,,,event_observed_but_time_from_cutoff_pending_deployment_evidence
bh,bsc,2023-10-11,1,publicly_documented_exploit_incident,d1106cb47b8157ac5f170d68d85ccd44b5f16f7588cf5d6e6c0dcd7c76d4fd18,,,event_observed_but_time_from_cutoff_pending_deployment_evidence
depayrouter,ethereum,2023-10-05,1,publicly_documented_exploit_incident,678451b45a53f4ee384c87cc3134587e84b856c5e44a23003787abf1ad5908a3,,,event_observed_but_time_from_cutoff_pending_deployment_evidence
astrid,ethereum,2023-10-28,1,publicly_documented_exploit_incident,1df4c4dc2d6d91e85e110d98993c38b3ee183c950028cddbdca2bdb4c36bc11e,,,event_observed_but_time_from_cutoff_pending_deployment_evidence
hopelend,ethereum,2023-10-18,1,publicly_documented_exploit_incident,ac3363b2ee8827a619f153f254a699bb2ff1a671a64d2945ea708e69bd5e5908,,,event_observed_but_time_from_cutoff_pending_deployment_evidence
openleverage,bsc,2023-10-22,1,publicly_documented_exploit_incident,654f68a7a2afa70319c628bab97c627cb470f2f69b7a6e866b13a5689fc30f3d,,,event_observed_but_time_from_cutoff_pending_deployment_evidence
zs,bsc,2023-10-08,1,publicly_documented_exploit_incident,b503ee263e167bb1e9fc5c91e7df46904eb33a13d2a864d82f3035214dc0fbf4,,,event_observed_but_time_from_cutoff_pending_deployment_evidence
wiselending,ethereum,2023-10-13,1,publicly_documented_exploit_incident,fe4ed68a0d11da3971450e0fc0bfe4d199e0e390deb63e1df86381c1747e3f10,,,event_observed_but_time_from_cutoff_pending_deployment_evidence
pseudoeth,ethereum,2023-10-08,1,publicly_documented_exploit_incident,7367a892fb5af9fd9f54b20be34fbf9f07f2c20629b7196b40d75f65936feb46,,,event_observed_but_time_from_cutoff_pending_deployment_evidence
ktaf,ethereum,2023-10-19,1,publicly_documented_exploit_incident,91ed447eedeac861483bcb32fe39cf0f028a35e3a80b97590af5d896965fb3b4,,,event_observed_but_time_from_cutoff_pending_deployment_evidence
3913,bsc,2023-11-02,1,publicly_documented_exploit_incident,20362fa28aa1bb400084b54890828ea4b8659ffc51d056fb6bba1172b04e8731,,,event_observed_but_time_from_cutoff_pending_deployment_evidence
burntbubba,ethereum,2023-11-29,1,publicly_documented_exploit_incident,366337a679c5ba2ed9ef400c4d32ebc352b5fe185180f081b8914db6a7eada2b,,,event_observed_but_time_from_cutoff_pending_deployment_evidence
fiberrouter,bsc,2023-11-28,1,publicly_documented_exploit_incident,95e91dd1b0cd068b0894f826cee24f481cbae5f53f92b24d7f8f5720604ba795,,,event_observed_but_time_from_cutoff_pending_deployment_evidence
carolprotocol,base,2023-11-30,1,publicly_documented_exploit_incident,9033a03fb8b67fb19794406d2629035a33362c3189cedc26dc77bdb8cb78c188,,,event_observed_but_time_from_cutoff_pending_deployment_evidence
ehx,bsc,2023-11-15,1,publicly_documented_exploit_incident,a18c1d9fe7bf05d142752c8e0f8f37630c645e3812628dd1b9fefbc27a7b7fbf,,,event_observed_but_time_from_cutoff_pending_deployment_evidence
mahalend,ethereum,2023-11-11,1,publicly_documented_exploit_incident,06a6d113019acfeb5d11061532075f5f388fa6e5707881f5ed656071edc3ced3,,,event_observed_but_time_from_cutoff_pending_deployment_evidence
swampfinance,bsc,2023-11-01,1,publicly_documented_exploit_incident,eb471c333ebe8db5610ae95946d94aed50d9c24c5cffc4db6f38a5d78fde763c,,,event_observed_but_time_from_cutoff_pending_deployment_evidence
raft,ethereum,2023-11-10,1,publicly_documented_exploit_incident,cd2bdd74e5aee1be8cba6a272c1b7db7894120764fc783c363fdac039aff50fe,,,event_observed_but_time_from_cutoff_pending_deployment_evidence
rbalancer,ethereum,2023-11-07,1,publicly_documented_exploit_incident,f98b66442523d7382a3a7b7768fa85a68ce5e95cf5aa81f7e5e42c6e811bd5f2,,,event_observed_but_time_from_cutoff_pending_deployment_evidence
shibatoken,bsc,2023-11-17,1,publicly_documented_exploit_incident,b7cada09b59c506a4279b6085113710972cd4b2e987982fdf0cf8f66a2f23e9e,,,event_observed_but_time_from_cutoff_pending_deployment_evidence
weco,bsc,2023-11-16,1,publicly_documented_exploit_incident,14401dcdb399156770a4d9b4ffb98d2e2a6944a63b11fa8b97a631fe80020e24,,,event_observed_but_time_from_cutoff_pending_deployment_evidence
thenftv2,ethereum,2023-11-25,1,publicly_documented_exploit_incident,19f81547a90b10e10774cc280d2fe983bd9e783d44d5a7e1c549a539e3c657de,,,event_observed_but_time_from_cutoff_pending_deployment_evidence
onyxprotocol,ethereum,2023-11-01,1,publicly_documented_exploit_incident,7116148618bbe8823ac7a52bfaf220ce1b34c08acf031c7c8981600fbd92b5a2,,,event_observed_but_time_from_cutoff_pending_deployment_evidence
bct,bsc,2023-12-09,1,publicly_documented_exploit_incident,d383d3e9c327db3e9d2a87f0fc215949e69191db48a244738eb1159f162ba6e7,,,event_observed_but_time_from_cutoff_pending_deployment_evidence
trustpad,bsc,2023-11-06,1,publicly_documented_exploit_incident,4d6b4d45d86c9c069ff296c83604a785dfcc737cd3d9b51d7a8bc3506f41a170,,,event_observed_but_time_from_cutoff_pending_deployment_evidence
grok,ethereum,2023-11-10,1,publicly_documented_exploit_incident,e6dfdd6d17f539627a862d0a82813a66ea958dab84e88a02b14a2b1ac525fd46,,,event_observed_but_time_from_cutoff_pending_deployment_evidence
goodcompound,ethereum,2023-12-11,1,publicly_documented_exploit_incident,7dc5d204b5cb5a34028972db2983f76e1a720919fabdf794e811acb9d09a6488,,,event_observed_but_time_from_cutoff_pending_deployment_evidence
bearndao,bsc,2023-12-05,1,publicly_documented_exploit_incident,5dee561336da19644235b4f8c44cb6d54b8c7dde9d4fe0591286868da1ec2627,,,event_observed_but_time_from_cutoff_pending_deployment_evidence
hypr,ethereum,2023-12-13,1,publicly_documented_exploit_incident,e3739679326c6468745c0daeac1cce1d40126fb342045cebba0b2f68c218a8c9,,,event_observed_but_time_from_cutoff_pending_deployment_evidence
floorprotocol,ethereum,2023-12-17,1,publicly_documented_exploit_incident,d552f58095a5c1b67278afdd5a9f1346ae00d63ce1b4de551a6e1b351e2523ad,,,event_observed_but_time_from_cutoff_pending_deployment_evidence
xai,bsc,2023-11-15,1,publicly_documented_exploit_incident,61aa313d22ea002b4b00c6a6de0a36276886e72679c6ddb006a2b8795deb1a33,,,event_observed_but_time_from_cutoff_pending_deployment_evidence
mamo,bsc,2023-12-05,1,publicly_documented_exploit_incident,b179fe0d475faa52efde723526c07cfa6d03e48171fb2fddb5afc889107b6a26,,,event_observed_but_time_from_cutoff_pending_deployment_evidence
gooddollar,ethereum,2023-12-16,1,publicly_documented_exploit_incident,6a95eea8103582c2f5632f1537abceaed8eff172c0887c3cc15a60354a1fd7d3,,,event_observed_but_time_from_cutoff_pending_deployment_evidence
kest,bsc,2023-12-16,1,publicly_documented_exploit_incident,99d06bdb5b484c933c76644cf093265b2be4def011b3434388bdd1481f20e471,,,event_observed_but_time_from_cutoff_pending_deployment_evidence
nfttrader,ethereum,2023-12-16,1,publicly_documented_exploit_incident,55ef990ada51be5cab3dba4ee4608c297453af35b523388f7a3290b3bc02400f,,,event_observed_but_time_from_cutoff_pending_deployment_evidence
pineprotocol,ethereum,2023-12-22,1,publicly_documented_exploit_incident,88724faa3deeba2c694b22a6f2b8f554d6a452e55f7d5866e7fb67bbe517c669,,,event_observed_but_time_from_cutoff_pending_deployment_evidence
cfc,bsc,2023-06-15,1,publicly_documented_exploit_incident,77b3284608b7251b4ae0b068d00f1561974249a2e86071fcc807e3196eb56a83,,,event_observed_but_time_from_cutoff_pending_deployment_evidence
shido,bsc,2023-06-23,1,publicly_documented_exploit_incident,02f500349f984568ee26a4a76e055cc50cee94249fb6cd64987772f0187ecf20,,,event_observed_but_time_from_cutoff_pending_deployment_evidence
paraspace,ethereum,2023-03-17,1,publicly_documented_exploit_incident,f76325e990b992d20458c0d86b7fa77bba088347856fc8cd9d4bb12e33b3dfc0,,,event_observed_but_time_from_cutoff_pending_deployment_evidence
allbridge_2,bsc,2023-04-02,1,publicly_documented_exploit_incident,9e6ba73f3f619cf65fc515389a80b649a51aa891855bd02aaed3938aad6973b1,,,event_observed_but_time_from_cutoff_pending_deployment_evidence
lusd,bsc,2023-07-07,1,publicly_documented_exploit_incident,548fa2554a015e3e4ac4533680e800fbfed217cea5fb939376b2e620239adfc3,,,event_observed_but_time_from_cutoff_pending_deployment_evidence
gss,bsc,2023-08-24,1,publicly_documented_exploit_incident,0122f962f73ed6d70d7072a745df25f84bcc6f37a84e727e4be922b835e36529,,,event_observed_but_time_from_cutoff_pending_deployment_evidence
xsdwethpool,bsc,2023-09-26,1,publicly_documented_exploit_incident,5171a72c631a0930c60cf394ca3b8b53732efe7023d737f87503743b37eb8dc8,,,event_observed_but_time_from_cutoff_pending_deployment_evidence
laeeb,bsc,2023-10-30,1,publicly_documented_exploit_incident,5d8182089bda62f6d5bf44380c6d651479cecf5301f21a488a6128e18fef824e,,,event_observed_but_time_from_cutoff_pending_deployment_evidence
ais,bsc,2023-11-29,1,publicly_documented_exploit_incident,201fb0e192b801dcf1d6a5bd5cb66779a4a53d0312239f571733153ff40c12c6,,,event_observed_but_time_from_cutoff_pending_deployment_evidence
hct,bsc,2023-09-07,1,publicly_documented_exploit_incident,9f533b702a0b779e816436d168cac8002a4e871939e3c2589b2e6b0e106533dc,,,event_observed_but_time_from_cutoff_pending_deployment_evidence
lqdx_alert,ethereum,2024-01-10,1,publicly_documented_exploit_incident,d30061a939fbd172dd528982a413b74d964553eaf8a2aa841dbf758a368fee8e,,,event_observed_but_time_from_cutoff_pending_deployment_evidence
bmizapper,ethereum,2024-01-17,1,publicly_documented_exploit_incident,3639359f34a51931ad664ca625decddd72117909a07861077bb648ff94277c3c,,,event_observed_but_time_from_cutoff_pending_deployment_evidence
mic,bsc,2024-01-02,1,publicly_documented_exploit_incident,949c8d012eb705b561f67c12fe8ae383cc1da5479537f8f136bc7ad1b38971ff,,,event_observed_but_time_from_cutoff_pending_deployment_evidence
barleyfinance,ethereum,2024-01-28,1,publicly_documented_exploit_incident,db29e517b67f809a29faeda998ccaf52c5c2cdbf28690ee42a52da070f9c0dbb,,,event_observed_but_time_from_cutoff_pending_deployment_evidence
mimspell2,ethereum,2024-01-30,1,publicly_documented_exploit_incident,7d204cc7ae208880f66356502374e7a7f0f35543be63f2bbaca9a9a8da3c9dd3,,,event_observed_but_time_from_cutoff_pending_deployment_evidence
peapodsfinance,ethereum,2024-01-29,1,publicly_documented_exploit_incident,c5deade4aaa511c50cb8d90d1504dd401639fdb69b10edcef3754925cfa6f6cf,,,event_observed_but_time_from_cutoff_pending_deployment_evidence
wiselending02,ethereum,2024-01-12,1,publicly_documented_exploit_incident,50b2a0eee9425c4ead1268ef12814a6a8221bd166b4753b3889b49cacf3d3f14,,,event_observed_but_time_from_cutoff_pending_deployment_evidence
socketgateway,ethereum,2024-01-12,1,publicly_documented_exploit_incident,2b4ce27886dead1cc4ae34b1a0a69a1ea6dd8104f38a47c8116ef22a96daefe4,,,event_observed_but_time_from_cutoff_pending_deployment_evidence
wiselending03,ethereum,2024-01-12,1,publicly_documented_exploit_incident,50b2a0eee9425c4ead1268ef12814a6a8221bd166b4753b3889b49cacf3d3f14,,,event_observed_but_time_from_cutoff_pending_deployment_evidence
xsij,bsc,2024-01-30,1,publicly_documented_exploit_incident,c97b25d36a3fef48ca7bc8103e8c1d6e579339f997e43c74bb817ab44d6c87e4,,,event_observed_but_time_from_cutoff_pending_deployment_evidence
adc,ethereum,2024-02-02,1,publicly_documented_exploit_incident,a6aa25024b5c3c0ca953e7b98316fd7bea7461755f9dd2af8526f13f007c4aa3,,,event_observed_but_time_from_cutoff_pending_deployment_evidence
affinedefi,ethereum,2024-02-01,1,publicly_documented_exploit_incident,eb180fbd5bee6ef5019e8e555a2c17119054757202ebb0bf4a43a0dacaf00618,,,event_observed_but_time_from_cutoff_pending_deployment_evidence
compounduni,ethereum,2024-02-23,1,publicly_documented_exploit_incident,ffcee63a14befeae862132a30476945ce2fde227a46721041038e0787bacfa20,,,event_observed_but_time_from_cutoff_pending_deployment_evidence
burnsdefi,bsc,2024-02-05,1,publicly_documented_exploit_incident,265e1eac745e43e9ee9a6276b6b6ee88b14f5fe4d6df50467ee5f484defad84c,,,event_observed_but_time_from_cutoff_pending_deployment_evidence
bob,bsc,2023-12-17,1,publicly_documented_exploit_incident,17f5d16399b99744915e61ff799b26570429e1006f523638a7966750b038ecb5,,,event_observed_but_time_from_cutoff_pending_deployment_evidence
blueberryprotocol,ethereum,2024-02-23,1,publicly_documented_exploit_incident,60aabd122c2d8b0061099f513c14957a2e5da4068f4db46d6a27ca467556cc05,,,event_observed_but_time_from_cutoff_pending_deployment_evidence
deeznutz404,ethereum,2024-02-21,1,publicly_documented_exploit_incident,f6952ee7e82c2330ee34a5e0523ea1c385dd30587c5e8642f85c77ea465cd7b8,,,event_observed_but_time_from_cutoff_pending_deployment_evidence
bzx2,ethereum,2023-12-02,1,publicly_documented_exploit_incident,9fc1c25f3ca0e8392d8d191c970f073b19918428eb969b4ed2297cb5018c42bf,,,event_observed_but_time_from_cutoff_pending_deployment_evidence
game,ethereum,2024-02-11,1,publicly_documented_exploit_incident,94218a4c59634455733d1e133df7bc0e2f2748862665e422d3583a86c46770ca,,,event_observed_but_time_from_cutoff_pending_deployment_evidence
dualpools,bsc,2024-02-15,1,publicly_documented_exploit_incident,bcaaf111f622e5eeae5e08b76b369ca38ef7be3bee6d3114848f7104456432d9,,,event_observed_but_time_from_cutoff_pending_deployment_evidence
miner_bsc,bsc,2024-02-13,1,publicly_documented_exploit_incident,27d1222a244c0e8696cf08e8ac3f932d4a07a63c654a26fa0b5ea764e5747c47,,,event_observed_but_time_from_cutoff_pending_deployment_evidence
particletrade,ethereum,2024-02-16,1,publicly_documented_exploit_incident,c17093906d9fddeb7232d9d0103a9478c8297d0a7f3a7cbcc76ce13c9f834755,,,event_observed_but_time_from_cutoff_pending_deployment_evidence
pandora,ethereum,2024-02-08,1,publicly_documented_exploit_incident,16591f0b417fe89d668500391323f06f3915d4146bee27f6d215479ca4c7ceb0,,,event_observed_but_time_from_cutoff_pending_deployment_evidence
ruggedart,ethereum,2024-02-19,1,publicly_documented_exploit_incident,b96e4beae540039d7e5eb0ee288ff680aeccac877eb67d614b67e34f9a989e54,,,event_observed_but_time_from_cutoff_pending_deployment_evidence
miner,ethereum,2024-02-15,1,publicly_documented_exploit_incident,0775a94dcf7643f9030636f2a55469244d0a21be30cdce0696e51ed46424a1bd,,,event_observed_but_time_from_cutoff_pending_deployment_evidence
seneca,ethereum,2024-02-28,1,publicly_documented_exploit_incident,b05abcad1d388f6ff123057d5f2c3487ce8e1eec7726cd59dbbee28367ebe03c,,,event_observed_but_time_from_cutoff_pending_deployment_evidence
alp,bsc,2024-03-06,1,publicly_documented_exploit_incident,0de79cc11a059ace9aefeb2886e4c5ffb713f2bb9621c23cb169bbba910783bd,,,event_observed_but_time_from_cutoff_pending_deployment_evidence
ethfin,bsc,2024-03-29,1,publicly_documented_exploit_incident,f01386ab0de755e57cfd0f723a643a2e766247e7fcafcb7f81cb5b11143c8a61,,,event_observed_but_time_from_cutoff_pending_deployment_evidence
ark,bsc,2024-03-24,1,publicly_documented_exploit_incident,e50a7bb3c2733107603adfed5372d02745bd5174cb3fdd84c7e6353a471e22c9,,,event_observed_but_time_from_cutoff_pending_deployment_evidence
bbt,ethereum,2024-03-12,1,publicly_documented_exploit_incident,9f2f49493c72fe8ff43d79ef586532411912c67d0983cfb540131258f49b21da,,,event_observed_but_time_from_cutoff_pending_deployment_evidence
binemon,bsc,2024-03-11,1,publicly_documented_exploit_incident,e8a887a999b4b3b770c4e49747a6390331349d4a954b8ab626726e5a4c9039a1,,,event_observed_but_time_from_cutoff_pending_deployment_evidence
juice,ethereum,2024-03-09,1,publicly_documented_exploit_incident,edf95975a839530d3698c70183349a2307d95b1085ccd96ab1b1ddac7ed034be,,,event_observed_but_time_from_cutoff_pending_deployment_evidence
tgbs,bsc,2024-03-06,1,publicly_documented_exploit_incident,dada65ea568337224ab95364259cae8ae28d0a3c01c7af53d4e10f0632ab8863,,,event_observed_but_time_from_cutoff_pending_deployment_evidence
atm,bsc,2024-04-01,1,publicly_documented_exploit_incident,95cee1d24d8650f9da0c59a2a9aff8afbd3fdd0f132af668b75a59c276d78c2e,,,event_observed_but_time_from_cutoff_pending_deployment_evidence
chaingefinance,bsc,2024-04-15,1,publicly_documented_exploit_incident,7177e57a26a75280777bdd502119c6fb1d38129c8dcb82e0eadb355285b1e5da,,,event_observed_but_time_from_cutoff_pending_deployment_evidence
fil314,bsc,2024-04-12,1,publicly_documented_exploit_incident,19e1ba93150df827693daea4c2be72ca054e7604db321bcee0f958405e98cbd2,,,event_observed_but_time_from_cutoff_pending_deployment_evidence
gfa,bsc,2024-04-15,1,publicly_documented_exploit_incident,858e84f822ad2f3a83fe2fb90327c14e4d0b69f1378e126433c6d807044c7072,,,event_observed_but_time_from_cutoff_pending_deployment_evidence
hackathon,bsc,2024-04-14,1,publicly_documented_exploit_incident,b5624d43a70c90edbd8c0bd3d1f0371f59b3cb0e663515cc394e09736f6d6fbb,,,event_observed_but_time_from_cutoff_pending_deployment_evidence
hoppyfrogerc,ethereum,2024-04-02,1,publicly_documented_exploit_incident,bf3fd47a10acdd2313a5c52a3c1e2043ba7f7f250781dcd166ed5a2a7824c939,,,event_observed_but_time_from_cutoff_pending_deployment_evidence
hedgeyfinance,ethereum,2024-04-19,1,publicly_documented_exploit_incident,da054823043fabcbaea1af2633f5fbfd808347c1eed7abc0810e4f2d10ddff04,,,event_observed_but_time_from_cutoff_pending_deployment_evidence
ngfs,bsc,2024-04-25,1,publicly_documented_exploit_incident,cdc98e342b5f20196760b8f3f3fa386d8ace8de704cd4376f967a19581aea5ff,,,event_observed_but_time_from_cutoff_pending_deployment_evidence
satx,bsc,2024-04-16,1,publicly_documented_exploit_incident,175d3783beef60cdcf7797db25f9faa90f4ff8539e9df558f3bb259ec23aa21a,,,event_observed_but_time_from_cutoff_pending_deployment_evidence
squid,bsc,2024-04-08,1,publicly_documented_exploit_incident,9aeb0332c8dd2dcc094ae6b2e1d3d8e3ea2429456e4b640a45aea0a323a2fc94,,,event_observed_but_time_from_cutoff_pending_deployment_evidence
ups,bsc,2024-04-09,1,publicly_documented_exploit_incident,51f78c033326ec8fd168324bd0ac45d36c26d4f1f940e092aad883cd7af4b139,,,event_observed_but_time_from_cutoff_pending_deployment_evidence
openleverage2,bsc,2024-04-01,1,publicly_documented_exploit_incident,8928afa376159d465de3d9059561b81929a7a6678a01ddfd9373bddab7bfc12a,,,event_observed_but_time_from_cutoff_pending_deployment_evidence
wsm,bsc,2024-04-04,1,publicly_documented_exploit_incident,6ebf183070e1711164de4a9e5441d20d49ab6642ebfb907bbad78b3ab459f279,,,event_observed_but_time_from_cutoff_pending_deployment_evidence
z123,bsc,2024-04-22,1,publicly_documented_exploit_incident,e6a272d372505fb0eb121b5577cad10ae7ee0fe1346ec4cc2ff01c9d29be86b5,,,event_observed_but_time_from_cutoff_pending_deployment_evidence
yiedl,bsc,2024-04-24,1,publicly_documented_exploit_incident,76033ec824db565b5b708643aaf40a4d7a0541b1c1fb24f9c12e012870dc58b7,,,event_observed_but_time_from_cutoff_pending_deployment_evidence
burner,ethereum,2024-05-22,1,publicly_documented_exploit_incident,9dd327b708361039ad9eae2dc3d7fcf60cbf785ebdb2c4212f6a6a3c93a1493a,,,event_observed_but_time_from_cutoff_pending_deployment_evidence
excommunity,bsc,2024-05-28,1,publicly_documented_exploit_incident,26d6230ac9333918e343cfd541228c24d7433528e51810166077f16609a20473,,,event_observed_but_time_from_cutoff_pending_deployment_evidence
sumermoney,base,2024-04-12,1,publicly_documented_exploit_incident,6cc89722848c536bcd753f43891230e7b3a988e74cdc7d55656ff1fc0078e409,,,event_observed_but_time_from_cutoff_pending_deployment_evidence
metadragon,bsc,2024-05-29,1,publicly_documented_exploit_incident,1e9b3302b8ae889be71e7956627b95c3c1ab4311ce3571bab3ad4d931b13ebd2,,,event_observed_but_time_from_cutoff_pending_deployment_evidence
gpu,bsc,2024-05-08,1,publicly_documented_exploit_incident,027e56e1e787248ceae2146fecdfdac737957ba29b3ebceb2270e2aaee7c6622,,,event_observed_but_time_from_cutoff_pending_deployment_evidence
liquiditytokens,bsc,2024-05-31,1,publicly_documented_exploit_incident,a4cea0dac6a525cc4a4cce0b03ddd11e80fcb5432ec49be30d50c2300f1584ae,,,event_observed_but_time_from_cutoff_pending_deployment_evidence
redkeyscoin,bsc,2024-05-27,1,publicly_documented_exploit_incident,672316711fec40f5ea6c201714b27271557d853c8e4ab5fcd177a9e7d3210d23,,,event_observed_but_time_from_cutoff_pending_deployment_evidence
normie,base,2024-05-26,1,publicly_documented_exploit_incident,1668476350face84c4047a54866f1d20196edb0343f825c46251fd24fff24262,,,event_observed_but_time_from_cutoff_pending_deployment_evidence
osn,bsc,2024-05-06,1,publicly_documented_exploit_incident,878a5450867bc251fd18574d2e3f1a024904b760638fb6c3d600f58ca029b29e,,,event_observed_but_time_from_cutoff_pending_deployment_evidence
tsuru,base,2024-05-10,1,publicly_documented_exploit_incident,607e6288b33aa05c4c1e86e9ee60b010e010f81d934b22d13ecbb02d6185dde0,,,event_observed_but_time_from_cutoff_pending_deployment_evidence
apemaga,ethereum,2024-06-27,1,publicly_documented_exploit_incident,1cc128736e14561a77c3b37726783777bcab7d3d2a38aa2eafa21d68ef076c79,,,event_observed_but_time_from_cutoff_pending_deployment_evidence
crb2,bsc,2024-06-16,1,publicly_documented_exploit_incident,d4776b2c0dd3e41c587fb086e813a82db68119563fed2cb7d67be2fad17ea62b,,,event_observed_but_time_from_cutoff_pending_deployment_evidence
incufi,bsc,2024-06-18,1,publicly_documented_exploit_incident,6250ecba3d8bd005ba1e2ac25a675355ca4c85f81f40c89b9498b2ba1c9d56fb,,,event_observed_but_time_from_cutoff_pending_deployment_evidence
ncd,bsc,2024-06-04,1,publicly_documented_exploit_incident,6f85029f0b72cbbaa1d0fc7fbb5c18028f0421d573a709a115fe205e2ef5777b,,,event_observed_but_time_from_cutoff_pending_deployment_evidence
tradeonorion,bsc,2024-05-28,1,publicly_documented_exploit_incident,ee395b7b8664604d26884bba4950beb883014e652e33621ab703f2e428213d69,,,event_observed_but_time_from_cutoff_pending_deployment_evidence
dyson_money,bsc,2024-06-17,1,publicly_documented_exploit_incident,6b70b83131463d105ba87674979eb794bf78d0434383b305cfcdbc206f5f160a,,,event_observed_but_time_from_cutoff_pending_deployment_evidence
steamswap,bsc,2024-06-06,1,publicly_documented_exploit_incident,865b131d37abdd3846e5b68ace04d63088c6bd7499aac7910abb432badb87bbe,,,event_observed_but_time_from_cutoff_pending_deployment_evidence
wifcoin_eth,ethereum,2024-06-16,1,publicly_documented_exploit_incident,02e5f7cd9678ba36d0bafc211d04a7af173bf52b2902e344ab64554d4d14f45d,,,event_observed_but_time_from_cutoff_pending_deployment_evidence
jokinthebox,ethereum,2024-06-11,1,publicly_documented_exploit_incident,5f333e23531dbcee19db71cc3769d32f1c42dd82ba38dbf97100e7a86fe6bf61,,,event_observed_but_time_from_cutoff_pending_deployment_evidence
minestm,bsc,2024-06-06,1,publicly_documented_exploit_incident,05d9d847af27f132d31bcedb1a64626b948ace826f48da0b88ba16b91587cc7e,,,event_observed_but_time_from_cutoff_pending_deployment_evidence
will,bsc,2024-06-28,1,publicly_documented_exploit_incident,16d88ba48c4ac6c996656b8ca27e6b2073306268e38ddfcc41f9d4646377261a,,,event_observed_but_time_from_cutoff_pending_deployment_evidence
lifiprotocol,ethereum,2024-07-16,1,publicly_documented_exploit_incident,e8e121d5de7030d1d274a4972ebd892379d40c8837495806c74495f2a9274b4d,,,event_observed_but_time_from_cutoff_pending_deployment_evidence
uwulend_first,ethereum,2024-06-10,1,publicly_documented_exploit_incident,7e27bb03655f190748615cafa04070180604951c35d0f02142118ca72f5ed9d1,,,event_observed_but_time_from_cutoff_pending_deployment_evidence
lw2,bsc,2024-07-08,1,publicly_documented_exploit_incident,562c2bf8251f39c743b041c6b3317e9ce092efcd8a832b03b709dcaef35dd5da,,,event_observed_but_time_from_cutoff_pending_deployment_evidence
uwulend_second,ethereum,2024-06-10,1,publicly_documented_exploit_incident,7e27bb03655f190748615cafa04070180604951c35d0f02142118ca72f5ed9d1,,,event_observed_but_time_from_cutoff_pending_deployment_evidence
doughfina,ethereum,2024-07-12,1,publicly_documented_exploit_incident,2335acf0887a379586c363fec975ab864083cce6a7c2c3a8ad7fbedb715b8130,,,event_observed_but_time_from_cutoff_pending_deployment_evidence
mrp,bsc,2024-07-02,1,publicly_documented_exploit_incident,e060c2a1d41dd6c4682fc33ab0cb9e7939af9badf6cc1d0f328cda0621ffa293,,,event_observed_but_time_from_cutoff_pending_deployment_evidence
defiplaza,ethereum,2024-07-05,1,publicly_documented_exploit_incident,2d8afd77adac1ebdad1aeb4157172d3a0f28b5d2d79d1dfe49808a1b97d6b8f5,,,event_observed_but_time_from_cutoff_pending_deployment_evidence
sbt,bsc,2024-07-11,1,publicly_documented_exploit_incident,17405e0bf5a7276d789d4514a7423a4b31e180f06ff259581982046810c6efc3,,,event_observed_but_time_from_cutoff_pending_deployment_evidence
yodlrouter,ethereum,2024-08-14,1,publicly_documented_exploit_incident,36acc17e9643c2cee1d7676b67516a6e87845f34933179f859fcd4b5de32b665,,,event_observed_but_time_from_cutoff_pending_deployment_evidence
ompxcontract,ethereum,2024-08-16,1,publicly_documented_exploit_incident,ad9ffb6dea1f9d35dbdc975d55d68981e8b91afebeb3862781d6042c530da459,,,event_observed_but_time_from_cutoff_pending_deployment_evidence
ivestdao,bsc,2024-08-12,1,publicly_documented_exploit_incident,3e9d05606143ba2e59f912faca07eac1de876f180a999935f818fd4d5588d987,,,event_observed_but_time_from_cutoff_pending_deployment_evidence
spectra_finance,ethereum,2024-07-24,1,publicly_documented_exploit_incident,87023fdb4a96cd88d008c1da77ba300aff39d330f447d3aaa157166628821278,,,event_observed_but_time_from_cutoff_pending_deployment_evidence
zenterest,ethereum,2024-08-16,1,publicly_documented_exploit_incident,2a448a612293c9d84ff9cbe27ad819a7d38ad525d20b1906a248715619aed9ad,,,event_observed_but_time_from_cutoff_pending_deployment_evidence
convergence,ethereum,2024-08-01,1,publicly_documented_exploit_incident,b8311c732b7cebbbb253467cc6bdb4cc1cbc33dedae240f24d6305d42124358e,,,event_observed_but_time_from_cutoff_pending_deployment_evidence
bankroll,bsc,2024-09-23,1,publicly_documented_exploit_incident,3c39a86665ecc26c9982889d59c366c58a1bdf8a29ae0c6b4be700b22fbc8666,,,event_observed_but_time_from_cutoff_pending_deployment_evidence
caterpillar_coin_cut,bsc,2024-09-10,1,publicly_documented_exploit_incident,cf32cd5a5a6b4da42050cc415153314d929909395b95937ca1248f0c79b71774,,,event_observed_but_time_from_cutoff_pending_deployment_evidence
otseastaking,ethereum,2024-09-13,1,publicly_documented_exploit_incident,658f99af8543e5f9c74db757b63c9621b283f8d91aed1805b3a1f953901553e9,,,event_observed_but_time_from_cutoff_pending_deployment_evidence
bedrock_defi,bsc,2024-09-26,1,publicly_documented_exploit_incident,9aa197eace1fcf522dfd1ee2eebc75a566d3b810cb51e7b136536c595df81301,,,event_observed_but_time_from_cutoff_pending_deployment_evidence
aizpttoken,bsc,2024-10-05,1,publicly_documented_exploit_incident,72807c8cebe2203904864485f9f63f2014d9c4a22a65b77ffbae3fd31b5786ac,,,event_observed_but_time_from_cutoff_pending_deployment_evidence
onyxdao,ethereum,2024-09-26,1,publicly_documented_exploit_incident,9313f6a01a70788eb7e77125e1eb2cf6cd2391d272fec34298301bd064e99f73,,,event_observed_but_time_from_cutoff_pending_deployment_evidence
firetoken,ethereum,2024-10-01,1,publicly_documented_exploit_incident,6a099adc701f693ef503888008c6d702fd8ede71d6ddbb4d14f8845bf61f566c,,,event_observed_but_time_from_cutoff_pending_deployment_evidence
hydt,bsc,2024-10-10,1,publicly_documented_exploit_incident,d03b733d95e5e35cab9dba563e3ecb4185c482f5b3b124ebcce29958df36e9fa,,,event_observed_but_time_from_cutoff_pending_deployment_evidence
sashatoken,ethereum,2024-10-06,1,publicly_documented_exploit_incident,ff95f733a3492e41e8a2411bcfdcba000fe21f3315c857351d3d8c346b3b903a,,,event_observed_but_time_from_cutoff_pending_deployment_evidence
morphoblue,ethereum,2024-10-13,1,publicly_documented_exploit_incident,d183dfa70752be760bff13a307b62b2dd981f393011e68cb3abffe1f99a43fa8,,,event_observed_but_time_from_cutoff_pending_deployment_evidence
penpiexyzio,ethereum,2024-09-03,1,publicly_documented_exploit_incident,718b51fd914b292ad81f374f7b05f598beb46923d3d6438ea5bf80ed0aa91bac,,,event_observed_but_time_from_cutoff_pending_deployment_evidence
vista,bsc,2024-10-22,1,publicly_documented_exploit_incident,f7ec459e7280d79f1fa7ab6dd7bc9ad362da13664762a503ad3aec7309b64cd9,,,event_observed_but_time_from_cutoff_pending_deployment_evidence
labubu,bsc,2024-12-10,1,publicly_documented_exploit_incident,19e682e9dfe45d9fa00557e81932420636f4a0abfa95a4b365c985496020ff07,,,event_observed_but_time_from_cutoff_pending_deployment_evidence
pledge,bsc,2024-12-03,1,publicly_documented_exploit_incident,bbd7857a04b61866f20b3ae8c1b80afc2339103d3359a42af7253db0c510a94b,,,event_observed_but_time_from_cutoff_pending_deployment_evidence
veth,ethereum,2024-11-14,1,publicly_documented_exploit_incident,fc813b43840d85f7d8d31498638a4b8e2ab8afb5d76cd912d0b9d119fb604418,,,event_observed_but_time_from_cutoff_pending_deployment_evidence
gain,ethereum,2024-02-21,1,publicly_documented_exploit_incident,8481bf88380d95cfcd6dd0107aceb38157f92251d744f439b8d8322b5a858b82,,,event_observed_but_time_from_cutoff_pending_deployment_evidence
it,bsc,2024-03-13,1,publicly_documented_exploit_incident,24b3ff5aa8ea66c76b0175a2eb51abdd7641c659bb0e57687f8f765b165ca5bc,,,event_observed_but_time_from_cutoff_pending_deployment_evidence
cloberdex,base,2024-12-10,1,publicly_documented_exploit_incident,30394d79e505bad575a4eab456ad11a0e72a8b0db7dbae41a6053522f0f35850,,,event_observed_but_time_from_cutoff_pending_deployment_evidence
98_token,bsc,2025-01-04,1,publicly_documented_exploit_incident,d7cab897fa212182e113a8929d53405302ae17d87f7911c1e92e29a44c417d82,,,event_observed_but_time_from_cutoff_pending_deployment_evidence
ast,bsc,2025-01-21,1,publicly_documented_exploit_incident,7b7a89fd412d9b417ccc04f2de16350b219139c4e166ff7202a34b4a7e9aae50,,,event_observed_but_time_from_cutoff_pending_deployment_evidence
ipc,bsc,2025-01-07,1,publicly_documented_exploit_incident,ddc79cd55c305763b5718c12d1e60770fa5b11982bab363fd06156b14c7cb62a,,,event_observed_but_time_from_cutoff_pending_deployment_evidence
xbridge,ethereum,2024-04-24,1,publicly_documented_exploit_incident,70e2ab58742aaf9a4e662227327ef2ae7b16b5e08895955bd63d80b4c12066b9,,,event_observed_but_time_from_cutoff_pending_deployment_evidence
idols_nft,ethereum,2025-01-14,1,publicly_documented_exploit_incident,868b9be18a0789554d921c0844e28292c78530ef4c77e73c58e41c2895ef3742,,,event_observed_but_time_from_cutoff_pending_deployment_evidence
j_pulsepot,bsc,2025-01-10,1,publicly_documented_exploit_incident,3ee5050bda4d0e1f19bba7164803941d3b2da80284574919148fa049305d9bf3,,,event_observed_but_time_from_cutoff_pending_deployment_evidence
lp_mine,bsc,2025-01-08,1,publicly_documented_exploit_incident,ec6abfb622ba7cade51ab49c3950a4d05f635e22cd6da425fb166d0a96b3ba0b,,,event_observed_but_time_from_cutoff_pending_deployment_evidence
laura_token,ethereum,2025-01-01,1,publicly_documented_exploit_incident,72269dc14a594a1f4452e72d8ea001033d3f1be142f70f99b4027eafc10a0124,,,event_observed_but_time_from_cutoff_pending_deployment_evidence
mosca2,bsc,2025-01-13,1,publicly_documented_exploit_incident,70bb53ada5ecbb7f223462e11d68819d493a025d0fc4181128e2a89cfe49358b,,,event_observed_but_time_from_cutoff_pending_deployment_evidence
roulette_pot_v2,bsc,2025-01-11,1,publicly_documented_exploit_incident,310131f5e2fe880e77c795bd5b8dd0eaf979778a71f68e90b67e1720c300dcb4,,,event_observed_but_time_from_cutoff_pending_deployment_evidence
mosca,bsc,2025-01-06,1,publicly_documented_exploit_incident,031f9fa4dfe59c92fb254ee28043c78e1b726a847fbdbb7eb3339c96b1e6a2b5,,,event_observed_but_time_from_cutoff_pending_deployment_evidence
unilend,ethereum,2025-01-12,1,publicly_documented_exploit_incident,8b1235715702a6ae2a395a08d4488b218dabd360ec651856bf11719a1229d1e6,,,event_observed_but_time_from_cutoff_pending_deployment_evidence
sorra_staking,ethereum,2025-01-04,1,publicly_documented_exploit_incident,72a50ee9c275149333cffe99d7b140ed1c513f1e9e1e6e6dbf77a36c06971c18,,,event_observed_but_time_from_cutoff_pending_deployment_evidence
hegic_options,ethereum,2025-02-23,1,publicly_documented_exploit_incident,3c5be337e658080d19945815a4acf5adce8c404702901f9e3a3c48f7a173333c,,,event_observed_but_time_from_cutoff_pending_deployment_evidence
bbx_token,bsc,2025-03-20,1,publicly_documented_exploit_incident,7a596dfc7f7a7ad38424153f28bee003ce1597d2b2e33f59b7f5030d4d628d5d,,,event_observed_but_time_from_cutoff_pending_deployment_evidence
alkimiya_io,ethereum,2025-03-28,1,publicly_documented_exploit_incident,3fae7e8ac1496e86223530df97c7bc816a2095404217ea01bd2e6db853d4db42,,,event_observed_but_time_from_cutoff_pending_deployment_evidence
dcf_token,bsc,2025-03-18,1,publicly_documented_exploit_incident,2cceae84d4d22dec183db761411df55b7c469d510ece8fcd3fd55973d0b0a91b,,,event_observed_but_time_from_cutoff_pending_deployment_evidence
h2o,bsc,2025-03-14,1,publicly_documented_exploit_incident,e04619f112b171c057a18685bf25f254c2c0f75f4324ac7e0ef535c288b06430,,,event_observed_but_time_from_cutoff_pending_deployment_evidence
one_inch_fusion_v1_settlement_hack,ethereum,2025-03-05,1,publicly_documented_exploit_incident,c0e73fc9ba355b62bc560d2500f911f82ebe98ec7f52c7207c5ac3be26e252b2,,,event_observed_but_time_from_cutoff_pending_deployment_evidence
uni,ethereum,2025-03-07,1,publicly_documented_exploit_incident,6b31614b83fddc60c8a340f80c4f42c9fd5b4bff989d430596b100e6397fa167,,,event_observed_but_time_from_cutoff_pending_deployment_evidence
pump,bsc,2025-03-04,1,publicly_documented_exploit_incident,fc2f2cdffec0ec51c4ae3a2e29e5deb1d0fce361ccb8fd7f569c0f526660743c,,,event_observed_but_time_from_cutoff_pending_deployment_evidence
yzi_ai_token,bsc,2025-03-27,1,publicly_documented_exploit_incident,40b9f5217525ed17be6ee0941c1345c8f752f4d1dbf543b943c3d22018b74ecb,,,event_observed_but_time_from_cutoff_pending_deployment_evidence
btnft,bsc,2025-04-18,1,publicly_documented_exploit_incident,fa981b293f7e9d358d5a6f8216bfbd98bfe1b7ebf616d72d04b5e4e0fa161273,,,event_observed_but_time_from_cutoff_pending_deployment_evidence
lifeprotocol,bsc,2025-04-26,1,publicly_documented_exploit_incident,e1faccda5bff74461c84c1bfde7a75781382f17ee9699a67d98ca046abda2277,,,event_observed_but_time_from_cutoff_pending_deployment_evidence
w_key_dao,bsc,2025-03-16,1,publicly_documented_exploit_incident,08b9cc6c8bbb81a82d7e3a613773bb8c5d1e9753e406079010d28524e7504c0d,,,event_observed_but_time_from_cutoff_pending_deployment_evidence
irys_ai,bsc,2025-05-20,1,publicly_documented_exploit_incident,2c35d2c1397633cd9944e9d941c9f3aeec3f392166f4f97eb8f3f517a4c6841a,,,event_observed_but_time_from_cutoff_pending_deployment_evidence
krc_token_pair,bsc,2025-05-18,1,publicly_documented_exploit_incident,68ca49b7b394795a6e23aa81647e2241177135da090857b73976cd82755e9263,,,event_observed_but_time_from_cutoff_pending_deployment_evidence
ydt_token,bsc,2025-05-26,1,publicly_documented_exploit_incident,ff0f4c88f1d45384f5f7b78f1a8b7831af818f893dda537f8fbba0c6d087ca8b,,,event_observed_but_time_from_cutoff_pending_deployment_evidence
aave_boost,ethereum,2025-06-12,1,publicly_documented_exploit_incident,74d7d330347502a2dbcdfaaddd850f3ae98c9dc9429a81679f2c8c859b27dd69,,,event_observed_but_time_from_cutoff_pending_deployment_evidence
usual_money,ethereum,2025-05-27,1,publicly_documented_exploit_incident,34ef2701e724d343ca2baba110514c4767a6eed9978461500dde7c8d7f3f17b7,,,event_observed_but_time_from_cutoff_pending_deployment_evidence
bankroll_network,bsc,2025-06-19,1,publicly_documented_exploit_incident,327bf3cd443ea430ba68422dbd8cc422628addaca9efbdca3694a975b09c4cd1,,,event_observed_but_time_from_cutoff_pending_deployment_evidence
bankroll_stack,bsc,2025-06-19,1,publicly_documented_exploit_incident,e91a6652ba97314bbdc6d92f2eccd85dd7bf20be172d47ca45491c3c72d2e58c,,,event_observed_but_time_from_cutoff_pending_deployment_evidence
gangsterfinance,bsc,2025-06-20,1,publicly_documented_exploit_incident,baa0f2c2134ef6738578bf18ceb471d7dd9687170ab7de7fa6f360562b45ea6e,,,event_observed_but_time_from_cutoff_pending_deployment_evidence
gradient_maker_pool,ethereum,2025-06-23,1,publicly_documented_exploit_incident,80325a42bce63c4a8d42c098e71f7c71997a99f0bfd6283a04966b1ae295d8e1,,,event_observed_but_time_from_cutoff_pending_deployment_evidence
resupply_fi,ethereum,2025-06-26,1,publicly_documented_exploit_incident,37ec9d57ee20099707c557a21daf7c4dadd7235e6de1408b9b96cb980421696c,,,event_observed_but_time_from_cutoff_pending_deployment_evidence
fpc,bsc,2025-07-02,1,publicly_documented_exploit_incident,faab9558aca606fac98dead93ef37b59a55acdf63bf0fe991966e4fd88cfc60e,,,event_observed_but_time_from_cutoff_pending_deployment_evidence
meta_pool,ethereum,2025-06-17,1,publicly_documented_exploit_incident,6488e54ab448d35c1cc6772ca8b9c354721cba5273631dc569eed1b1c0d9e0f2,,,event_observed_but_time_from_cutoff_pending_deployment_evidence
multicall_with_eth,bsc,2025-07-26,1,publicly_documented_exploit_incident,22e73698911b6cd456118a566e0b5ddece2b9e7defebea99680701d9070d7e2b,,,event_observed_but_time_from_cutoff_pending_deployment_evidence
rant_token,bsc,2025-07-05,1,publicly_documented_exploit_incident,42c9dfc3539948eff7d589cd59d879163020e3d8462343776b80b42f9329b4cc,,,event_observed_but_time_from_cutoff_pending_deployment_evidence
swapp_staking,ethereum,2025-07-24,1,publicly_documented_exploit_incident,e97c7209a78e10c67dc32776dab9db5078811a1918f43419341b3bb935852e2c,,,event_observed_but_time_from_cutoff_pending_deployment_evidence
stepp2p,bsc,2025-07-20,1,publicly_documented_exploit_incident,85cc9dd27d13f97d2ca212b7c15e4cabaf13a6c77ae2e6c65ddda9ffdc2668f2,,,event_observed_but_time_from_cutoff_pending_deployment_evidence
abcc_app,bsc,2025-08-23,1,publicly_documented_exploit_incident,191c4358b620a824bc91ec0f61d42b889fcd1400d64dc9304649c348cc66ed08,,,event_observed_but_time_from_cutoff_pending_deployment_evidence
grizzifi,bsc,2025-08-13,1,publicly_documented_exploit_incident,a4ea865cb526c45e99f892fe9bc81a317a3e5ac8f59714be222a1511c830cd2a,,,event_observed_but_time_from_cutoff_pending_deployment_evidence
hexotic,ethereum,2025-08-31,1,publicly_documented_exploit_incident,03be5bc6713f79673187842cfba7e4e83a030915ca5a31d8ab02bc52cfc8fe6f,,,event_observed_but_time_from_cutoff_pending_deployment_evidence
multicall_with_xera,bsc,2025-08-20,1,publicly_documented_exploit_incident,287791b78eeddaf68d34134a19dbe1ed0aa6b70e77643c02c89aaef1b44370a4,,,event_observed_but_time_from_cutoff_pending_deployment_evidence
pdz,bsc,2025-08-15,1,publicly_documented_exploit_incident,14d7899b0f759905857996a3f567b9eeb968588de7966661cd6cd811fcda2087,,,event_observed_but_time_from_cutoff_pending_deployment_evidence
size_credit,ethereum,2025-08-15,1,publicly_documented_exploit_incident,a0697c79c1d7b372a44805a85ce7b120686e946caca56e5748b803be2c328244,,,event_observed_but_time_from_cutoff_pending_deployment_evidence
mim_spell3,ethereum,2025-10-04,1,publicly_documented_exploit_incident,9350c2c30f8f0aeeb3861f0101447586179cc71daacffb0b5af0b336f6a0918b,,,event_observed_but_time_from_cutoff_pending_deployment_evidence
prxvt,base,2026-01-01,1,publicly_documented_exploit_incident,57697fd15baa86700a16f2b49bb8ec5426225bf76709ec9ae98bebd29b40cd64,,,event_observed_but_time_from_cutoff_pending_deployment_evidence
truebit,ethereum,2026-01-09,1,publicly_documented_exploit_incident,669c6b7030c49f285a5bb75c3e322a01c790aefa74c7227262a115eff585e049,,,event_observed_but_time_from_cutoff_pending_deployment_evidence
mttoken,bsc,2026-01-12,1,publicly_documented_exploit_incident,8b426ae0f356aa0cf3a92e974c64cd9e0e5ab0c4f7d085c257c4fde313396aa4,,,event_observed_but_time_from_cutoff_pending_deployment_evidence
synaplogic,base,2026-01-20,1,publicly_documented_exploit_incident,095cfb4d88c5fd72946d211ac489afaca9274134fda74d7ece0dbf2825bb5e55,,,event_observed_but_time_from_cutoff_pending_deployment_evidence
makina,ethereum,2026-01-20,1,publicly_documented_exploit_incident,b7451113225462d8efc9dad7190e230e03838e0717cd85888a2657d480916ac2,,,event_observed_but_time_from_cutoff_pending_deployment_evidence
moonwell,base,2025-11-04,1,publicly_documented_exploit_incident,c8cd6b62d65e95dc4652d82b503ef54b45fe3ce22eb9cf23b0725d44cd090be5,,,event_observed_but_time_from_cutoff_pending_deployment_evidence
laxo_token,bsc,2026-02-22,1,publicly_documented_exploit_incident,94135b68846d6daebe6329c49a8008f89f9a1e0d4d6dd866073cc807f1cb743b,,,event_observed_but_time_from_cutoff_pending_deployment_evidence
curve_llamalend,ethereum,2026-03-02,1,publicly_documented_exploit_incident,a9d92e0a4e28ff120c0f4565e6993a44b3e4da3ddf44bb0bdd442630ca6fede9,,,event_observed_but_time_from_cutoff_pending_deployment_evidence
alkemi_earn,ethereum,2026-03-10,1,publicly_documented_exploit_incident,aaa1d6e33055c30a099f54a19913a83dbc55e9ea6dcea9a910b72c7b37fa373c,,,event_observed_but_time_from_cutoff_pending_deployment_evidence
venus_the,bsc,2026-03-15,1,publicly_documented_exploit_incident,0c2a3805ebc0bad3c52911cdd15bffc0384f339dcd7c7d2708ab7b5f411e7b26,,,event_observed_but_time_from_cutoff_pending_deployment_evidence
futureswap,arbitrum,2026-01-10,1,publicly_documented_exploit_incident,861b38b464ba5520b3ac5295c4763b0a5f3a477bc63f6e32f82b60a533d5a9f4,,,event_observed_but_time_from_cutoff_pending_deployment_evidence
est,bsc,2026-03-27,1,publicly_documented_exploit_incident,cdca6d55c31db9b4fb2eaa5e627cd2b80177fb3488d3cf59357bd48bdd4ccdeb,,,event_observed_but_time_from_cutoff_pending_deployment_evidence
