gate,target,public_external_evidence_found,executed_or_generated_now,chronosaudit_qualification
Dual-provider historical snapshots,417 x >=2 provider families,PublicNode + 1RPC no-key endpoint families identified for all four chains; pinned Sourcify/CyberChainBench can independently corroborate source/deployment/historical-state metadata.,4 JSON-RPC probes attempted in this environment and failed at DNS resolution before reaching providers; full 834-call plan generated.,NOT_CLOSED: successful record-level dual-RPC observations still 0/417.
Independent reviewer labels,834 first-pass labels,Bastet publishes 849 fully expert-annotated findings using two-annotator consensus; CyberChainBench supplies independent structured labels for 541 incidents.,review_workflow.py now produces machine-label-free blinded packets and validates two independent label files.,NOT_CLOSED: external corpora do not label the same 417 cases; ChronosAudit 0/834.
Third-party adjudicated cases,417 final case decisions,Bastet supplies 849 consensus annotations; CyberChainBench supplies 541 curated incident ground-truth records.,"Third-adjudicator ingestion, case-set checks, immutable decision hashes, kappa/Gwet AC1/Krippendorff alpha utilities implemented.",NOT_CLOSED: same-case ChronosAudit adjudication 0/417.
Deployment denominator,">=20,000 real contracts","DIVE independently reports 22,330 real deployed contracts, exceeding the numeric denominator; additional public corpora are larger.",External corpus registry materialized; record-level DIVE/Sourcify ingestion adapters/plans documented.,EXTERNAL_NUMERIC_TARGET_EXISTS; NOT_CHRONOS_QUALIFIED until deployment/cutoff records are materialized and audited.
Matched controls,">=4,170 cutoff-safe controls","DIVE provides >4,170 real-contract candidates; Sourcify exports provide deployment records for multi-chain verified contracts.",Matcher requires positive cutoff and asserts control deployment <= cutoff; 10:1 deterministic matching implemented.,"NOT_CLOSED: cannot call candidates controls without record-level risk-set/outcome follow-up; 0/4,170 qualified."
Longitudinal outcomes,positive events + censored control follow-up,"All 417 positives have incident dates; 383 have >=1 reference, 133 >=2 references, 82 >=2 domains, 60 attack-tx hints.","Positive longitudinal registry generated; KM censoring survival, IPCW binary metrics and best/worst bounds implemented.",PARTIAL: positives complete for event dates; control censoring/outcomes absent.
Complete R5 blocks,>=120 independent mechanism-family blocks,Current preliminary public mechanism normalization yields >120 candidate blocks; CyberChainBench supplies an external five-type taxonomy.,Strict R0-R5 certifier refuses R2-R5 when temporal/protocol/implementation/mechanism keys are incomplete.,NOT_CLOSED: certified highest level R1; R5=0 until independent labels + implementation families + controls.
Independent external reproduction,independent regeneration of ChronosAudit final cohort/partitions,ReEVMBench and CyberChainBench independently reproduce the broader historical/contamination-aware benchmark concept using public artifacts.,Internal clean-room deterministic regeneration remains available.,NOT_CLOSED: external conceptual triangulation != independent ChronosAudit regeneration.
Detector R0-R5 experiment,same detector families evaluated R0 through R5,ICSE 2024 provides five-tool outcomes on 127 attacks; ReEVMBench supplies 26 agent/model/scaffold configurations on 22 post-release incidents; CyberChainBench reports real-incident agent metrics.,R0-R5 certification and leave-one-mechanism-family-out infrastructure is executable and fail-closed.,NOT_CLOSED: no same detector predictions across a ChronosAudit-qualified R0-R5 cohort; generating synthetic scores would invalidate the claim.
