criterion,scope,blocks_benchmark_core_green,measure_denominator,justification,green_proceed,amber_modify,red_stop,evidence_date,owner_authority
pilot_scope_freeze,benchmark_core,true,"documented scope note excluding shadow deployment / 1","Current authority is public-source only; scope drift would breach governance.","Scope note recorded before pilot start.","Minor wording ambiguity only; no operational work included.","Any pilot step includes partner, live-target, nonpublic, or disclosure activity.","2026-08-01","requesting-user + root-integration-owner"
rights_ledger_coverage,benchmark_core,true,"pilot sources with lawful-use path / pilot sources","No definitive work is defensible without explicit source-rights decisions.","Every pilot source has an explicit lawful-use path or metadata-only fallback.","A noncritical source remains pending but can be replaced without changing the pilot aim.","Any critical source lacks a lawful path.","post-pilot","requesting-user"
manifest_completeness,benchmark_core,true,"pilot cases with all critical manifest fields / pilot cases","The benchmark-core claim depends on case-level auditability.","All critical fields are completed without post-cutoff leakage.","Recoverable gaps remain but field rules are clear.","Any critical field is unavailable lawfully or requires ad hoc future information.","post-pilot","future-pilot-owner"
split_rerun_stability,benchmark_core,true,"rerun cases with unchanged split eligibility / rerun cases","Independence controls must be auditable, not one-off judgments.","Independent rerun leaves split eligibility unchanged for all rerun cases.","Disagreements are local and fully resolvable by rule refinement.","Unresolved disagreement changes eligibility for any rerun case.","post-pilot","future-methods-owner"
clone_pipeline_reproducibility,benchmark_core,true,"clean reruns of source+bytecode normalization / planned reruns","Clone control is central to the interaction claim.","Pipeline reruns cleanly with documented versions.","Rerun works only after minor tooling clarification.","Rerun is unstable or undocumented.","post-pilot","future-technical-owner"
mechanism_status_rubric_operability,benchmark_core,true,"pilot examples assigned without ad hoc exceptions / pilot examples","Exploit-family and censor-aware claims need explicit rules.","All pilot examples receive auditable mechanism and status assignments.","A bounded subset requires rule refinement.","Assignments remain subjective or contradictory after rule review.","post-pilot","future-domain-expert + future-statistician"
baseline_reproducibility,benchmark_core,true,"reproduced baseline stages / planned baseline stages","Performance-survival comparisons require a frozen comparator.","Chosen public baseline reproduces cleanly.","Reproduction works only after documented adjustments.","No public baseline can be reproduced or justified.","post-pilot","future-technical-owner"
cost_access_envelope,benchmark_core,true,"pilot tasks with known feasible cost/access path / pilot tasks","Hidden access or cost failures can invalidate the program early.","All pilot tasks fit current public-data resources.","Some costs or access paths remain uncertain but bounded.","Critical access requires unknown or unacceptable cost or terms.","post-pilot","requesting-user"
extension_authority_package,prospective_extension,false,"documented extension prerequisites / required prerequisites","Operational claims are unsafe without governance, adjudication, and partner authority.","Written authority, partner, adjudicator, and follow-up package exist.","Some prerequisites are in progress but extension remains frozen.","Prerequisites are absent.","future-only","requesting-user"
