case_id,case_type,target_or_fixture,prediction_cutoff,cutoff_evidence,prediction_source_or_bytecode,protocol_lineage,normalized_clone_family,proxy_implementation_family,mechanism_family,outcome_status,rights_disposition,split_eligibility,cycle3_evidence_update,critical_gap,evidence_references
CA-P01,fixture,SmartBugs-TokenBank-reentrancy,repository-snapshot-only,commit-230e6491,fixture-source-at-commit,fixture-only,clone-7128a161,none,reentrancy,fixture-confirmed-positive,derived-output-only,FIXTURE_ONLY,cycle1-fixture-record-retained,not-a-real-pre-incident-observation,research-case/02-feasibility/support/pilot-cohort.csv
CA-P02,fixture,SmartBugs-TokenBank-unchecked-call,repository-snapshot-only,commit-230e6491,fixture-source-at-commit,fixture-only,clone-7128a161,none,unchecked-low-level-call,fixture-confirmed-positive,derived-output-only,FIXTURE_ONLY,cycle1-fixture-record-retained,not-a-real-pre-incident-observation,research-case/02-feasibility/support/pilot-cohort.csv
CA-P03,fixture,SmartBugs-Proxy,repository-snapshot-only,commit-230e6491,fixture-source-at-commit,fixture-only,unassigned,proxy-fixture,unrestricted-delegatecall,fixture-confirmed-positive,derived-output-only,FIXTURE_ONLY,cycle1-fixture-record-retained,not-a-real-pre-incident-observation,research-case/02-feasibility/support/pilot-cohort.csv
CA-P04,real-incident,Parity-wallet-0xBEc591De75b8699A3Ba52F073428822d0Bfc0D7e,ethereum-block-4043798,"creation-tx-2017-05-29T12:01:35Z; DeFiHackLabs-replay-fork-4043799-label-only; Cloudflare-trial-RPC-attempt-2026-08-01T19:25:47Z","deployment-provenance-recovered; archive-bytecode-attempt-DNS-failed; source-at-cutoff-unresolved",Parity-wallet,unassigned,unresolved,unprotected-initialization,CONFIRMED_POSITIVE,metadata-link-and-post-cutoff-label-only,HOLD_RECOVERABLE,authorized-two-read-route-exercised-with-transport-failure,prediction-time-source-bytecode-to-source-and-proxy-family-binding,"research-case/02-feasibility/support/pilot-cycle3-archive-access.md | research-case/02-feasibility/support/archive-test-ca-p04-cutoff.json | research-case/02-feasibility/support/archive-test-ca-p04-latest.json | https://etherscan.io/tx/0x63aa819d9e6058020468a161dd2934ef4200804fa181adfd7983c8da91ec4881"
CA-P05,real-incident,Nomad-Replica-0x5d94309e5a0090b165FA4181519701637B6DAEBA,ethereum-block-15259099,"creation-tx-2022-04-21T18:00:05Z; Nomad-docs-updated-2022-06-26; DeFiHackLabs-replay-fork-15259100-label-only","pre-cutoff-docs-link-source; exact-implementation-at-cutoff-unresolved",Nomad,unassigned,proxy-current-edge-inadmissible-for-cutoff,initialization-and-message-validation,CONFIRMED_POSITIVE,metadata-link-and-post-cutoff-label-only,HOLD_RECOVERABLE,cycle2-evidence-retained,pre-cutoff-proxy-implementation-and-upgrade-timestamp,"https://etherscan.io/tx/0x99662dacfb4b963479b159fc43c2b4d048562104fe154a4d0c2519ada72e50bf | https://docs.nomad.xyz/the-nomad-protocol/smart-contracts/replica"
CA-P06,real-incident,Euler-0xf43ce1d09050BAfd6980dD43Cde2aB9F18C85b34,ethereum-block-16817994,"creation-tx-2021-11-29T23:52:22Z; DeFiHackLabs-replay-fork-16817995-label-only","deployment-and-current-bytecode-visible; source-publication-at-cutoff-unresolved",Euler,unassigned,current-proxy-surface-inadmissible-for-cutoff,donation-accounting-liquidation,CONFIRMED_POSITIVE,metadata-link-and-post-cutoff-label-only,HOLD_RECOVERABLE,cycle2-evidence-retained,prediction-time-source-availability-and-protocol-lineage,"https://etherscan.io/tx/0x6f8ae97657668abf965cc627dfa4355e2dd9366d58aaf587e54be60e008ec1ef"
CA-P07,real-incident,Curve-pETH-pool-0x9848482da3Ee3076165ce6497eDA906E66bB85C5,ethereum-block-17806054,"creation-tx-2022-09-27T15:37:11Z; DeFiHackLabs-replay-fork-17806055-label-only","deployment-provenance-recovered; prediction-time-source-and-compiler-unresolved",Curve,unassigned,current-proxy-surface-inadmissible-for-cutoff,reentrancy-compiler-interaction,CONFIRMED_POSITIVE,metadata-link-and-post-cutoff-label-only,HOLD_RECOVERABLE,cycle2-evidence-retained,prediction-time-Curve-lineage-compiler-and-implementation-binding,"https://etherscan.io/tx/0x659f0eb12c4edf042be41885ed1a8bc78b0a2e87ca47339031b9253cd7ae61ce"
CA-P08,property-bounded-negative,Ethereum-deposit-contract-0x00000000219ab540356cBB839Cbe05303d7705Fa,2021-11-04T00:00:00Z,"EF-2020-11-04-v1.0-address-announcement; consensus-specs-v1.0.0","deployed-exact-match-solc-0.6.11; formal-proof-bytecode-solc-0.6.8",Ethereum-consensus,unassigned,none,enumerated-deposit-contract-properties,RIGHT_CENSORED_UNRESOLVED,metadata-link-and-citation-only,HOLD_RECOVERABLE,cycle2-conservative-status-retained,exact-proof-to-deployment-compiler-bytecode-binding-and-prospectively-frozen-follow-up,"research-case/02-feasibility/support/pilot-cycle2-public-provenance.md"
CA-P09,property-bounded-negative-trial,Uniswap-v4-PoolManager-0x000000000004444c5dc75cB358380D2e3dE08A90,2026-08-01T19:28:31Z,"official-mainnet-deployment-registry; public-core-audits; public-bounty; Sourcify-match-6376919","Sourcify-runtime-match-solc-0.8.26; runtime-bytecode-string-sha256-62b338e5f430128dbf37a22c4214de64225c45e34cc2b6eed340f6d7d2238e72",Uniswap-v4,uniswap-v4-core-46c6834698c48bc4a463a86d8420f4eb1d7f3b75,none,unlock-delta-lock-and-dynamic-fee-authorization,RIGHT_CENSORED_UNRESOLVED,metadata-hashes-links-and-derived-fields-only,STATUS_TRIAL_ONLY,trial-protocol-frozen-before-follow-up,365-day-follow-up-and-independent-adjudication-not-complete,"research-case/02-feasibility/support/mature-negative-trial-cycle3.md | research-case/02-feasibility/support/mature-negative-candidate-binding.json"
