case_name,chain,target_contract_address,fork_block_number,required_queries
bancor,ethereum,0x5f58058c0ec971492166763c8c22632b583f667f,10307563,eth_getCode@fork; EIP-1967 slots@fork; beacon/diamond resolution; deployment tx
opyn,ethereum,0x951d51baefb72319d9fbe941e1615938d89abfe2,10592516,eth_getCode@fork; EIP-1967 slots@fork; beacon/diamond resolution; deployment tx
bzx,ethereum,0xb983e01458529665007ff7e0cddecdb74b967eb6,10852715,eth_getCode@fork; EIP-1967 slots@fork; beacon/diamond resolution; deployment tx
cover,ethereum,0xe0b94a7bb45dd905c79bb1992c9879f40f1caed5,11542309,eth_getCode@fork; EIP-1967 slots@fork; beacon/diamond resolution; deployment tx
pickle,ethereum,0x6847259b2b3a4c17e7c43c54409810af48ba5210,11303122,eth_getCode@fork; EIP-1967 slots@fork; beacon/diamond resolution; deployment tx
harvestfinance,ethereum,0xf0358e8c3cd5fa238a29301d0bea3d63a17bedbe,11129473,eth_getCode@fork; EIP-1967 slots@fork; beacon/diamond resolution; deployment tx
sushi_badger_digg,ethereum,0xe11fc0b43ab98eb91e9836129d1ee7c3bc95df50,11720049,eth_getCode@fork; EIP-1967 slots@fork; beacon/diamond resolution; deployment tx
lendfme,ethereum,0x0eee3e3828a45f7601d5f54bf49bb01d1a9df5ea,9899725,eth_getCode@fork; EIP-1967 slots@fork; beacon/diamond resolution; deployment tx
yearn_ydai,ethereum,0xacd43e627e64355f1861cec6d3a6688b31a6f952,11792183,eth_getCode@fork; EIP-1967 slots@fork; beacon/diamond resolution; deployment tx
uranium,bsc,0xa943ea143cd7e79806d670f4a7cf08f8922a454f,6920000,eth_getCode@fork; EIP-1967 slots@fork; beacon/diamond resolution; deployment tx
spartan,bsc,0x3de669c4f1f167a8afbc9993e4753b84b576426f,7048832,eth_getCode@fork; EIP-1967 slots@fork; beacon/diamond resolution; deployment tx
dodo_flashloan,ethereum,0x051ebd717311350f1684f89335bed4abd083a2b6,12000000,eth_getCode@fork; EIP-1967 slots@fork; beacon/diamond resolution; deployment tx
pancakebunny,bsc,0x633e538ecf0bee1a18c2edfe10c4da0d6e71e77b,7556330,eth_getCode@fork; EIP-1967 slots@fork; beacon/diamond resolution; deployment tx
burgerswap,bsc,0x7ac55ac530f2c29659573bde0700c6758d69e677,7781159,eth_getCode@fork; EIP-1967 slots@fork; beacon/diamond resolution; deployment tx
88mph,ethereum,0xf0b7de03134857391d8d43ed48e20edf21461097,12516705,eth_getCode@fork; EIP-1967 slots@fork; beacon/diamond resolution; deployment tx
eleven,bsc,0x27dd6e51bf715cfc0e2fe96af26fc9ded89e4be8,8530973,eth_getCode@fork; EIP-1967 slots@fork; beacon/diamond resolution; deployment tx
xwin,bsc,0x1bf7fe7568211ecff68b6bc7ccad31ecd8fe8092,8589725,eth_getCode@fork; EIP-1967 slots@fork; beacon/diamond resolution; deployment tx
cream,ethereum,0x2db6c82ce72c8d7d770ba1b5f5ed0b6e075066d6,13125070,eth_getCode@fork; EIP-1967 slots@fork; beacon/diamond resolution; deployment tx
xsurge,bsc,0xe1e1aa58983f6b8ee8e4ecd206cea6578f036c21,10087723,eth_getCode@fork; EIP-1967 slots@fork; beacon/diamond resolution; deployment tx
nowswap,ethereum,0xa0ff0e694275023f4986dc3ca12a6eb5d6056c62,13225516,eth_getCode@fork; EIP-1967 slots@fork; beacon/diamond resolution; deployment tx
nimbus,ethereum,0xc0a6b8c534fad86df8fa1abb17084a70f86eddc1,13225516,eth_getCode@fork; EIP-1967 slots@fork; beacon/diamond resolution; deployment tx
GoldReserve,bsc,0x7c77576a2b48504ebd9ff0810d799651f68742d3,46278330,eth_getCode@fork; EIP-1967 slots@fork; beacon/diamond resolution; deployment tx
sushimiso,ethereum,0x4c4564a1fe775d97297f9e3dc2e762e0ed5dda0e,13038771,eth_getCode@fork; EIP-1967 slots@fork; beacon/diamond resolution; deployment tx
balancer_20200628,ethereum,0x0e511aa1a137aad267dfe3a6bfca0b856c1a3682,10355806,eth_getCode@fork; EIP-1967 slots@fork; beacon/diamond resolution; deployment tx
mono,ethereum,0xc36a7887786389405ea8da0b87602ae3902b88a1,13715025,eth_getCode@fork; EIP-1967 slots@fork; beacon/diamond resolution; deployment tx
ploutoz,bsc,0x844fa82f1e54824655470970f7004dd90546bb28,12886415,eth_getCode@fork; EIP-1967 slots@fork; beacon/diamond resolution; deployment tx
nervebridge,bsc,0xd0fbf0a224563d5ffc8a57e4fda6ae080ebcf3d3,12653565,eth_getCode@fork; EIP-1967 slots@fork; beacon/diamond resolution; deployment tx
indexedfinance,ethereum,0xf00a38376c8668fc1f3cd3daeef42e0e44a7fcdb,13417948,eth_getCode@fork; EIP-1967 slots@fork; beacon/diamond resolution; deployment tx
visor,ethereum,0xc9f27a50f82571c1c8423a42970613b8dbda14ef,13849006,eth_getCode@fork; EIP-1967 slots@fork; beacon/diamond resolution; deployment tx
julswap,bsc,0x32dffc3fe8e3ef3571bf8a72c0d0015c5373f41d,7785586,eth_getCode@fork; EIP-1967 slots@fork; beacon/diamond resolution; deployment tx
pancakehunny,bsc,0x109ea28dbdea5e6ec126fbc8c33845dfe812a300,7962338,eth_getCode@fork; EIP-1967 slots@fork; beacon/diamond resolution; deployment tx
valuedefi,bsc,0xd4bbf439d3eab5155ca7c0537e583088fb4cfce8,7223029,eth_getCode@fork; EIP-1967 slots@fork; beacon/diamond resolution; deployment tx
tecraspace,ethereum,0xe38b72d6595fd3885d1d2f770aa23e94757f91a1,14139081,eth_getCode@fork; EIP-1967 slots@fork; beacon/diamond resolution; deployment tx
sandbox,ethereum,0x50f5474724e0ee42d9a4e711ccfb275809fd6d4a,14163041,eth_getCode@fork; EIP-1967 slots@fork; beacon/diamond resolution; deployment tx
compoundtusd,ethereum,0x12392f67bdf24fae0af363c24ac620a2f67dad86,14266479,eth_getCode@fork; EIP-1967 slots@fork; beacon/diamond resolution; deployment tx
bearn,bsc,0xb390b07fcf76678089cb12d8e615d5fe494b01fb,7457124,eth_getCode@fork; EIP-1967 slots@fork; beacon/diamond resolution; deployment tx
anyswap,ethereum,0x6b7a87899490ece95443e979ca9485cbe7e71522,14037236,eth_getCode@fork; EIP-1967 slots@fork; beacon/diamond resolution; deployment tx
auctus,ethereum,0xe7597f774fd0a15a617894dc39d45a28b97afa4f,14460635,eth_getCode@fork; EIP-1967 slots@fork; beacon/diamond resolution; deployment tx
paraluni,bsc,0x633fa755a83b015cccdc451f82c57ea0bd32b4b4,16008280,eth_getCode@fork; EIP-1967 slots@fork; beacon/diamond resolution; deployment tx
qubit,ethereum,0x20e5e35ba29dc3b540a1aee781d0814d5c77bce6,14090169,eth_getCode@fork; EIP-1967 slots@fork; beacon/diamond resolution; deployment tx
revest,ethereum,0x2320a28f52334d62622cc2eafa15de55f9987ed9,14465356,eth_getCode@fork; EIP-1967 slots@fork; beacon/diamond resolution; deployment tx
umbrella,ethereum,0xb3fb1d01b07a706736ca175f827e4f56021b85de,14421983,eth_getCode@fork; EIP-1967 slots@fork; beacon/diamond resolution; deployment tx
cream_2,ethereum,0x3d5bc3c8d13dcb8bf317092d84783c2697ae9258,13499797,eth_getCode@fork; EIP-1967 slots@fork; beacon/diamond resolution; deployment tx
RWAVault,ethereum,0x317aa10528ff675ef4c358ea6a5b7b5494325733,24979315,eth_getCode@fork; EIP-1967 slots@fork; beacon/diamond resolution; deployment tx
rikkei,bsc,0xd55f01b4b51b7f48912cd8ca3cdd8070a1a9dba5,16956474,eth_getCode@fork; EIP-1967 slots@fork; beacon/diamond resolution; deployment tx
gym_1,bsc,0x1befe6f3f0e8edd2d4d15cae97baee01e51ea4a4,16798806,eth_getCode@fork; EIP-1967 slots@fork; beacon/diamond resolution; deployment tx
cftoken,bsc,0x8b7218cf6ac641382d7c723de8aa173e98a80196,16841980,eth_getCode@fork; EIP-1967 slots@fork; beacon/diamond resolution; deployment tx
rari,ethereum,0x3f2d1bc6d02522dbcdb216b2e75edddafe04b16f,14684813,eth_getCode@fork; EIP-1967 slots@fork; beacon/diamond resolution; deployment tx
wdoge,bsc,0x46ba8a59f4863bd20a066fd985b163235425b5f9,17248705,eth_getCode@fork; EIP-1967 slots@fork; beacon/diamond resolution; deployment tx
zeed,bsc,0xe7748fce1d1e2f2fd2dddb5074bd074745dda8ea,17132514,eth_getCode@fork; EIP-1967 slots@fork; beacon/diamond resolution; deployment tx
Unverified6883,ethereum,0x6883fe4d2ee50941b80b41b8f7f9bf2561d844cc,23002633,eth_getCode@fork; EIP-1967 slots@fork; beacon/diamond resolution; deployment tx
saddle,ethereum,0x824dcd7b044d60df2e89b1bb888e66d8bcf41491,14684306,eth_getCode@fork; EIP-1967 slots@fork; beacon/diamond resolution; deployment tx
discover,bsc,0xe732a7bd6706cbd6834b300d7c56a8d2096723a7,18446845,eth_getCode@fork; EIP-1967 slots@fork; beacon/diamond resolution; deployment tx
hackdao,bsc,0x94e06c77b02ade8341489ab9a23451f68c13ec1c,18073756,eth_getCode@fork; EIP-1967 slots@fork; beacon/diamond resolution; deployment tx
inversefinance,ethereum,0x7fcb7dac61ee35b3d4a51117a7c58d53f0a8a670,14972418,eth_getCode@fork; EIP-1967 slots@fork; beacon/diamond resolution; deployment tx
gym_2,bsc,0xa8987285e100a8b557f06a7889f79e0064b359f2,18501049,eth_getCode@fork; EIP-1967 slots@fork; beacon/diamond resolution; deployment tx
JuiceboxREVLoans,ethereum,0x1880d832aa283d05b8eab68877717e25fbd550bb,24917718,eth_getCode@fork; EIP-1967 slots@fork; beacon/diamond resolution; deployment tx
lpc,bsc,0x1e813fa05739bf145c1f182cb950da7af046778d,19852596,eth_getCode@fork; EIP-1967 slots@fork; beacon/diamond resolution; deployment tx
spacegodzilla,bsc,0x2287c04a15bb11ad1358ba5702c1c95e2d13a5e0,19523980,eth_getCode@fork; EIP-1967 slots@fork; beacon/diamond resolution; deployment tx
snood,ethereum,0xd45740ab9ec920bedbd9bab2e863519e59731941,14983660,eth_getCode@fork; EIP-1967 slots@fork; beacon/diamond resolution; deployment tx
anch,bsc,0xa4f5d4afd6b9226b3004dd276a9f778eb75f2e9e,20302534,eth_getCode@fork; EIP-1967 slots@fork; beacon/diamond resolution; deployment tx
audius,ethereum,0x4deca517d6817b6510798b7328f2314d3003abac,15201793,eth_getCode@fork; EIP-1967 slots@fork; beacon/diamond resolution; deployment tx
etnproduct,bsc,0x1292267f726e6f313972ec4e14578735473e1649,20147974,eth_getCode@fork; EIP-1967 slots@fork; beacon/diamond resolution; deployment tx
CookFinanceIssuance,bsc,0x7db3cbaf736c049933a3af28dbed4a4442aa89d0,106740999,eth_getCode@fork; EIP-1967 slots@fork; beacon/diamond resolution; deployment tx
luckytiger,ethereum,0x9c87a5726e98f2f404cdd8ac8968e9b2c80c0967,15403430,eth_getCode@fork; EIP-1967 slots@fork; beacon/diamond resolution; deployment tx
egd_finance,bsc,0x34bd6dba456bc31c2b3393e499fa10bed32a9370,20245522,eth_getCode@fork; EIP-1967 slots@fork; beacon/diamond resolution; deployment tx
badguysbyrpf,ethereum,0xb84cbaf116eb90fd445dd5aeadfab3e807d2cbac,15460093,eth_getCode@fork; EIP-1967 slots@fork; beacon/diamond resolution; deployment tx
xst_2,ethereum,0x91383a15c391c142b80045d8b4730c1c37ac0378,15310016,eth_getCode@fork; EIP-1967 slots@fork; beacon/diamond resolution; deployment tx
nomadbridge,ethereum,0x5d94309e5a0090b165fa4181519701637b6daeba,15259100,eth_getCode@fork; EIP-1967 slots@fork; beacon/diamond resolution; deployment tx
bxh,bsc,0x27539b1dee647b38e1b987c41c5336b1a8dce663,21727289,eth_getCode@fork; EIP-1967 slots@fork; beacon/diamond resolution; deployment tx
dpc,bsc,0xb75ca3c3e99747d0e2f6e75a9fbd17f5ac03cebe,21179209,eth_getCode@fork; EIP-1967 slots@fork; beacon/diamond resolution; deployment tx
shadowfi,bsc,0x10bc28d2810dd462e16facff18f78783e859351b,20969095,eth_getCode@fork; EIP-1967 slots@fork; beacon/diamond resolution; deployment tx
atk,bsc,0x9cb928bf50ed220ac8f703bce35be5ce7f56c99c,22102838,eth_getCode@fork; EIP-1967 slots@fork; beacon/diamond resolution; deployment tx
bego,bsc,0xc342774492b54ce5f8ac662113ed702fc1b34972,22315679,eth_getCode@fork; EIP-1967 slots@fork; beacon/diamond resolution; deployment tx
babyswap,bsc,0x5c9f1a9ced41ccc5dcecda5afc317b72f1e49636,21811979,eth_getCode@fork; EIP-1967 slots@fork; beacon/diamond resolution; deployment tx
roi,bsc,0xe48b75dc1b131fd3a8364b0580f76efd04cf6e9c,21143795,eth_getCode@fork; EIP-1967 slots@fork; beacon/diamond resolution; deployment tx
JUDAO,bsc,0xf55dff7898930a2d28cdbc39d615b1624ac86888,95070973,eth_getCode@fork; EIP-1967 slots@fork; beacon/diamond resolution; deployment tx
carrot,bsc,0xcff086ead392ccb39c49ecda8c974ad5238452ac,22055611,eth_getCode@fork; EIP-1967 slots@fork; beacon/diamond resolution; deployment tx
eflevervault,ethereum,0xe39fd820b58f83205db1d9225f28105971c3d309,15746199,eth_getCode@fork; EIP-1967 slots@fork; beacon/diamond resolution; deployment tx
health,bsc,0x32b166e082993af6598a89397e82e123ca44e74e,22337425,eth_getCode@fork; EIP-1967 slots@fork; beacon/diamond resolution; deployment tx
DLMC,bsc,0xf2ca2a3572b26ae7c479dc7ae36d922113b1bdf2,106091606,eth_getCode@fork; EIP-1967 slots@fork; beacon/diamond resolution; deployment tx
n00d,ethereum,0x2321537fd8ef4644bacdceec54e5f35bf44311fa,15826379,eth_getCode@fork; EIP-1967 slots@fork; beacon/diamond resolution; deployment tx
inuko,bsc,0xea51801b8f5b88543ddad3d1727400c15b209d8f,22169169,eth_getCode@fork; EIP-1967 slots@fork; beacon/diamond resolution; deployment tx
pltd,bsc,0x29b2525e11bc0b0e9e59f705f318601ea6756645,22252045,eth_getCode@fork; EIP-1967 slots@fork; beacon/diamond resolution; deployment tx
olympusdao,ethereum,0x007fe7c498a2cf30971ad8f2cbc36bd14ac51156,15794363,eth_getCode@fork; EIP-1967 slots@fork; beacon/diamond resolution; deployment tx
res,bsc,0xeccd8b08ac3b587b7175d40fb9c60a20990f8d21,21948016,eth_getCode@fork; EIP-1967 slots@fork; beacon/diamond resolution; deployment tx
rl,bsc,0x335ddce3f07b0bdafc03f56c1b30d3b269366666,21794289,eth_getCode@fork; EIP-1967 slots@fork; beacon/diamond resolution; deployment tx
res_2,bsc,0xeccd8b08ac3b587b7175d40fb9c60a20990f8d21,21948016,eth_getCode@fork; EIP-1967 slots@fork; beacon/diamond resolution; deployment tx
uerii,ethereum,0x418c24191ae947a78c99fdc0e45a1f96afb254be,15767837,eth_getCode@fork; EIP-1967 slots@fork; beacon/diamond resolution; deployment tx
templedao,ethereum,0xd2869042e12a3506100af1d192b5b04d65137941,15725066,eth_getCode@fork; EIP-1967 slots@fork; beacon/diamond resolution; deployment tx
vtf,bsc,0xc6548caf18e20f88cc437a52b6d388b0d54d830d,22535101,eth_getCode@fork; EIP-1967 slots@fork; beacon/diamond resolution; deployment tx
ulme,bsc,0xae975a25646e6eb859615d0a147b909c13d31fed,22476695,eth_getCode@fork; EIP-1967 slots@fork; beacon/diamond resolution; deployment tx
teamfinance,ethereum,0xe2fe530c047f2d85298b07d9333c05737f1435fb,15837893,eth_getCode@fork; EIP-1967 slots@fork; beacon/diamond resolution; deployment tx
ulme_2,bsc,0xae975a25646e6eb859615d0a147b909c13d31fed,22476695,eth_getCode@fork; EIP-1967 slots@fork; beacon/diamond resolution; deployment tx
aur,bsc,0x70678291bddfd95498d1214be368e19e882f7614,23282134,eth_getCode@fork; EIP-1967 slots@fork; beacon/diamond resolution; deployment tx
annex,bsc,0xe65e970f065643ba80e5822edff483a1d75263e3,23165446,eth_getCode@fork; EIP-1967 slots@fork; beacon/diamond resolution; deployment tx
xavefinance,ethereum,0x8f9036732b9aa9b82d8f35e54b71faeb2f573e2f,15704736,eth_getCode@fork; EIP-1967 slots@fork; beacon/diamond resolution; deployment tx
bdex,bsc,0xb2b1dc3204ee8899d6575f419e72b53e370f6b20,22629431,eth_getCode@fork; EIP-1967 slots@fork; beacon/diamond resolution; deployment tx
kashi,ethereum,0xbb02a884621fb8f5bfd263a67f58b65df5b090f3,15928289,eth_getCode@fork; EIP-1967 slots@fork; beacon/diamond resolution; deployment tx
mbc_zzsh,bsc,0x4e87880a72f6896e7e0a635a5838ffc89b13bd17,23474460,eth_getCode@fork; EIP-1967 slots@fork; beacon/diamond resolution; deployment tx
brahtopg,ethereum,0xd248b30a3207a766d318c7a87f5cf334a439446d,15933794,eth_getCode@fork; EIP-1967 slots@fork; beacon/diamond resolution; deployment tx
num,ethereum,0x765277eebeca2e31912c9946eae1021199b39c61,16029969,eth_getCode@fork; EIP-1967 slots@fork; beacon/diamond resolution; deployment tx
sdao,bsc,0x6666625ab26131b490e7015333f97306f05bf816,23241440,eth_getCode@fork; EIP-1967 slots@fork; beacon/diamond resolution; deployment tx
dfx,ethereum,0x46161158b1947d9149e066d6d31af1283b2d377c,15941703,eth_getCode@fork; EIP-1967 slots@fork; beacon/diamond resolution; deployment tx
moocakectx,bsc,0x489afbaed0ea796712c9a6d366c16ca3876d8184,22832427,eth_getCode@fork; EIP-1967 slots@fork; beacon/diamond resolution; deployment tx
sheepfarm2,bsc,0x4726010da871f4b57b5031e3ea48bde961f122aa,23089184,eth_getCode@fork; EIP-1967 slots@fork; beacon/diamond resolution; deployment tx
seaman,bsc,0x6bc9b4976ba6f8c9574326375204ee469993d038,23467515,eth_getCode@fork; EIP-1967 slots@fork; beacon/diamond resolution; deployment tx
NFTG,bsc,0x5fbbb391d54f4fb1d1cf18310c93d400bc80042e,44348366,eth_getCode@fork; EIP-1967 slots@fork; beacon/diamond resolution; deployment tx
sheepfarm,bsc,0x4726010da871f4b57b5031e3ea48bde961f122aa,23088156,eth_getCode@fork; EIP-1967 slots@fork; beacon/diamond resolution; deployment tx
uearnpool,bsc,0x02d841b976298dcd37ed6cc59f75d9dd39a3690c,23120167,eth_getCode@fork; EIP-1967 slots@fork; beacon/diamond resolution; deployment tx
jay,ethereum,0xf2919d1d80aff2940274014bef534f7791906ff2,16288199,eth_getCode@fork; EIP-1967 slots@fork; beacon/diamond resolution; deployment tx
dfs,bsc,0x2b806e6d78d8111dd09c58943b9855910bade005,24349821,eth_getCode@fork; EIP-1967 slots@fork; beacon/diamond resolution; deployment tx
bgld,bsc,0xe445654f3797c5ee36406dbe88fbaa0dfbddb2bb,23844529,eth_getCode@fork; EIP-1967 slots@fork; beacon/diamond resolution; deployment tx
rubic,ethereum,0x3335a88bb18fd3b6824b59af62b50ce494143333,16260580,eth_getCode@fork; EIP-1967 slots@fork; beacon/diamond resolution; deployment tx
tifi,bsc,0x8a6f7834a9d60090668f5db33fec353a7fb4704b,23778726,eth_getCode@fork; EIP-1967 slots@fork; beacon/diamond resolution; deployment tx
NGP,bsc,0xd2f26200cd524db097cf4ab7cc2e5c38ab6ae5c9,61515895,eth_getCode@fork; EIP-1967 slots@fork; beacon/diamond resolution; deployment tx
xcarnival,ethereum,0x39360ac1239a0b98cb8076d4135d0f72b7fd9909,15028846,eth_getCode@fork; EIP-1967 slots@fork; beacon/diamond resolution; deployment tx
novo,bsc,0x6fb2020c236bbd5a7ddeb07e14c9298642253333,18225002,eth_getCode@fork; EIP-1967 slots@fork; beacon/diamond resolution; deployment tx
xst,ethereum,0xb276647e70cb3b81a1ca302cf8de280ff0ce5799,15310016,eth_getCode@fork; EIP-1967 slots@fork; beacon/diamond resolution; deployment tx
bbox,bsc,0x5dfc7f3ebbb9cbfe89bc3fb70f750ee229a59f8c,23106506,eth_getCode@fork; EIP-1967 slots@fork; beacon/diamond resolution; deployment tx
nmbplatform,bsc,0x3aa2b9de4ce397d93e11699c3f07b769b210bbd5,23639507,eth_getCode@fork; EIP-1967 slots@fork; beacon/diamond resolution; deployment tx
rfb,bsc,0x26f1457f067bf26881f311833391b52ca871a4b5,23649423,eth_getCode@fork; EIP-1967 slots@fork; beacon/diamond resolution; deployment tx
shoco,ethereum,0x31a4f372aa891b46ba44dc64be1d8947c889e9c6,16440978,eth_getCode@fork; EIP-1967 slots@fork; beacon/diamond resolution; deployment tx
qtn,ethereum,0xc9fa8f4cfd11559b50c5c7f6672b9eea2757e1bd,16430212,eth_getCode@fork; EIP-1967 slots@fork; beacon/diamond resolution; deployment tx
tinu,ethereum,0x2d0e64b6bf13660a4c0de42a0b88144a7c10991f,16489408,eth_getCode@fork; EIP-1967 slots@fork; beacon/diamond resolution; deployment tx
bra,bsc,0x449fea37d339a11efe1b181e5d5462464bba3752,24655771,eth_getCode@fork; EIP-1967 slots@fork; beacon/diamond resolution; deployment tx
bevo,bsc,0xc6cb12df4520b7bf83f64c79c585b8462e18b6aa,25230702,eth_getCode@fork; EIP-1967 slots@fork; beacon/diamond resolution; deployment tx
omniestate,bsc,0x6f40a3d0c89cffdc8a1af212a019c220a295e9bb,24850696,eth_getCode@fork; EIP-1967 slots@fork; beacon/diamond resolution; deployment tx
gds,bsc,0xc1bb12560468fb255a8e8431bdf883cc4cb3d278,24449918,eth_getCode@fork; EIP-1967 slots@fork; beacon/diamond resolution; deployment tx
ufdao,bsc,0xf887a2dac0dd432997c970bce597a94ead4a8c25,24705058,eth_getCode@fork; EIP-1967 slots@fork; beacon/diamond resolution; deployment tx
upswing,ethereum,0x35a254223960c18b69c0526c46b013d022e93902,16433820,eth_getCode@fork; EIP-1967 slots@fork; beacon/diamond resolution; deployment tx
roefinance,ethereum,0x5f360c6b7b25dfbfa4f10039ea0f7ecfb9b02e60,16384469,eth_getCode@fork; EIP-1967 slots@fork; beacon/diamond resolution; deployment tx
efvault,ethereum,0xbdb515028a6fa6cd1634b5a9651184494abfd336,16696239,eth_getCode@fork; EIP-1967 slots@fork; beacon/diamond resolution; deployment tx
fdp,bsc,0x1954b6bd198c29c3ecf2d6f6bc70a4d41ea1cc07,25430418,eth_getCode@fork; EIP-1967 slots@fork; beacon/diamond resolution; deployment tx
dexible,ethereum,0xde62e1b0edaa55aac5ffbe21984d321706418024,16646022,eth_getCode@fork; EIP-1967 slots@fork; beacon/diamond resolution; deployment tx
dyna,bsc,0xa7b5eabc3ee82c585f5f4ccc26b81c3bd62ff3a9,25879486,eth_getCode@fork; EIP-1967 slots@fork; beacon/diamond resolution; deployment tx
revertfinance,ethereum,0x531110418d8591c92e9cbbfc722db8ffb604fafd,16653389,eth_getCode@fork; EIP-1967 slots@fork; beacon/diamond resolution; deployment tx
starlink,bsc,0x518281f34dbf5b76e6cdd3908a6972e8ec49e345,25729304,eth_getCode@fork; EIP-1967 slots@fork; beacon/diamond resolution; deployment tx
bigfi,bsc,0xd3d4b46db01c006fb165879f343fc13174a1ceeb,26685503,eth_getCode@fork; EIP-1967 slots@fork; beacon/diamond resolution; deployment tx
sheep,bsc,0x0025b42bfc22cbba6c02d23d4ec2abfcf6e014d4,25543755,eth_getCode@fork; EIP-1967 slots@fork; beacon/diamond resolution; deployment tx
orion,ethereum,0xb5599f568d3f3e6113b286d010d2bca40a7745aa,16542147,eth_getCode@fork; EIP-1967 slots@fork; beacon/diamond resolution; deployment tx
poolz,bsc,0x8bfaa473a899439d8e07bf86a8c6ce5de42fe54b,26475403,eth_getCode@fork; EIP-1967 slots@fork; beacon/diamond resolution; deployment tx
allbridge,bsc,0x7e6c2522fee4e74a0182b9c6159048361bc3260a,26982067,eth_getCode@fork; EIP-1967 slots@fork; beacon/diamond resolution; deployment tx
dbw,bsc,0xbf5baea5113e9eb7009a6680747f2c7569dfc2d6,26745691,eth_getCode@fork; EIP-1967 slots@fork; beacon/diamond resolution; deployment tx
axioma,bsc,0x2c25aee99ed08a61e7407a5674bc2d1a72b5d8e3,27620320,eth_getCode@fork; EIP-1967 slots@fork; beacon/diamond resolution; deployment tx
olife,bsc,0xb5a0ce3acd6ec557d39afdcbc93b07a1e1a9e3fa,27470678,eth_getCode@fork; EIP-1967 slots@fork; beacon/diamond resolution; deployment tx
sushi_router,ethereum,0x044b75f554b886a065b9567891e45c79542d7357,17007841,eth_getCode@fork; EIP-1967 slots@fork; beacon/diamond resolution; deployment tx
safemoon,bsc,0x42981d0bfbaf196529376ee702f2a9eb9092fcb5,26854757,eth_getCode@fork; EIP-1967 slots@fork; beacon/diamond resolution; deployment tx
GiddyVaultV3,ethereum,0x5f0ad32c00641d1d2bb628ff341e0d4bb4494318,24942491,eth_getCode@fork; EIP-1967 slots@fork; beacon/diamond resolution; deployment tx
yearnfinance,ethereum,0x83f798e925bcd4017eb265844fddabb448f1707d,17036774,eth_getCode@fork; EIP-1967 slots@fork; beacon/diamond resolution; deployment tx
babydogecoin,bsc,0xc748673057861a797275cd8a068abb95a902e8de,28593354,eth_getCode@fork; EIP-1967 slots@fork; beacon/diamond resolution; deployment tx
silo_finance,ethereum,0xcb3b879ab11f825885d5add8bf3672596d35197c,17139470,eth_getCode@fork; EIP-1967 slots@fork; beacon/diamond resolution; deployment tx
bitpaidio,bsc,0x9d6d817ea5d4a69ff4c4509bea8f9b2534cec108,28176675,eth_getCode@fork; EIP-1967 slots@fork; beacon/diamond resolution; deployment tx
WXETA,bsc,0x05c2dd9cf547c6cccf91245346e6e1bc9926cae7,42284161,eth_getCode@fork; EIP-1967 slots@fork; beacon/diamond resolution; deployment tx
erc20tokenbank,ethereum,0x765b8d7cd8ff304f796f4b6fb1bcf78698333f6d,17376906,eth_getCode@fork; EIP-1967 slots@fork; beacon/diamond resolution; deployment tx
cs,bsc,0x8bc6ce23e5e2c4f0a96429e3c9d482d74171215e,28466976,eth_getCode@fork; EIP-1967 slots@fork; beacon/diamond resolution; deployment tx
hodlcapital,ethereum,0xeda47e13fd1192e32226753dc2261c4a14908fb7,17220892,eth_getCode@fork; EIP-1967 slots@fork; beacon/diamond resolution; deployment tx
SinstakeZombie,bsc,0x7314729d691fd074dbba03ca3c6ef3be61b31d34,51737496,eth_getCode@fork; EIP-1967 slots@fork; beacon/diamond resolution; deployment tx
lw,bsc,0x7b8c378df8650373d82ceb1085a18fe34031784f,28133285,eth_getCode@fork; EIP-1967 slots@fork; beacon/diamond resolution; deployment tx
multichaincapital,ethereum,0x1a7981d87e3b6a95c1516eb820e223fe979896b3,17221445,eth_getCode@fork; EIP-1967 slots@fork; beacon/diamond resolution; deployment tx
level,bsc,0x977087422c008233615b572fbc3f209ed300063a,27830139,eth_getCode@fork; EIP-1967 slots@fork; beacon/diamond resolution; deployment tx
- ThoreumFinance,bsc,0xce1b3e5087e8215876af976032382dd338cf8401,24913171,eth_getCode@fork; EIP-1967 slots@fork; beacon/diamond resolution; deployment tx
neverfall,bsc,0x5abde8b434133c98c36f4b21476791d95d888bf5,27863177,eth_getCode@fork; EIP-1967 slots@fork; beacon/diamond resolution; deployment tx
sellc,bsc,0x274b3e185c9c8f4ddef79cb9a8dc0d94f73a7675,28092673,eth_getCode@fork; EIP-1967 slots@fork; beacon/diamond resolution; deployment tx
selltoken,bsc,0x57db19127617b77c8abd9420b5a35502b59870d6,28168034,eth_getCode@fork; EIP-1967 slots@fork; beacon/diamond resolution; deployment tx
snk,bsc,0xa3f5ea945c4970f48e322f1e70f4cc08e70039ee,27784455,eth_getCode@fork; EIP-1967 slots@fork; beacon/diamond resolution; deployment tx
bunn,bsc,0xc54aaecf5fa1b6c007d019a9d14dfb4a77cc3039,29304627,eth_getCode@fork; EIP-1967 slots@fork; beacon/diamond resolution; deployment tx
babydogecoin02,bsc,0xc748673057861a797275cd8a068abb95a902e8de,29295010,eth_getCode@fork; EIP-1967 slots@fork; beacon/diamond resolution; deployment tx
compounderfinance,ethereum,0xaf274e912243b19b882f02d731dacd7cd13072d0,17426064,eth_getCode@fork; EIP-1967 slots@fork; beacon/diamond resolution; deployment tx
cellframe,bsc,0xb4e47c13db187d54839cd1e08422af57e5348fc1,28708273,eth_getCode@fork; EIP-1967 slots@fork; beacon/diamond resolution; deployment tx
HORS,bsc,0x6f3390c6c200e9be81b32110ce191a293dc0eaba,45587949,eth_getCode@fork; EIP-1967 slots@fork; beacon/diamond resolution; deployment tx
ddcoin,bsc,0xb3a636ac4c271e6cd962cad98eae9cf71f5a49c8,28714107,eth_getCode@fork; EIP-1967 slots@fork; beacon/diamond resolution; deployment tx
mimspell,ethereum,0xa5564a2d1190a141cac438c9fde686ac48a18a79,17521638,eth_getCode@fork; EIP-1967 slots@fork; beacon/diamond resolution; deployment tx
myai,bsc,0xdb103fd28ca4b18115f5ce908baaeed7e0f1f101,29554343,eth_getCode@fork; EIP-1967 slots@fork; beacon/diamond resolution; deployment tx
pawnfi,ethereum,0x85018cf6f53c8bbd03c3137e71f4fca226cda92c,17496619,eth_getCode@fork; EIP-1967 slots@fork; beacon/diamond resolution; deployment tx
sellc03,bsc,0x84be9475051a08ee5364fba44de7fe83a5ecc4f1,29005754,eth_getCode@fork; EIP-1967 slots@fork; beacon/diamond resolution; deployment tx
depusdt_levusdc,ethereum,0x7b190a928aa76eece5cb3e0f6b3bdb24fcdd9b4f,17484161,eth_getCode@fork; EIP-1967 slots@fork; beacon/diamond resolution; deployment tx
LBP,bsc,0x88886f0fd371dff856291badced45922bc888888,104727183,eth_getCode@fork; EIP-1967 slots@fork; beacon/diamond resolution; deployment tx
un,bsc,0xfeafe253802b77456b4627f8c2306a9cebb5d681,28864173,eth_getCode@fork; EIP-1967 slots@fork; beacon/diamond resolution; deployment tx
Scorch,ethereum,0xa3d0e72c8a2fe9127a77412bf34bee5e4945bd49,21822423,eth_getCode@fork; EIP-1967 slots@fork; beacon/diamond resolution; deployment tx
sturdy,ethereum,0x9f72dc67cec672bb99e3d02cbea0a21536a2b657,17460609,eth_getCode@fork; EIP-1967 slots@fork; beacon/diamond resolution; deployment tx
bno,bsc,0xdca503449899d5649d32175a255a8835a03e4006,30056629,eth_getCode@fork; EIP-1967 slots@fork; beacon/diamond resolution; deployment tx
apedao,bsc,0xb47955b5b7eaf49c815ebc389850eb576c460092,30072293,eth_getCode@fork; EIP-1967 slots@fork; beacon/diamond resolution; deployment tx
bamboo,bsc,0xed56784bc8f2c036f6b0d8e04cb83c253e4a6a94,29668034,eth_getCode@fork; EIP-1967 slots@fork; beacon/diamond resolution; deployment tx
conic02,ethereum,0x369cbc5c6f139b1132d3b91b87241b37fc5b971f,17743470,eth_getCode@fork; EIP-1967 slots@fork; beacon/diamond resolution; deployment tx
bao,ethereum,0xb0f8fe96b4880adbdede0ddf446bd1e7ef122c4e,17620870,eth_getCode@fork; EIP-1967 slots@fork; beacon/diamond resolution; deployment tx
conic,ethereum,0xbb787d6243a8d450659e09ea6fd82f1c859691e9,17740954,eth_getCode@fork; EIP-1967 slots@fork; beacon/diamond resolution; deployment tx
conic_2,ethereum,0xbb787d6243a8d450659e09ea6fd82f1c859691e9,17740954,eth_getCode@fork; EIP-1967 slots@fork; beacon/diamond resolution; deployment tx
gymnet,bsc,0x6b869795937dd2b6f4e03d5a0ffd07a8ad8c095b,30448986,eth_getCode@fork; EIP-1967 slots@fork; beacon/diamond resolution; deployment tx
ffist,bsc,0x80121da952a74c06adc1d7f85a237089b57af347,30113117,eth_getCode@fork; EIP-1967 slots@fork; beacon/diamond resolution; deployment tx
mintofinance,bsc,0xdbf1c56b2ad121fe705f9b68225378aa6784f3e5,30214253,eth_getCode@fork; EIP-1967 slots@fork; beacon/diamond resolution; deployment tx
newfi,bsc,0xb8dc09eec82cab2e86c7edc8dd5882dd92d22411,30043573,eth_getCode@fork; EIP-1967 slots@fork; beacon/diamond resolution; deployment tx
usdtstakingcontract28,ethereum,0x800cfd4a2ba8ce93ea2cc814fce26c3635169017,17696562,eth_getCode@fork; EIP-1967 slots@fork; beacon/diamond resolution; deployment tx
utopia,bsc,0xb1da08c472567eb0ec19639b1822f578d39f3333,30119396,eth_getCode@fork; EIP-1967 slots@fork; beacon/diamond resolution; deployment tx
palmswap,bsc,0xd990094a611c3de34664dd3664ebf979a1230fc1,30248637,eth_getCode@fork; EIP-1967 slots@fork; beacon/diamond resolution; deployment tx
sut,bsc,0xf075c5c7ba59208c0b9c41afccd1f60da9ec9c37,30165901,eth_getCode@fork; EIP-1967 slots@fork; beacon/diamond resolution; deployment tx
wgpt,bsc,0x1f415255f7e2a8546559a553e962de7bc60d7942,29891709,eth_getCode@fork; EIP-1967 slots@fork; beacon/diamond resolution; deployment tx
btc20,ethereum,0x1f006f43f57c45ceb3659e543352b4fae4662df7,17949214,eth_getCode@fork; EIP-1967 slots@fork; beacon/diamond resolution; deployment tx
ehive,ethereum,0x4ae2cd1f5b8806a973953b76f9ce6d5fab9cdcfd,17690497,eth_getCode@fork; EIP-1967 slots@fork; beacon/diamond resolution; deployment tx
balancer,ethereum,0x9210f1204b5a24742eba12f710636d76240df3d0,18004651,eth_getCode@fork; EIP-1967 slots@fork; beacon/diamond resolution; deployment tx
eac,bsc,0x64f291de10ecd36d5f7b64aaebc70943cface28e,31273018,eth_getCode@fork; EIP-1967 slots@fork; beacon/diamond resolution; deployment tx
earningfram,ethereum,0x863e572b215fd67c855d973f870266cf827aea5e,17875885,eth_getCode@fork; EIP-1967 slots@fork; beacon/diamond resolution; deployment tx
ODOS,base,0xb6333e994fd02a9255e794c177efbdeb1fe779c7,25431001,eth_getCode@fork; EIP-1967 slots@fork; beacon/diamond resolution; deployment tx
uwerx,ethereum,0x4306b12f8e824ce1fa9604bbd88f2ad4f0fe3c54,17826202,eth_getCode@fork; EIP-1967 slots@fork; beacon/diamond resolution; deployment tx
bfctoken,bsc,0x595eac4a0ce9b7175a99094680fbe55a774b5464,31599443,eth_getCode@fork; EIP-1967 slots@fork; beacon/diamond resolution; deployment tx
floordao,ethereum,0x759c6de5bca9ade8a1a2719a31553c4b7de02539,18068772,eth_getCode@fork; EIP-1967 slots@fork; beacon/diamond resolution; deployment tx
heavensgate,ethereum,0x8ebd6c7d2b79ca4dc5fbdec239a8bb0f214212b8,18069527,eth_getCode@fork; EIP-1967 slots@fork; beacon/diamond resolution; deployment tx
kub_split,bsc,0xc98e183d2e975f0567115cb13af893f0e3c0d0bd,32021099,eth_getCode@fork; EIP-1967 slots@fork; beacon/diamond resolution; deployment tx
jumpfarm,ethereum,0x05999eb831ae28ca920ce645a5164fbdb1d74fe9,18070346,eth_getCode@fork; EIP-1967 slots@fork; beacon/diamond resolution; deployment tx
quantumwn,ethereum,0x69422c7f237d70fcd55c218568a67d00dc4ea068,18070348,eth_getCode@fork; EIP-1967 slots@fork; beacon/diamond resolution; deployment tx
uniclynft,ethereum,0xd3c41c85be295607e8ea5c58487ec5894300ee67,18133171,eth_getCode@fork; EIP-1967 slots@fork; beacon/diamond resolution; deployment tx
bh,bsc,0xcc61cc9f2632314c9d452aca79104ddf680952b5,32512073,eth_getCode@fork; EIP-1967 slots@fork; beacon/diamond resolution; deployment tx
depayrouter,ethereum,0xae60ac8e69414c2dc362d0e6a03af643d1d85b92,18281129,eth_getCode@fork; EIP-1967 slots@fork; beacon/diamond resolution; deployment tx
astrid,ethereum,0xbaa87546cf87b5de1b0b52353a86792d40b8ba70,18448167,eth_getCode@fork; EIP-1967 slots@fork; beacon/diamond resolution; deployment tx
hopelend,ethereum,0x53fbcada1201a465740f2d64ecdf6fac425f9030,18377041,eth_getCode@fork; EIP-1967 slots@fork; beacon/diamond resolution; deployment tx
openleverage,bsc,0x7bacb1c805cbbf7c4f74556a4b34fde7793d0887,32820951,eth_getCode@fork; EIP-1967 slots@fork; beacon/diamond resolution; deployment tx
zs,bsc,0x12b3b6b1055b8ad1ae8f60a0b6c79a9825bcb4bc,32429591,eth_getCode@fork; EIP-1967 slots@fork; beacon/diamond resolution; deployment tx
wiselending,ethereum,0x84524baa1951247b3a2617a843e6ece915bb9674,18342120,eth_getCode@fork; EIP-1967 slots@fork; beacon/diamond resolution; deployment tx
pseudoeth,ethereum,0x2033b54b6789a963a02bfcbd40a46816770f1161,18305131,eth_getCode@fork; EIP-1967 slots@fork; beacon/diamond resolution; deployment tx
ktaf,ethereum,0xf5140fc35c6f94d02d7466f793feb0216082d7e5,18385885,eth_getCode@fork; EIP-1967 slots@fork; beacon/diamond resolution; deployment tx
BitCrown,bsc,0x93b621a9f8f1821a6a693a29672ca3d6612a2a7e,51131921,eth_getCode@fork; EIP-1967 slots@fork; beacon/diamond resolution; deployment tx
burntbubba,ethereum,0xa44e79a2c9a8965e7a6fa77bf0ca8faf50e6c73e,18680254,eth_getCode@fork; EIP-1967 slots@fork; beacon/diamond resolution; deployment tx
Bitallx,bsc,0xa5f3728767f834c591ee99c8c5854b752f39c385,49758338,eth_getCode@fork; EIP-1967 slots@fork; beacon/diamond resolution; deployment tx
carolprotocol,base,0x26fe408bbd7a490feb056da8e2d1e007938e5685,7246080,eth_getCode@fork; EIP-1967 slots@fork; beacon/diamond resolution; deployment tx
ehx,bsc,0xe1747a23c44f445062078e3c528c9f4c28c50a51,33503911,eth_getCode@fork; EIP-1967 slots@fork; beacon/diamond resolution; deployment tx
mahalend,ethereum,0xfd11aba71c06061f446ade4eec057179f19c23c4,18544604,eth_getCode@fork; EIP-1967 slots@fork; beacon/diamond resolution; deployment tx
swampfinance,bsc,0x33adbf5f1ec364a4ea3a5ca8f310b597b8afdee3,33112358,eth_getCode@fork; EIP-1967 slots@fork; beacon/diamond resolution; deployment tx
raft,ethereum,0x9ab6b21cdf116f611110b048987e58894786c244,18543485,eth_getCode@fork; EIP-1967 slots@fork; beacon/diamond resolution; deployment tx
rbalancer,ethereum,0xa62f9c5af106feee069f38de51098d9d81b90572,18523440,eth_getCode@fork; EIP-1967 slots@fork; beacon/diamond resolution; deployment tx
shibatoken,bsc,0x13b1f2e227ca6f8e08ac80368fd637f5084f10a5,33528882,eth_getCode@fork; EIP-1967 slots@fork; beacon/diamond resolution; deployment tx
weco,bsc,0xd672b766d66662f5c6fd798a999e1193a7945451,33549937,eth_getCode@fork; EIP-1967 slots@fork; beacon/diamond resolution; deployment tx
thenftv2,ethereum,0x79a7d3559d73ea032120a69e59223d4375deb595,18647450,eth_getCode@fork; EIP-1967 slots@fork; beacon/diamond resolution; deployment tx
onyxprotocol,ethereum,0x5fdbcd61bc9bd4b6d3fd1f49a5d253165ea11750,18476512,eth_getCode@fork; EIP-1967 slots@fork; beacon/diamond resolution; deployment tx
bct,bsc,0x88b3eb62e363d9f153beab49c5c2ef2e785a375a,34204709,eth_getCode@fork; EIP-1967 slots@fork; beacon/diamond resolution; deployment tx
trustpad,bsc,0xe613c058701c768e0d04d1bf8e6a6dc1a0c6d48a,33260104,eth_getCode@fork; EIP-1967 slots@fork; beacon/diamond resolution; deployment tx
grok,ethereum,0x8390a1da07e376ef7add4be859ba74fb83aa02d5,18538678,eth_getCode@fork; EIP-1967 slots@fork; beacon/diamond resolution; deployment tx
goodcompound,ethereum,0x3d9819210a31b4961b30ef54be2aed79b9c9cd3b,18759540,eth_getCode@fork; EIP-1967 slots@fork; beacon/diamond resolution; deployment tx
bearndao,bsc,0x21125d94cfe886e7179c8d2fe8c1ea8d57c73e0e,34099688,eth_getCode@fork; EIP-1967 slots@fork; beacon/diamond resolution; deployment tx
hypr,ethereum,0x40c31236b228935b0329eff066b1ad96e319595e,18774584,eth_getCode@fork; EIP-1967 slots@fork; beacon/diamond resolution; deployment tx
floorprotocol,ethereum,0x49ad262c49c7aa708cc2df262ed53b64a17dd5ee,18802287,eth_getCode@fork; EIP-1967 slots@fork; beacon/diamond resolution; deployment tx
Dumbo,bsc,0x495670e5a43ce393597952b2fe944036e6785baf,50277887,eth_getCode@fork; EIP-1967 slots@fork; beacon/diamond resolution; deployment tx
mamo,bsc,0x5813d7818c9d8f29a9a96b00031ef576e892def4,34083188,eth_getCode@fork; EIP-1967 slots@fork; beacon/diamond resolution; deployment tx
gooddollar,ethereum,0x0c6c80d2061afa35e160f3799411d83bdeea0a5a,18802014,eth_getCode@fork; EIP-1967 slots@fork; beacon/diamond resolution; deployment tx
kest,bsc,0x7dda132dd57b773a94e27c5caa97834a73510429,34402343,eth_getCode@fork; EIP-1967 slots@fork; beacon/diamond resolution; deployment tx
nfttrader,ethereum,0xc310e760778ecbca4c65b6c559874757a4c4ece0,18799414,eth_getCode@fork; EIP-1967 slots@fork; beacon/diamond resolution; deployment tx
pineprotocol,ethereum,0x2405913d54fc46eeaf3fb092bfb099f46803872f,18835344,eth_getCode@fork; EIP-1967 slots@fork; beacon/diamond resolution; deployment tx
cfc,bsc,0xdd9b223aec6ea56567a62f21ff89585ff125632c,29116478,eth_getCode@fork; EIP-1967 slots@fork; beacon/diamond resolution; deployment tx
Transit Swap,bsc,0x8785bb8deae13783b24d7afe250d42ea7d7e9d72,21816545,eth_getCode@fork; EIP-1967 slots@fork; beacon/diamond resolution; deployment tx
paraspace,ethereum,0x638a98bbb92a7582d07c52ff407d49664dc8b3ee,16845558,eth_getCode@fork; EIP-1967 slots@fork; beacon/diamond resolution; deployment tx
allbridge_2,bsc,0x179aad597399b9ae078acfe2b746c09117799ca0,26982067,eth_getCode@fork; EIP-1967 slots@fork; beacon/diamond resolution; deployment tx
lusd,bsc,0xdec12a1dcbc1f741ccd02dfd862ab226f6383003,29756866,eth_getCode@fork; EIP-1967 slots@fork; beacon/diamond resolution; deployment tx
FlyLong,bsc,0x9ca66a67dc3d77beb59dc11caf96677843797c08,48768031,eth_getCode@fork; EIP-1967 slots@fork; beacon/diamond resolution; deployment tx
xsdwethpool,bsc,0xfadda925e10d07430f5d7461689fd90d3d81bb48,32086900,eth_getCode@fork; EIP-1967 slots@fork; beacon/diamond resolution; deployment tx
laeeb,bsc,0xa2b8a15a07385ea933088c6bcbb38b84c1051a58,33053187,eth_getCode@fork; EIP-1967 slots@fork; beacon/diamond resolution; deployment tx
ais,bsc,0x6844ef18012a383c14e9a76a93602616ee9d6132,33916687,eth_getCode@fork; EIP-1967 slots@fork; beacon/diamond resolution; deployment tx
hct,bsc,0x0fdfcfc398ccc90124a0a41d920d6e2d0bd8ccf5,31528197,eth_getCode@fork; EIP-1967 slots@fork; beacon/diamond resolution; deployment tx
lqdx_alert,ethereum,0x364f17a23ae4350319b7491224d10df5796190bc,19165893,eth_getCode@fork; EIP-1967 slots@fork; beacon/diamond resolution; deployment tx
bmizapper,ethereum,0x4622aff8e521a444c9301da0efd05f6b482221b8,19029289,eth_getCode@fork; EIP-1967 slots@fork; beacon/diamond resolution; deployment tx
mic,bsc,0xb38c2d2d6a168d41aa8eb4cead47e01badbdcf57,34905161,eth_getCode@fork; EIP-1967 slots@fork; beacon/diamond resolution; deployment tx
barleyfinance,ethereum,0x04c80bb477890f3021f03b068238836ee20aa0b8,19106654,eth_getCode@fork; EIP-1967 slots@fork; beacon/diamond resolution; deployment tx
mimspell2,ethereum,0x7259e152103756e1616a77ae982353c3751a6a90,19118659,eth_getCode@fork; EIP-1967 slots@fork; beacon/diamond resolution; deployment tx
peapodsfinance,ethereum,0xdbb20a979a92cccce15229e41c9b082d5b5d7e31,19109652,eth_getCode@fork; EIP-1967 slots@fork; beacon/diamond resolution; deployment tx
wiselending02,ethereum,0x37e49bf3749513a02fa535f0cbc383796e8107e4,18983652,eth_getCode@fork; EIP-1967 slots@fork; beacon/diamond resolution; deployment tx
socketgateway,ethereum,0xcc5fda5e3ca925bd0bb428c8b2669496ee43067e,19021453,eth_getCode@fork; EIP-1967 slots@fork; beacon/diamond resolution; deployment tx
wiselending03,ethereum,0x37e49bf3749513a02fa535f0cbc383796e8107e4,18992907,eth_getCode@fork; EIP-1967 slots@fork; beacon/diamond resolution; deployment tx
xsij,bsc,0x31bfa137c76561ef848c2af9ca301b60451caac0,35702095,eth_getCode@fork; EIP-1967 slots@fork; beacon/diamond resolution; deployment tx
adc,ethereum,0xde46fcf6ab7559e4355b8ee3d7fba0f2730cddd8,19138640,eth_getCode@fork; EIP-1967 slots@fork; beacon/diamond resolution; deployment tx
affinedefi,ethereum,0xcd6ca2f0d0c182c5049d9a1f65cde51a706ae142,19132934,eth_getCode@fork; EIP-1967 slots@fork; beacon/diamond resolution; deployment tx
compounduni,ethereum,0x50ce56a3239671ab62f185704caedf626352741e,19290920,eth_getCode@fork; EIP-1967 slots@fork; beacon/diamond resolution; deployment tx
Crosswise,bsc,0x70873211cb64c1d4ec027ea63a399a7d07c4085b,49186830,eth_getCode@fork; EIP-1967 slots@fork; beacon/diamond resolution; deployment tx
bob,bsc,0x700ee24c350739e323dcf6a50ae3e7a3329c86ae,34428627,eth_getCode@fork; EIP-1967 slots@fork; beacon/diamond resolution; deployment tx
blueberryprotocol,ethereum,0xffadb0bba4379dfabfb20ca6823f6ec439429ec2,19287288,eth_getCode@fork; EIP-1967 slots@fork; beacon/diamond resolution; deployment tx
ActivePoolUrgentRedemption,ethereum,0xdee8a9ac2c2819fe6a3bae45a12bff70c604805a,22834887,eth_getCode@fork; EIP-1967 slots@fork; beacon/diamond resolution; deployment tx
bzx2,ethereum,0x7f3fe9d492a9a60aebb06d82cba23c6f32cad10b,18695728,eth_getCode@fork; EIP-1967 slots@fork; beacon/diamond resolution; deployment tx
XLootStaking,ethereum,0xf3a3648bb1da9d3aea107da77e6f5ba9cf313127,24885767,eth_getCode@fork; EIP-1967 slots@fork; beacon/diamond resolution; deployment tx
dualpools,bsc,0x5e5e28029ef37fc97ffb763c4ac1f532bbd4c7a2,36145771,eth_getCode@fork; EIP-1967 slots@fork; beacon/diamond resolution; deployment tx
miner_bsc,bsc,0x2ba9d4a8c41c60b71ff7df2c3f54b008644b954e,36111182,eth_getCode@fork; EIP-1967 slots@fork; beacon/diamond resolution; deployment tx
particletrade,ethereum,0xe4764f9cd8ecc9659d3abf35259638b20ac536e4,19231445,eth_getCode@fork; EIP-1967 slots@fork; beacon/diamond resolution; deployment tx
SmartMesh,ethereum,0x55f93985431fc9304077687a35a1ba103dc1e081,5499034,eth_getCode@fork; EIP-1967 slots@fork; beacon/diamond resolution; deployment tx
ruggedart,ethereum,0xfe380fe1db07e531e3519b9ae3ea9f7888ce20c6,19262233,eth_getCode@fork; EIP-1967 slots@fork; beacon/diamond resolution; deployment tx
miner,ethereum,0xe77ec1bf3a5c95bfe3be7bdbacfe3ac1c7e454cd,19226507,eth_getCode@fork; EIP-1967 slots@fork; beacon/diamond resolution; deployment tx
seneca,ethereum,0x65c210c59b43eb68112b7a4f75c8393c36491f06,19325936,eth_getCode@fork; EIP-1967 slots@fork; beacon/diamond resolution; deployment tx
alp,bsc,0xd188492217f09d18f2b0ece3f8948015981e961a,36727073,eth_getCode@fork; EIP-1967 slots@fork; beacon/diamond resolution; deployment tx
ethfin,bsc,0x17bd2e09fa4585c15749f40bb32a6e3db58522ba,37400484,eth_getCode@fork; EIP-1967 slots@fork; beacon/diamond resolution; deployment tx
ark,bsc,0xde698b5bbb4a12ddf2261bbdf8e034af34399999,37221235,eth_getCode@fork; EIP-1967 slots@fork; beacon/diamond resolution; deployment tx
bbt,ethereum,0x3541499cda8ca51b24724bb8e7ce569727406e04,19417822,eth_getCode@fork; EIP-1967 slots@fork; beacon/diamond resolution; deployment tx
binemon,bsc,0xe56842ed550ff2794f010738554db45e60730371,36864394,eth_getCode@fork; EIP-1967 slots@fork; beacon/diamond resolution; deployment tx
AutoPooledTradingBot,ethereum,0x879e993e2e37de3b47f38c13858e1f337d51448b,23160803,eth_getCode@fork; EIP-1967 slots@fork; beacon/diamond resolution; deployment tx
tgbs,bsc,0xedecfa18cae067b2489a2287784a543069f950f4,36725819,eth_getCode@fork; EIP-1967 slots@fork; beacon/diamond resolution; deployment tx
atm,bsc,0xa5957e0e2565dc93880da7be32abcbdf55788888,37483300,eth_getCode@fork; EIP-1967 slots@fork; beacon/diamond resolution; deployment tx
chaingefinance,bsc,0x80a0d7a6fd2a22982ce282933b384568e5c852bf,37880387,eth_getCode@fork; EIP-1967 slots@fork; beacon/diamond resolution; deployment tx
Proxy_b7e1,bsc,0xb7e1d1372f2880373d7c5a931cdbaa73c38663c6,44294726,eth_getCode@fork; EIP-1967 slots@fork; beacon/diamond resolution; deployment tx
DogeAlliance,bsc,0x04df78093e2b66a0387f8c052c8d344d84ca49af,50638349,eth_getCode@fork; EIP-1967 slots@fork; beacon/diamond resolution; deployment tx
MicDao,bsc,0xf6876f6ab2637774804b85aecc17b434a2b57168,32711747,eth_getCode@fork; EIP-1967 slots@fork; beacon/diamond resolution; deployment tx
StakeOnMe,ethereum,0x237d59bf98ec4f4f013bc35d66f22d2bc9504b3f,24664322,eth_getCode@fork; EIP-1967 slots@fork; beacon/diamond resolution; deployment tx
hedgeyfinance,ethereum,0xbc452fdc8f851d7c5b72e1fe74dfb63bb793d511,19687889,eth_getCode@fork; EIP-1967 slots@fork; beacon/diamond resolution; deployment tx
ngfs,bsc,0xa608985f5b40cdf6862bec775207f84280a91e3a,38167372,eth_getCode@fork; EIP-1967 slots@fork; beacon/diamond resolution; deployment tx
satx,bsc,0xfd80a436da2f4f4c42a5dbfa397064cfeb7d9508,37914433,eth_getCode@fork; EIP-1967 slots@fork; beacon/diamond resolution; deployment tx
squid,bsc,0xd309f0fd5c3b90ecfb7024ede7d329d9582492c5,37672969,eth_getCode@fork; EIP-1967 slots@fork; beacon/diamond resolution; deployment tx
DEXRouter,bsc,0x1f7cf218b46e613d1ba54cac11dc1b5368d94fb7,32161325,eth_getCode@fork; EIP-1967 slots@fork; beacon/diamond resolution; deployment tx
openleverage2,bsc,0xf436f8fe7b26d87eb74e5446acec2e8ad4075e47,37470328,eth_getCode@fork; EIP-1967 slots@fork; beacon/diamond resolution; deployment tx
wsm,bsc,0xc0afd0e40bb3dcaebd9451aa5c319b745bf792b4,37569860,eth_getCode@fork; EIP-1967 slots@fork; beacon/diamond resolution; deployment tx
z123,bsc,0xb000f121a173d7dd638bb080fee669a2f3af9760,38077210,eth_getCode@fork; EIP-1967 slots@fork; beacon/diamond resolution; deployment tx
TSAggregatorGeneric,bsc,0xb6fa6f1dcd686f4a573fd243a6fabb4ba36ba98c,51426887,eth_getCode@fork; EIP-1967 slots@fork; beacon/diamond resolution; deployment tx
burner,ethereum,0x4d4d05e1205e3a412ae1469c99e0d954113aa76f,19917290,eth_getCode@fork; EIP-1967 slots@fork; beacon/diamond resolution; deployment tx
excommunity,bsc,0xdf4895cd8247284ae3a7b3e28cf6c03113fada5f,39123756,eth_getCode@fork; EIP-1967 slots@fork; beacon/diamond resolution; deployment tx
sumermoney,base,0x7b5969bb51fa3b002579d7ee41a454ac691716dc,13076768,eth_getCode@fork; EIP-1967 slots@fork; beacon/diamond resolution; deployment tx
metadragon,bsc,0xef1f39d8391cddcaee62b8b383cb992f46a6ce4f,39141426,eth_getCode@fork; EIP-1967 slots@fork; beacon/diamond resolution; deployment tx
ATMBlindBox,bsc,0x1f8336aef584795e282fece8de356babd7734c59,87517071,eth_getCode@fork; EIP-1967 slots@fork; beacon/diamond resolution; deployment tx
liquiditytokens,bsc,0x028c911c10c9e346158206991e02d09bd0a8a35b,39198657,eth_getCode@fork; EIP-1967 slots@fork; beacon/diamond resolution; deployment tx
SlurpyCoin,bsc,0x72c114a1a4abc65be2be3e356eede296dbb8ba4c,44990635,eth_getCode@fork; EIP-1967 slots@fork; beacon/diamond resolution; deployment tx
normie,base,0x7f12d13b34f5f4f0a9449c16bcd42f0da47af200,14952782,eth_getCode@fork; EIP-1967 slots@fork; beacon/diamond resolution; deployment tx
osn,bsc,0x810f4c6ae97bcc66da5ae6383cc31bd3670f6d13,38474365,eth_getCode@fork; EIP-1967 slots@fork; beacon/diamond resolution; deployment tx
BaseBebopSettlement,base,0xbeb0b0623f66be8ce162ebdfa2ec543a522f4ea6,34100255,eth_getCode@fork; EIP-1967 slots@fork; beacon/diamond resolution; deployment tx
LeverageSIR,ethereum,0xb91ae2c8365fd45030aba84a4666c4db074e53e7,22157900,eth_getCode@fork; EIP-1967 slots@fork; beacon/diamond resolution; deployment tx
crb2,bsc,0xee6de822159765daf0fd72d71529d7ab026ec2f2,39651175,eth_getCode@fork; EIP-1967 slots@fork; beacon/diamond resolution; deployment tx
incufi,bsc,0x80df77b2ae5828ff499a735ee823d6cd7cf95f5a,39729927,eth_getCode@fork; EIP-1967 slots@fork; beacon/diamond resolution; deployment tx
BetaPresale,bsc,0x760c2aaa22220f24b9343b2a91a62dd664953853,49951833,eth_getCode@fork; EIP-1967 slots@fork; beacon/diamond resolution; deployment tx
tradeonorion,bsc,0xe9d1d2a27458378dd6c6f0b2c390807aed2217ca,39104878,eth_getCode@fork; EIP-1967 slots@fork; beacon/diamond resolution; deployment tx
dyson_money,bsc,0x2b9bda587ee04fe51c5431709afbafb295f94bb4,39684702,eth_getCode@fork; EIP-1967 slots@fork; beacon/diamond resolution; deployment tx
P719Token,bsc,0x6beee2b57b064eac5f432fc19009e3e78734eabc,43023423,eth_getCode@fork; EIP-1967 slots@fork; beacon/diamond resolution; deployment tx
wifcoin_eth,ethereum,0xa1ce40702e15d0417a6c74d0bab96772f36f4e99,20103189,eth_getCode@fork; EIP-1967 slots@fork; beacon/diamond resolution; deployment tx
jokinthebox,ethereum,0xa6447f6156effd23ec3b57d5edd978349e4e192d,20054628,eth_getCode@fork; EIP-1967 slots@fork; beacon/diamond resolution; deployment tx
StepHeroNFTs,bsc,0x9823e10a0bf6f64f59964be1a7f83090bf5728ab,46843424,eth_getCode@fork; EIP-1967 slots@fork; beacon/diamond resolution; deployment tx
will,bsc,0x566777ed780dbbe17c130ae97b9fbc0a3ab829df,39979796,eth_getCode@fork; EIP-1967 slots@fork; beacon/diamond resolution; deployment tx
lifiprotocol,ethereum,0x1231deb6f5749ef6ce6943a275a1d3e7486f4eae,20318962,eth_getCode@fork; EIP-1967 slots@fork; beacon/diamond resolution; deployment tx
uwulend_first,ethereum,0x2409af0251dcb89ee3dee572629291f9b087c668,20061318,eth_getCode@fork; EIP-1967 slots@fork; beacon/diamond resolution; deployment tx
WHALE,bsc,0xabc79b7c5a0f1fe0ac55fcb7e659d5817e530123,104744230,eth_getCode@fork; EIP-1967 slots@fork; beacon/diamond resolution; deployment tx
uwulend_second,ethereum,0x2409af0251dcb89ee3dee572629291f9b087c668,20081503,eth_getCode@fork; EIP-1967 slots@fork; beacon/diamond resolution; deployment tx
doughfina,ethereum,0x9f54e8eaa9658316bb8006e03fff1cb191aafbe6,20288622,eth_getCode@fork; EIP-1967 slots@fork; beacon/diamond resolution; deployment tx
mrp,bsc,0x35f5cef517317694df8c50c894080caa8c92af7d,40122169,eth_getCode@fork; EIP-1967 slots@fork; beacon/diamond resolution; deployment tx
defiplaza,ethereum,0xe68c1d72340aeefe5be76eda63ae2f4bc7514110,20240538,eth_getCode@fork; EIP-1967 slots@fork; beacon/diamond resolution; deployment tx
sbt,bsc,0x2b45dd1d909c01aad96fa6b67108d691b432f351,40378159,eth_getCode@fork; EIP-1967 slots@fork; beacon/diamond resolution; deployment tx
yodlrouter,ethereum,0xe3a0bc3483ae5a04db7ef2954315133a6f7d228e,20520368,eth_getCode@fork; EIP-1967 slots@fork; beacon/diamond resolution; deployment tx
ompxcontract,ethereum,0x09a80172ed7335660327cd664876b5df6fe06108,20468779,eth_getCode@fork; EIP-1967 slots@fork; beacon/diamond resolution; deployment tx
ivestdao,bsc,0x2607118d363789f841d952f02e359bfa483955f9,41289497,eth_getCode@fork; EIP-1967 slots@fork; beacon/diamond resolution; deployment tx
spectra_finance,ethereum,0x3d20601ac0ba9cae4564ddf7870825c505b69f1a,20369956,eth_getCode@fork; EIP-1967 slots@fork; beacon/diamond resolution; deployment tx
zenterest,ethereum,0xe3334e66634acf17b2b97ab560ec92d6861b25fa,20541639,eth_getCode@fork; EIP-1967 slots@fork; beacon/diamond resolution; deployment tx
convergence,ethereum,0x2b083beaac310cc5e190b1d2507038ccb03e7606,20434449,eth_getCode@fork; EIP-1967 slots@fork; beacon/diamond resolution; deployment tx
bankroll,bsc,0x564d4126af2b195ffaa7fb470ed658b1d9d07a54,42481610,eth_getCode@fork; EIP-1967 slots@fork; beacon/diamond resolution; deployment tx
caterpillar_coin_cut,bsc,0x7057f3b0f4d0649b428f0d8378a8a0e7d21d36a7,42131696,eth_getCode@fork; EIP-1967 slots@fork; beacon/diamond resolution; deployment tx
otseastaking,ethereum,0xf2c8e860ca12cde3f3195423ecf54427a4f30916,20738190,eth_getCode@fork; EIP-1967 slots@fork; beacon/diamond resolution; deployment tx
bedrock_defi,ethereum,0x047d41f2544b7f63a8e991af2068a363d210d6da,20836583,eth_getCode@fork; EIP-1967 slots@fork; beacon/diamond resolution; deployment tx
aizpttoken,bsc,0xbe779d420b7d573c08eee226b9958737b6218888,42846997,eth_getCode@fork; EIP-1967 slots@fork; beacon/diamond resolution; deployment tx
onyxdao,ethereum,0xf10bc5be84640236c71173d1809038af4ee19002,20834657,eth_getCode@fork; EIP-1967 slots@fork; beacon/diamond resolution; deployment tx
StrategyLlamaLendConvex,ethereum,0x75b7db3e11138134fe4744553b5e5e3d6546d289,22929492,eth_getCode@fork; EIP-1967 slots@fork; beacon/diamond resolution; deployment tx
hydt,bsc,0xa2268fcc2fe7a2bb755fbe5a7b3ac346ddfedb9b,42985310,eth_getCode@fork; EIP-1967 slots@fork; beacon/diamond resolution; deployment tx
PegaBall,ethereum,0x29003dd6b9970ad658314fffb61e42f352c41630,22626977,eth_getCode@fork; EIP-1967 slots@fork; beacon/diamond resolution; deployment tx
morphoblue,ethereum,0xbbbbbbbbbb9cc5e90e3b3af64bdaf62c37eeffcb,20956051,eth_getCode@fork; EIP-1967 slots@fork; beacon/diamond resolution; deployment tx
penpiexyzio,ethereum,0x6e799758cee75dae3d84e09d40dc416ecf713652,20671877,eth_getCode@fork; EIP-1967 slots@fork; beacon/diamond resolution; deployment tx
vista,bsc,0x493361d6164093936c86dcb35ad03b4c0d032076,43305237,eth_getCode@fork; EIP-1967 slots@fork; beacon/diamond resolution; deployment tx
WXC,bsc,0x8087720eeea59f9f04787065447d52150c09643e,57177438,eth_getCode@fork; EIP-1967 slots@fork; beacon/diamond resolution; deployment tx
pledge,bsc,0x061944c0f3c2d7dabafb50813efb05c4e0c952e1,44555337,eth_getCode@fork; EIP-1967 slots@fork; beacon/diamond resolution; deployment tx
veth,ethereum,0x280a8955a11fcd81d72ba1f99d265a48ce39ac2e,21184777,eth_getCode@fork; EIP-1967 slots@fork; beacon/diamond resolution; deployment tx
gain,ethereum,0xde59b88abefa5e6c8aa6d742eee0f887dab136ac,19277619,eth_getCode@fork; EIP-1967 slots@fork; beacon/diamond resolution; deployment tx
it,bsc,0x1ac5fac863c0a026e029b173f2ae4d33938ab473,36934258,eth_getCode@fork; EIP-1967 slots@fork; beacon/diamond resolution; deployment tx
cloberdex,base,0x6a0b87d6b74f7d5c92722f6a11714dbeda9f3895,23514450,eth_getCode@fork; EIP-1967 slots@fork; beacon/diamond resolution; deployment tx
unverified,bsc,0x8fd3d01cc65ea0e4dfffde7ec8159dc99a177f0a,54350435,eth_getCode@fork; EIP-1967 slots@fork; beacon/diamond resolution; deployment tx
ast,bsc,0xc10e0319337c7f83342424df72e73a70a29579b2,45964639,eth_getCode@fork; EIP-1967 slots@fork; beacon/diamond resolution; deployment tx
ipc,bsc,0xeab0d46682ac707a06aefb0ac72a91a3fd6fe5d1,45561315,eth_getCode@fork; EIP-1967 slots@fork; beacon/diamond resolution; deployment tx
xbridge,ethereum,0x47ddb6a433b76117a98fbeab5320d8b67d468e31,19723700,eth_getCode@fork; EIP-1967 slots@fork; beacon/diamond resolution; deployment tx
idols_nft,ethereum,0x439cac149b935ae1d726569800972e1669d17094,21624138,eth_getCode@fork; EIP-1967 slots@fork; beacon/diamond resolution; deployment tx
j_pulsepot,bsc,0x384b9fb6e42dab87f3023d87ea1575499a69998e,45640245,eth_getCode@fork; EIP-1967 slots@fork; beacon/diamond resolution; deployment tx
lp_mine,bsc,0x6bbef6df8db12667ae88519090984e4f871e5feb,45583892,eth_getCode@fork; EIP-1967 slots@fork; beacon/diamond resolution; deployment tx
laura_token,ethereum,0x05641e33fd15baf819729df55500b07b82eb8e89,21529887,eth_getCode@fork; EIP-1967 slots@fork; beacon/diamond resolution; deployment tx
VDS,bsc,0x6ce69d7146dbaae18c11c36d8d94428623b29d5a,54252254,eth_getCode@fork; EIP-1967 slots@fork; beacon/diamond resolution; deployment tx
roulette_pot_v2,bsc,0xf573748637e0576387289f1914627d716927f90f,45668285,eth_getCode@fork; EIP-1967 slots@fork; beacon/diamond resolution; deployment tx
mosca,bsc,0x1962b3356122d6a56f978e112d14f5e23a25037d,45519929,eth_getCode@fork; EIP-1967 slots@fork; beacon/diamond resolution; deployment tx
unilend,ethereum,0x4e34dd25dbd367b1bf82e1b5527dbbe799fad0d0,21608003,eth_getCode@fork; EIP-1967 slots@fork; beacon/diamond resolution; deployment tx
sorra_staking,ethereum,0x5d16b8ba2a9a4eca6126635a6ffbf05b52727d50,21450734,eth_getCode@fork; EIP-1967 slots@fork; beacon/diamond resolution; deployment tx
hegic_options,ethereum,0x7094e706e75e13d1e0ea237f71a7c4511e9d270b,21912408,eth_getCode@fork; EIP-1967 slots@fork; beacon/diamond resolution; deployment tx
MyCoinMaster,bsc,0xef9a10d6abfd5d3aa345a008c0f9132ce4b23e70,56555696,eth_getCode@fork; EIP-1967 slots@fork; beacon/diamond resolution; deployment tx
alkimiya_io,ethereum,0xf3f84ce038442ae4c4dcb6a8ca8bacd7f28c9bde,22146339,eth_getCode@fork; EIP-1967 slots@fork; beacon/diamond resolution; deployment tx
dcf_token,bsc,0xa7e92345ddf541aa5cf60fee2a0e721c50ca1adb,44290969,eth_getCode@fork; EIP-1967 slots@fork; beacon/diamond resolution; deployment tx
HoldSafe,bsc,0x2496b87189d5ae18d4d83b8a7039b0c8a07d98d4,51758376,eth_getCode@fork; EIP-1967 slots@fork; beacon/diamond resolution; deployment tx
one_inch_fusion_v1_settlement_hack,ethereum,0xa88800cd213da5ae406ce248380802bd53b47647,21982110,eth_getCode@fork; EIP-1967 slots@fork; beacon/diamond resolution; deployment tx
MEV_0ad8,ethereum,0x0ad8229d4bc84135786ae752b9a9d53392a8afd4,15926096,eth_getCode@fork; EIP-1967 slots@fork; beacon/diamond resolution; deployment tx
TokenFactory,bsc,0xe4997f98e84c1891e7b57069e177fccf5f4f6094,51101790,eth_getCode@fork; EIP-1967 slots@fork; beacon/diamond resolution; deployment tx
yzi_ai_token,bsc,0x7fdff64bf87bad52e6430bda30239bd182389ee3,47838544,eth_getCode@fork; EIP-1967 slots@fork; beacon/diamond resolution; deployment tx
btnft,bsc,0x0fc91b6fea2e7a827a8c99c91101ed36c638521b,48472355,eth_getCode@fork; EIP-1967 slots@fork; beacon/diamond resolution; deployment tx
lifeprotocol,bsc,0x42e2773508e2ae8ff9434bea599812e28449e2cd,48703545,eth_getCode@fork; EIP-1967 slots@fork; beacon/diamond resolution; deployment tx
w_key_dao,bsc,0xd511096a73292a7419a94354d4c1c73e8a3cd851,47469059,eth_getCode@fork; EIP-1967 slots@fork; beacon/diamond resolution; deployment tx
GMT7,bsc,0x9ad90eeab3caff64a762cb40387ee1bb18bd31e3,46497384,eth_getCode@fork; EIP-1967 slots@fork; beacon/diamond resolution; deployment tx
bitdog,bsc,0x4bbb53252b0cee84e6824e85989ea2eddeec25f1,48728493,eth_getCode@fork; EIP-1967 slots@fork; beacon/diamond resolution; deployment tx
MFT,bsc,0x29ee4526e3a4078ce37762dc864424a089ebba11,44097964,eth_getCode@fork; EIP-1967 slots@fork; beacon/diamond resolution; deployment tx
aave_boost,ethereum,0xd2933c86216dc0c938ffafeca3c8a2d6e633e2ca,22685443,eth_getCode@fork; EIP-1967 slots@fork; beacon/diamond resolution; deployment tx
usual_money,ethereum,0x35d8949372d46b7a3d5a56006ae77b215fc69bc0,22575929,eth_getCode@fork; EIP-1967 slots@fork; beacon/diamond resolution; deployment tx
bankroll_network,bsc,0xadefb902cab716b8043c5231ae9a50b8b4ee7c4e,51715417,eth_getCode@fork; EIP-1967 slots@fork; beacon/diamond resolution; deployment tx
bankroll_stack,bsc,0x16d0a151297a0393915239373897bcc955882110,51698203,eth_getCode@fork; EIP-1967 slots@fork; beacon/diamond resolution; deployment tx
gangsterfinance,bsc,0xe968d2e4adc89609773571301abec3399d163c3b,51782712,eth_getCode@fork; EIP-1967 slots@fork; beacon/diamond resolution; deployment tx
ZeroExSettler,ethereum,0x0d0e364aa7852291883c162b22d6d81f6355428f,22022764,eth_getCode@fork; EIP-1967 slots@fork; beacon/diamond resolution; deployment tx
MEVBOTa47b,ethereum,0x00000000000a47b1298f18cf67de547bbe0d723f,15741332,eth_getCode@fork; EIP-1967 slots@fork; beacon/diamond resolution; deployment tx
fpc,bsc,0xb192d4a737430aa61cea4ce9bfb6432f7d42592f,52624700,eth_getCode@fork; EIP-1967 slots@fork; beacon/diamond resolution; deployment tx
meta_pool,ethereum,0x48afbbd342f64ef8a9ab1c143719b63c2ad81710,22722910,eth_getCode@fork; EIP-1967 slots@fork; beacon/diamond resolution; deployment tx
multicall_with_eth,bsc,0x3da0f00d5c4e544924bc7282e18497c4a4c92046,55371342,eth_getCode@fork; EIP-1967 slots@fork; beacon/diamond resolution; deployment tx
rant_token,bsc,0xc321ac21a07b3d593b269acdace69c3762ca2dd0,52974381,eth_getCode@fork; EIP-1967 slots@fork; beacon/diamond resolution; deployment tx
swapp_staking,ethereum,0x245a551ee0f55005e510b239c917fa34b41b3461,22957532,eth_getCode@fork; EIP-1967 slots@fork; beacon/diamond resolution; deployment tx
stepp2p,bsc,0x99855380e5f48db0a6babeae312b80885a816dce,54653986,eth_getCode@fork; EIP-1967 slots@fork; beacon/diamond resolution; deployment tx
Unverified_0000,bsc,0x000004a70f92f1b22de1201af76c48365d5d0000,50311055,eth_getCode@fork; EIP-1967 slots@fork; beacon/diamond resolution; deployment tx
grizzifi,bsc,0x21ab8943380b752306abf4d49c203b011a89266b,57478533,eth_getCode@fork; EIP-1967 slots@fork; beacon/diamond resolution; deployment tx
hexotic,ethereum,0x204b937feaec333e9e6d72d35f1d131f187ecea1,23260640,eth_getCode@fork; EIP-1967 slots@fork; beacon/diamond resolution; deployment tx
multicall_with_xera,bsc,0xca11bde05977b3631167028862be2a173976ca11,58269337,eth_getCode@fork; EIP-1967 slots@fork; beacon/diamond resolution; deployment tx
pdz,bsc,0x664201579057f50d23820d20558f4b61bd80bdda,57744490,eth_getCode@fork; EIP-1967 slots@fork; beacon/diamond resolution; deployment tx
size_credit,ethereum,0xf4a21ac7e51d17a0e1c8b59f7a98bb7a97806f14,23145763,eth_getCode@fork; EIP-1967 slots@fork; beacon/diamond resolution; deployment tx
mim_spell3,ethereum,0x46f54d434063e5f1a2b2cc6d9aaa657b1b9ff82c,23504544,eth_getCode@fork; EIP-1967 slots@fork; beacon/diamond resolution; deployment tx
RICE,base,0xcfe0de4a50c80b434092f87e106dfa40b71a5563,30655996,eth_getCode@fork; EIP-1967 slots@fork; beacon/diamond resolution; deployment tx
truebit,ethereum,0x764c64b2a09b09acb100b80d8c505aa6a0302ef2,24191018,eth_getCode@fork; EIP-1967 slots@fork; beacon/diamond resolution; deployment tx
mttoken,bsc,0x2f3f25046ea518d1e524b8fb6147c656d6722ced,74937079,eth_getCode@fork; EIP-1967 slots@fork; beacon/diamond resolution; deployment tx
synaplogic,base,0xc859ac8429fb4a5e24f24a7bed3fe3a8db4fb371,41038633,eth_getCode@fork; EIP-1967 slots@fork; beacon/diamond resolution; deployment tx
makina,ethereum,0xd1a1c248b253f1fc60eacd90777b9a63f8c8c1bc,24273361,eth_getCode@fork; EIP-1967 slots@fork; beacon/diamond resolution; deployment tx
moonwell,base,0xec942be8a8114bfd0396a5052c36027f2ca6a9d0,42194663,eth_getCode@fork; EIP-1967 slots@fork; beacon/diamond resolution; deployment tx
laxo_token,bsc,0x62951cad7659393bf07fbe790cf898a3b6d317cb,82730141,eth_getCode@fork; EIP-1967 slots@fork; beacon/diamond resolution; deployment tx
curve_llamalend,ethereum,0xad444663c6c92b497225c6ce65fee2e7f78bfb86,24566937,eth_getCode@fork; EIP-1967 slots@fork; beacon/diamond resolution; deployment tx
alkemi_earn,ethereum,0x4822d9172e5b76b9db37b75f5552f9988f98a888,24626978,eth_getCode@fork; EIP-1967 slots@fork; beacon/diamond resolution; deployment tx
venus_the,bsc,0x86e06eafa6a1ea631eab51de500e3d474933739f,86731940,eth_getCode@fork; EIP-1967 slots@fork; beacon/diamond resolution; deployment tx
futureswap,arbitrum,0xf7ca7384cc6619866749955065f17bedd3ed80bc,419829770,eth_getCode@fork; EIP-1967 slots@fork; beacon/diamond resolution; deployment tx
est,bsc,0xd4524be41cd452576ab9ff7b68a0b89af8498a91,89060336,eth_getCode@fork; EIP-1967 slots@fork; beacon/diamond resolution; deployment tx
