gap_id,category,scope,current_status,required_artifact_or_evidence,accountable_owner,ai_may_prepare,ai_may_approve,next_action,blocks
GAP-A01,independent_verifier,schema-v4 authority and scientific verification,BLOCKED,"Externally bootstrapped trust root, accountable human identity binding, independent verifier registration, verification event",registry administrator and accountable human,yes,no,"Bootstrap trust root outside case and register human plus independent verifier",INTAKE advancement for authority-dependent work
GAP-A02,identity_binding,accountable human authority,WAIT_EXTERNAL,"Out-of-band identity confirmation for scope owner, registry admin, and any decision-bearing signer",accountable institution or accountable human,no,no,"Bind real-world identity to signing keys before approving authority artifacts",All non-mechanical decision gates
GAP-A03,source_rights,archive/RPC and dataset use,BLOCKED,"Source-by-source rights and terms ledger, retention boundary, redistribution decision",accountable human plus legal or institutional review if needed,yes,no,"Freeze planned sources and review contractual or operator restrictions",Historical execution and dataset release
GAP-A04,archive_rpc_access,retrospective benchmark execution,BLOCKED,"Approved execution plan, operator access path, cost envelope acceptance, permitted methods",accountable human and infrastructure owner where applicable,yes,no,"Approve or reject the first real archive/RPC execution surface",AUTHORIZED_EXECUTION
GAP-A05,ethics_or_hr_determination,analyst workload or participant-like measurement,BLOCKED,"Formal determination that analyst workload measurement is exempt, approved, or out of scope",institutional ethics authority or employer policy owner,yes,no,"Separate non-human benchmark simulation from any human measurement plan",Any human workload or participant study
GAP-A06,disclosure_authority,private vulnerability handling or partner coordination,BLOCKED,"Responsible-disclosure protocol, contact path, confidentiality boundary, escalation owner",accountable human plus disclosure partner and legal/policy review as applicable,yes,no,"Draft but do not operationalize the disclosure workflow",Private vulnerability or partner-facing work
GAP-A07,prospective_launch_authority,sealed shadow deployment,BLOCKED,"Frozen prospective protocol, partner authorization, adjudicator commitment, retention and disclosure approval",accountable human plus institution or partner owner,yes,no,"Keep deployment as a later extension until a dedicated launch package exists",Prospective shadow study
GAP-A08,submission_authority,manuscript submission and public release,BLOCKED,"Approved manuscript, verified references, authorship and disclosure package, venue checklist, explicit submit decision",accountable human authors and institution if applicable,yes,no,"Maintain submission_performed=false until final approval",SUBMISSION_QA and HUMAN_APPROVAL
GAP-A09,reporting_route,benchmark reporting standard and target venue,AT_RISK,"Selected venue or governing benchmark checklist with current instructions",accountable human authors,yes,no,"Choose the target reporting route before final manuscript packaging",MANUSCRIPT and SUBMISSION_QA completeness
