case_name,incident_date,incident_name,incident_tx_hashes,source_url,incident_record_sha256,tx_hash_count,reconstruction_status
bancor,2020-06-18,Bancor Protocol,[],https://github.com/SunWeb3Sec/DeFiHackLabs/blob/main/past/2021/README.md,12e769362c1be3988caf52c51ee183a7013887915f0bf8dccff261ab8b849737,0,requires_additional_incident_tx_source
opyn,2020-08-04,Opyn Protocol,"[""0x56de6c4bd906ee0c067a332e64966db8b1e866c7965c044163a503de6ee6552a""]",https://github.com/SunWeb3Sec/DeFiHackLabs/blob/main/past/2021/README.md,1a0143eddb168a6b6e718dd3f5a498429851eb5c198743f2b4c666b645a585ed,1,ready_for_dual_provider_receipt_reconstruction
bzx,2020-09-12,bzx,[],https://github.com/SunWeb3Sec/DeFiHackLabs/blob/main/past/2021/README.md,c1757886f5994b885b6fb157b5a4976ef009ba0a86633e2a73a8817e0b872a24,0,requires_additional_incident_tx_source
cover,2020-12-29,Cover Protocol,[],https://github.com/SunWeb3Sec/DeFiHackLabs/blob/main/past/2021/README.md,092f869ecaf110a83300555d4e398c4f08a8e4b38f93fd479f97051f43bc0129,0,requires_additional_incident_tx_source
pickle,2020-11-21,Pickle Finance,"[""0xe72d4e7ba9b5af0cf2a8cfb1e30fd9f388df0ab3da79790be842bfbed11087b0""]",https://github.com/SunWeb3Sec/DeFiHackLabs/blob/main/past/2021/README.md,a60badf8ba8b49d7a818d8faba95f5f92214542caff298ac5a90b3ccdca24be9,1,ready_for_dual_provider_receipt_reconstruction
harvestfinance,2020-10-26,Harvest Finance,"[""0x35f8d2f572fceaac9288e5d462117850ef2694786992a8c3f6d02612277b0877""]",https://github.com/SunWeb3Sec/DeFiHackLabs/blob/main/past/2021/README.md,c41b70ddd318d13aaad01c2ebd818fb9f75d6e6f8efb1b1c53810f7555c3ef9a,1,ready_for_dual_provider_receipt_reconstruction
sushi_badger_digg,2021-01-25,Sushi Badger Digg,[],https://github.com/SunWeb3Sec/DeFiHackLabs/blob/main/past/2021/README.md,6cc76f4b0a801f0f122487a783e4e2c3b59a2fb508f651b6ead428f2cfd64ad7,0,requires_additional_incident_tx_source
lendfme,2020-04-19,LendfMe,[],https://github.com/SunWeb3Sec/DeFiHackLabs/blob/main/past/2021/README.md,e677aa96067ef58ffc2bfdf68f5648eb770e9cd210e39d3ed6eb2de7cb477191,0,requires_additional_incident_tx_source
yearn_ydai,2021-02-04,Yearn YDai,"[""0x59faab5a1911618064f1ffa1e4649d85c99cfd9f0d64dcebbc1af7d7630da98b""]",https://github.com/SunWeb3Sec/DeFiHackLabs/blob/main/past/2021/README.md,089690c08fc86910dc446f979c46e99708d6ddce64e4303b043f4387d8cc8df8,1,ready_for_dual_provider_receipt_reconstruction
uranium,2021-04-28,Uranium,"[""0x5a504fe72ef7fc76dfeb4d979e533af4e23fe37e90b5516186d5787893c37991""]",https://github.com/SunWeb3Sec/DeFiHackLabs/blob/main/past/2021/README.md,9d3eb5e27031d69b5e57b9f3040bd23c3bfd10c631389c6b250f9f8f3d98d7fd,1,ready_for_dual_provider_receipt_reconstruction
spartan,2021-05-02,Spartan,[],https://github.com/SunWeb3Sec/DeFiHackLabs/blob/main/past/2021/README.md,1e131cb812e4acd651d55f9cefaae8ca2216a72785cadcbd19e7d66491a453f6,0,requires_additional_incident_tx_source
dodo_flashloan,2021-03-08,DODO,"[""0x395675b56370a9f5fe8b32badfa80043f5291443bd6c8273900476880fb5221e""]",https://github.com/SunWeb3Sec/DeFiHackLabs/blob/main/past/2021/README.md,e74bcf9627e666abcc1dd105229c09bd34d85b635197b7580cedb3c48eed0246,1,ready_for_dual_provider_receipt_reconstruction
pancakebunny,2021-05-19,PancakeBunny,"[""0x897c2de73dd55d7701e1b69ffb3a17b0f4801ced88b0c75fe1551c5fcce6a979""]",https://github.com/SunWeb3Sec/DeFiHackLabs/blob/main/past/2021/README.md,baf63791a4277f87d91ddc0567f2b55ffda4a381f3294e1a8b8b6b891a7836ff,1,ready_for_dual_provider_receipt_reconstruction
burgerswap,2021-05-27,BurgerSwap,[],https://github.com/SunWeb3Sec/DeFiHackLabs/blob/main/past/2021/README.md,63e826cb9881b371ac3674c38a3a8b812dbb7807ef3c75978eb8b6e3dd255630,0,requires_additional_incident_tx_source
88mph,2021-06-07,88mph NFT,[],https://github.com/SunWeb3Sec/DeFiHackLabs/blob/main/past/2021/README.md,4451139dfa098f690604a55207330189bd34c454b39867257c40110ef5f8f71a,0,requires_additional_incident_tx_source
eleven,2021-06-22,Eleven Finance,"[""0xeaaa8f4d33b1035a790f0d7c4eb6e38db7d6d3b580e0bbc9ba39a9d6b80dd250""]",https://github.com/SunWeb3Sec/DeFiHackLabs/blob/main/past/2021/README.md,5ffd3ed363cfbe0e373320610197f27c34e430107e5366516a6dfb3ca245b549,1,ready_for_dual_provider_receipt_reconstruction
xwin,2021-06-25,xWin Finance,[],https://github.com/SunWeb3Sec/DeFiHackLabs/blob/main/past/2021/README.md,9aa89bc4c360d07aa0711f47b8f5b59db465dc22d8f306bc5315b5977a993395,0,requires_additional_incident_tx_source
cream,2021-08-30,Cream Finance,"[""0xa9a1b8ea288eb9ad315088f17f7c7386b9989c95b4d13c81b69d5ddad7ffe61e""]",https://github.com/SunWeb3Sec/DeFiHackLabs/blob/main/past/2021/README.md,7eb8399ca0ec2a1f3c1f751a139eb23c890e45ed189ed42cb86f3c8e2e987194,1,ready_for_dual_provider_receipt_reconstruction
xsurge,2021-08-17,XSURGE,"[""0x8c93d6e5d6b3ec7478b4195123a696dbc82a3441be090e048fe4b33a242ef09d""]",https://github.com/SunWeb3Sec/DeFiHackLabs/blob/main/past/2021/README.md,4f6037b245cd4ce4e5c660dce57cef491cd19921f8610fd9948f5b496bf6d1aa,1,ready_for_dual_provider_receipt_reconstruction
nowswap,2021-09-15,NowSwap Platform,[],https://github.com/SunWeb3Sec/DeFiHackLabs/blob/main/past/2021/README.md,1cf9f8da8125f234890449362de85fb1b390e41dc8287302242423b36ef935f7,0,requires_additional_incident_tx_source
nimbus,2021-09-15,Nimbus Platform,[],https://github.com/SunWeb3Sec/DeFiHackLabs/blob/main/past/2021/README.md,360fd55e367d0f5ee34eca04acb003298f83f95c9fda4d4098810ae84a16d73e,0,requires_additional_incident_tx_source
waultfinance,2021-08-04,WaultFinace,[],https://github.com/SunWeb3Sec/DeFiHackLabs/blob/main/past/2021/README.md,320f1be574bb2e5f6bf78c522759e7164148a5238854b7e77a70674f85db1070,0,requires_additional_incident_tx_source
sushimiso,2021-09-16,SushiSwap Miso,"[""0x78d6355703507f88f2090eb780d245b0ab26bf470eabdb004761cedf3b1cda44""]",https://github.com/SunWeb3Sec/DeFiHackLabs/blob/main/past/2021/README.md,4103dc779de5b388c14c86f7e5dcfef58c7ceaabecac89af2dec0cd05f5b1415,1,ready_for_dual_provider_receipt_reconstruction
balancer_20200628,2020-06-28,Balancer Protocol,"[""0x013be97768b702fe8eccef1a40544d5ecb3c1961ad5f87fee4d16fdc08c78106""]",https://github.com/SunWeb3Sec/DeFiHackLabs/blob/main/past/2021/README.md,cff6c4627717d0667b3d6ecc390f2da2c0f3c61c6ed558a40bf841b4f98fe071,1,ready_for_dual_provider_receipt_reconstruction
mono,2021-11-30,MonoX Finance,"[""0x5a03b9c03eedcb9ec6e70c6841eaa4976a732d050a6218969e39483bb3004d5d"", ""0x9f14d093a2349de08f02fc0fb018dadb449351d0cdb7d0738ff69cc6fef5f299""]",https://github.com/SunWeb3Sec/DeFiHackLabs/blob/main/past/2021/README.md,9cd973d11f8ed1476098b090748f544d24666be4e5b92bc1afeb421b3acdd613,2,ready_for_dual_provider_receipt_reconstruction
ploutoz,2021-11-23,Ploutoz,[],https://github.com/SunWeb3Sec/DeFiHackLabs/blob/main/past/2021/README.md,f016e278ccd20466d1c44ecf3252729611d6ed2f3adcdd5cc925aa429fbc06d5,0,requires_additional_incident_tx_source
nervebridge,2021-12-14,Nerve Bridge,[],https://github.com/SunWeb3Sec/DeFiHackLabs/blob/main/past/2021/README.md,dece0a59673e8a0b9d944e2fcd67cd2b5d5239e4cb05e2b2729b09227a85a2d9,0,requires_additional_incident_tx_source
indexedfinance,2021-10-15,Indexed Finance,[],https://github.com/SunWeb3Sec/DeFiHackLabs/blob/main/past/2021/README.md,abff0f9940c92bfd88c9e82d7635f75ccf5764ace19a5f5e9c4cd4b956e55487,0,requires_additional_incident_tx_source
visor,2021-12-21,Visor Finance,"[""0x69272d8c84d67d1da2f6425b339192fa472898dce936f24818fda415c1c1ff3f""]",https://github.com/SunWeb3Sec/DeFiHackLabs/blob/main/past/2021/README.md,57608208f426b1549e7143e045cdcb5c8a3b867e37bcb5efc1392972450cc86e,1,ready_for_dual_provider_receipt_reconstruction
julswap,2021-05-27,JulSwap,[],https://github.com/SunWeb3Sec/DeFiHackLabs/blob/main/past/2021/README.md,78404b116f80b9ab51f5cb3ac92b2df41ae1cf804c432dcd98d241844b780f35,0,requires_additional_incident_tx_source
pancakehunny,2021-06-03,PancakeHunny,"[""0x765de8357994a206bb90af57dcf427f48a2021f2f28ca81f2c00bc3b9842be8e""]",https://github.com/SunWeb3Sec/DeFiHackLabs/blob/main/past/2021/README.md,5cb67b48f7a41c216434ae429a489c490ed20fd197e82c07d18a19c4849ebf43,1,ready_for_dual_provider_receipt_reconstruction
valuedefi,2021-05-08,Value Defi,"[""0xa00def91954ba9f1a1320ef582420d41ca886d417d996362bf3ac3fe2bfb9006""]",https://github.com/SunWeb3Sec/DeFiHackLabs/blob/main/past/2021/README.md,7d78083794faec03af1482a8b998008684c65c30acb511987f8185adfe9bce7a,1,ready_for_dual_provider_receipt_reconstruction
tecraspace,2022-02-04,TecraSpace,"[""0x81e9918e248d14d78ff7b697355fd9f456c6d7881486ed14fdfb69db16631154""]",https://github.com/SunWeb3Sec/DeFiHackLabs/blob/main/past/2022/README.md,8dcc6cf14da53d18c0dffbe05975ae19cdbb89258d900603f38bd288d7068f77,1,ready_for_dual_provider_receipt_reconstruction
sandbox,2022-02-08,Sandbox LAND,"[""0x34516ee081c221d8576939f68aee71e002dd5557180d45194209d6692241f7b1""]",https://github.com/SunWeb3Sec/DeFiHackLabs/blob/main/past/2022/README.md,ea64f46e2fff8fae01b0e05861d701df420f54d3860838a780ff19c9b45cd38a,1,ready_for_dual_provider_receipt_reconstruction
compoundtusd,2022-03-22,CompoundTUSDSweepTokenBypass,[],https://github.com/SunWeb3Sec/DeFiHackLabs/blob/main/past/2022/README.md,ac5eaa0ad8052973e9e01fb663f70c77e9001defccbcbad78bbc098a269ac35e,0,requires_additional_incident_tx_source
bearn,2021-05-16,bEarn,[],https://github.com/SunWeb3Sec/DeFiHackLabs/blob/main/past/2021/README.md,9ed3b8cb1b7fc21c248e7e2df5c1700288d1ff0847766c32554a1ada5bb9e39e,0,requires_additional_incident_tx_source
anyswap,2022-01-18,Multichain (Anyswap),"[""0xe50ed602bd916fc304d53c4fed236698b71691a95774ff0aeeb74b699c6227f7""]",https://github.com/SunWeb3Sec/DeFiHackLabs/blob/main/past/2022/README.md,77860e9a02b9d1b78a1dd3749b28c3ff90bf9351a92a266d527389790e9bf2a6,1,ready_for_dual_provider_receipt_reconstruction
auctus,2022-03-26,Auctus,"[""0x2e7d7e7a6eb157b98974c8687fbd848d0158d37edc1302ea08ee5ddb376befea""]",https://github.com/SunWeb3Sec/DeFiHackLabs/blob/main/past/2022/README.md,f7eac2bb75803bc24ee13d8d49f11db7ecc7b5c5f45fde7d1c6c9cd88fdda442,1,ready_for_dual_provider_receipt_reconstruction
paraluni,2022-03-13,Paraluni,"[""0x70f367b9420ac2654a5223cc311c7f9c361736a39fd4e7dff9ed1b85bab7ad54""]",https://github.com/SunWeb3Sec/DeFiHackLabs/blob/main/past/2022/README.md,9afc49f7b502ddc859eb73df6ad44cc8f1978b85a461bd671cda557d2a71d35d,1,ready_for_dual_provider_receipt_reconstruction
qubit,2022-01-28,Qubit Finance,"[""0x50946e3e4ccb7d39f3512b7ecb75df66e6868b9af0eee8a7e4b61ef8a459518e"", ""0xac7292e7d0ec8ebe1c94203d190874b2aab30592327b6cc875d00f18de6f3133""]",https://github.com/SunWeb3Sec/DeFiHackLabs/blob/main/past/2022/README.md,0f00e16a4a5b3ca0999697aa87fe5dca6316af20fddc2f9328ce37176b896972,2,ready_for_dual_provider_receipt_reconstruction
revest,2022-03-27,Revest Finance,"[""0xe0b0c2672b760bef4e2851e91c69c8c0ad135c6987bbf1f43f5846d89e691428""]",https://github.com/SunWeb3Sec/DeFiHackLabs/blob/main/past/2022/README.md,88ae5e0c370c7e71164bf483fef14d13427ddda22572679a18b40123ff9d504d,1,ready_for_dual_provider_receipt_reconstruction
umbrella,2022-03-20,Umbrella Network,"[""0x33479bcfbc792aa0f8103ab0d7a3784788b5b0e1467c81ffbed1b7682660b4fa""]",https://github.com/SunWeb3Sec/DeFiHackLabs/blob/main/past/2022/README.md,d2b545485a2576c627b6163d1b888de767cc3eb51fb52f4e390490d24c8d9900,1,ready_for_dual_provider_receipt_reconstruction
cream_2,2021-10-27,CreamFinance,[],https://github.com/SunWeb3Sec/DeFiHackLabs/blob/main/past/2021/README.md,1d701117ac3bc86137daa8d8de96c3bae95c064e19be5ee80d1e5ebbfb1bb0ae,0,requires_additional_incident_tx_source
akutarnft,2022-04-23,Akutar NFT,[],https://github.com/SunWeb3Sec/DeFiHackLabs/blob/main/past/2022/README.md,9d1f7e9a307cec973ffd61b64f153f67af7aefa72480ca01dd85649d26d626e7,0,requires_additional_incident_tx_source
rikkei,2022-04-15,Rikkei Finance,"[""0x93a9b022df260f1953420cd3e18789e7d1e095459e36fe2eb534918ed1687492""]",https://github.com/SunWeb3Sec/DeFiHackLabs/blob/main/past/2022/README.md,c85629486d43f7118174c99849721d472720c1f818639919c84a8eb795cc1a25,1,ready_for_dual_provider_receipt_reconstruction
gym_1,2022-04-09,GYMNetwork,"[""0xa5b0246f2f8d238bb56c0ddb500b04bbe0c30db650e06a41e00b6a0fff11a7e5""]",https://github.com/SunWeb3Sec/DeFiHackLabs/blob/main/past/2022/README.md,f06c052bbed028dedfbce1e3573459fba13ecb030f95eeb27b06eaae14b9c7cb,1,ready_for_dual_provider_receipt_reconstruction
cftoken,2022-04-11,Creat Future,"[""0xc7647406542f8f2473a06fea142d223022370aa5722c044c2b7ea030b8965dd0""]",https://github.com/SunWeb3Sec/DeFiHackLabs/blob/main/past/2022/README.md,ef7aed77f0e27a0eba086a9d55b0a8defb7987fbb448c069472426995eb8aa43,1,ready_for_dual_provider_receipt_reconstruction
rari,2022-04-30,Rari Capital/Fei Protocol,"[""0xab486012f21be741c9e674ffda227e30518e8a1e37a5f1d58d0b0d41f6e76530""]",https://github.com/SunWeb3Sec/DeFiHackLabs/blob/main/past/2022/README.md,bfdd6ad4dd398e473d0b99c4932aea070edf3d71517f6371def560e0ba3e6421,1,ready_for_dual_provider_receipt_reconstruction
wdoge,2022-04-24,Wiener DOGE,"[""0x4f2005e3815c15d1a9abd8588dd1464769a00414a6b7adcbfd75a5331d378e1d""]",https://github.com/SunWeb3Sec/DeFiHackLabs/blob/main/past/2022/README.md,e3d5bf554f1f7886a068cfb63775d3ac3b2f0d2a810d5c9a10348df718f2eaaa,1,ready_for_dual_provider_receipt_reconstruction
zeed,2022-04-21,Zeed Finance,"[""0x0507476234193a9a5c7ae2c47e4c4b833a7c3923cefc6fd7667b72f3ca3fa83a""]",https://github.com/SunWeb3Sec/DeFiHackLabs/blob/main/past/2022/README.md,10d5d85a1d88c996ee2a736abc651bf9c2c782d201e43cea87beaefff942724f,1,ready_for_dual_provider_receipt_reconstruction
bayc_apecoin,2022-05-17,ApeCoin (APE),"[""0xeb8c3bebed11e2e4fcd30cbfc2fb3c55c4ca166003c7f7d319e78eaab9747098""]",https://github.com/SunWeb3Sec/DeFiHackLabs/blob/main/past/2022/README.md,5fea314c8aa1c5d6be50e46582b4cd6e7c251019ff21bba772a724bf355614ca,1,ready_for_dual_provider_receipt_reconstruction
saddle,2022-04-30,Saddle Finance,[],https://github.com/SunWeb3Sec/DeFiHackLabs/blob/main/past/2022/README.md,cd185764b578e3785166a873b0e69b31c47f673aecf81d03316fdb06e58094be,0,requires_additional_incident_tx_source
discover,2022-06-06,Discover,"[""0x1dd4989052f69cd388f4dfbeb1690a3f3a323ebb73df816e5ef2466dc98fa4a4"", ""0x8a33a1f8c7af372a9c81ede9e442114f0aabb537e5c3a22c0fd7231c4820f1e9""]",https://github.com/SunWeb3Sec/DeFiHackLabs/blob/main/past/2022/README.md,1bbd267da672f036dcb9cc6a5ccfd9125e402490153ded9ee9e6077892e33b65,2,ready_for_dual_provider_receipt_reconstruction
hackdao,2022-05-24,HackDao,[],https://github.com/SunWeb3Sec/DeFiHackLabs/blob/main/past/2022/README.md,7d0cc52ff2fd2f99672ff48476b9c21fa5a99820b342fed48eb46b2a5acba657,0,requires_additional_incident_tx_source
inversefinance,2022-06-16,InverseFinance,"[""0x958236266991bc3fe3b77feaacea120f172c0708ad01c7a715b255f218f9313c""]",https://github.com/SunWeb3Sec/DeFiHackLabs/blob/main/past/2022/README.md,565fe7dc83f785bb37b0d4a80b20879d5d6d810a44db5cf0bb79ed142b3743ba,1,ready_for_dual_provider_receipt_reconstruction
gym_2,2022-06-08,GYMNetwork,[],https://github.com/SunWeb3Sec/DeFiHackLabs/blob/main/past/2022/README.md,8fcc505a028f0a841ea7fbcb5965f7ef30463ae7e5022b0723605c4461c74cdf,0,requires_additional_incident_tx_source
flippazone,2022-07-06,FlippazOne NFT,"[""0x8bded20c1db5a1d5f595b15e682a95ce11d3c895d6031147fa49c4ffa5729a30""]",https://github.com/SunWeb3Sec/DeFiHackLabs/blob/main/past/2022/README.md,9b76e14eedbc5e1e1bb8150fb55eb2ccd8f63a0421870d6a30c18a9bbed3b064,1,ready_for_dual_provider_receipt_reconstruction
lpc,2022-07-25,LPC,[],https://github.com/SunWeb3Sec/DeFiHackLabs/blob/main/past/2022/README.md,965abc2879337609e714a13f9ca4dd468ede665cca9a0a0b1a678d2af876b20c,0,requires_additional_incident_tx_source
spacegodzilla,2022-07-13,SpaceGodzilla,[],https://github.com/SunWeb3Sec/DeFiHackLabs/blob/main/past/2022/README.md,e552b812039f2df36678f729fde98abadeb3c982c781dbc0ebd563f2c12889be,0,requires_additional_incident_tx_source
snood,2022-06-18,SNOOD,"[""0x9a6227ef97d7ce75732645bd604ef128bb5dfbc1bfbe0966ad1cd2870d45a20e""]",https://github.com/SunWeb3Sec/DeFiHackLabs/blob/main/past/2022/README.md,0dd39906bf8cb342ba822987ad463fcd9d4243bb6c670efe79a0943579d39811,1,ready_for_dual_provider_receipt_reconstruction
anch,2022-08-09,ANCH,[],https://github.com/SunWeb3Sec/DeFiHackLabs/blob/main/past/2022/README.md,df8cb6720f717f132b0d1444a83d99966a00010c95622096eabb37d9444fc3c7,0,requires_additional_incident_tx_source
audius,2022-07-23,Audius,[],https://github.com/SunWeb3Sec/DeFiHackLabs/blob/main/past/2022/README.md,c5b1301a7820658065c0a37affe24ed15dfef662bf35206cc1e82edd86b5d1a4,0,requires_additional_incident_tx_source
etnproduct,2022-08-04,EtnProduct,[],https://github.com/SunWeb3Sec/DeFiHackLabs/blob/main/past/2022/README.md,7bb776604651c2fab27ed51f637376921f2fdc64f1c691854bdbf1650c2578d2,0,requires_additional_incident_tx_source
ddc,2022-08-28,DDC,[],https://github.com/SunWeb3Sec/DeFiHackLabs/blob/main/past/2022/README.md,6c34170b0b225ad4a601adeec68bbfd07c1119ed994bc793ea99e849d14eb665,0,requires_additional_incident_tx_source
luckytiger,2022-08-24,LuckyTiger NFT,"[""0x804ff3801542bff435a5d733f4d8a93a535d73d0de0f843fd979756a7eab26af""]",https://github.com/SunWeb3Sec/DeFiHackLabs/blob/main/past/2022/README.md,3d054af4b119ee50bc2daeb0461f8a75d3605ce2c395f77fd1d9e96ee4b8b615,1,ready_for_dual_provider_receipt_reconstruction
egd_finance,2022-08-07,EGD Finance,[],https://github.com/SunWeb3Sec/DeFiHackLabs/blob/main/past/2022/README.md,0a5382e2133b53dbb3e54f8d78724fd6d573222d192fc00b71c5e5519a84aa22,0,requires_additional_incident_tx_source
badguysbyrpf,2022-09-02,Bad Guys by RPF,"[""0x27e64a8215ae1528245c912bcca09883fdd7cce69249bd5d5d1c0eecf5297b96""]",https://github.com/SunWeb3Sec/DeFiHackLabs/blob/main/past/2022/README.md,f63b98e0b885c4af1e21877846716e2bf1f4fb796d75674c929c382c0a628f82,1,ready_for_dual_provider_receipt_reconstruction
xst_2,2022-08-10,XSTABLE Protocol,[],https://github.com/SunWeb3Sec/DeFiHackLabs/blob/main/past/2022/README.md,ac980aa50936e743b521836e95229deb5e03a037f3e51a56bce508ae29842a7c,0,requires_additional_incident_tx_source
nomadbridge,2022-08-02,Nomad Bridge,[],https://github.com/SunWeb3Sec/DeFiHackLabs/blob/main/past/2022/README.md,f0e573be780bf95556815ae6a155d116aa4254dfcd4a7c5269af5861099aa70d,0,requires_additional_incident_tx_source
bxh,2022-09-28,BXH,"[""0xa13c8c7a0c97093dba3096c88044273c29cebeee109e23622cd412dcca8f50f4""]",https://github.com/SunWeb3Sec/DeFiHackLabs/blob/main/past/2022/README.md,a1060132f6e66172264c33da043d90c8cc843f22a10c916489986b84d49d9def,1,ready_for_dual_provider_receipt_reconstruction
dpc,2022-09-09,DPC,[],https://github.com/SunWeb3Sec/DeFiHackLabs/blob/main/past/2022/README.md,39fdd2dcab396ec29da33a0d4ccb40047cd6e46be431607901546351eb00b22b,0,requires_additional_incident_tx_source
shadowfi,2022-09-02,ShadowFi,"[""0xe30dc75253eecec3377e03c532aa41bae1c26909bc8618f21fb83d4330a01018""]",https://github.com/SunWeb3Sec/DeFiHackLabs/blob/main/past/2022/README.md,2674bd359af18771b2693c9eb18c461d64e49e1bff2cb37031a9c1f7353fce91,1,ready_for_dual_provider_receipt_reconstruction
atk,2022-10-12,ATK,[],https://github.com/SunWeb3Sec/DeFiHackLabs/blob/main/past/2022/README.md,c060298c8207aea642918805b16e34a6388f1cdff91137616c2376ab65aefa7f,0,requires_additional_incident_tx_source
bego,2022-10-20,BEGO,[],https://github.com/SunWeb3Sec/DeFiHackLabs/blob/main/past/2022/README.md,58e9a445670a0e0c48d6d59284a10a8d17e71910bd1fb01d740c18be48ca6e61,0,requires_additional_incident_tx_source
babyswap,2022-10-01,BabySwap,[],https://github.com/SunWeb3Sec/DeFiHackLabs/blob/main/past/2022/README.md,648b0e42186edd74db255dcbf89e94b86ef3204992ab4ef6515281ec8cb35351,0,requires_additional_incident_tx_source
roi,2022-09-08,Ragnarok Online Invasion,[],https://github.com/SunWeb3Sec/DeFiHackLabs/blob/main/past/2022/README.md,bccbb202669b05e37194493de31af6ac45210bb1e2e41b89b2e016ed27d84076,0,requires_additional_incident_tx_source
thb,2022-10-01,Thunder Brawl,"[""0x57aa9c85e03eb25ac5d94f15f22b3ba3ab2ef60b603b97ae76f855072ea9e3a0""]",https://github.com/SunWeb3Sec/DeFiHackLabs/blob/main/past/2022/README.md,7dca945bd8148fff011da7673f1abf279d12de9422033958c42671c508a3d844,1,ready_for_dual_provider_receipt_reconstruction
carrot,2022-10-10,Carrot,"[""0xa624660c29ee97f3f4ebd36232d8199e7c97533c9db711fa4027994aa11e01b9""]",https://github.com/SunWeb3Sec/DeFiHackLabs/blob/main/past/2022/README.md,4d96e3a73a95448bc7213d2d443106421b0f7cd0bbcc86d258822892334817da,1,ready_for_dual_provider_receipt_reconstruction
eflevervault,2022-10-14,EFLeverVault,[],https://github.com/SunWeb3Sec/DeFiHackLabs/blob/main/past/2022/README.md,954dd3cff81e5096a937ca6ce685065912b871c4db14ebce49c6bec99fd6db35,0,requires_additional_incident_tx_source
health,2022-10-20,HEALTH,[],https://github.com/SunWeb3Sec/DeFiHackLabs/blob/main/past/2022/README.md,9f8e580ec1be1398baaab429018b092e5549088e02adb2649e39678b7af87cca,0,requires_additional_incident_tx_source
hpay,2022-10-18,HPAY,[],https://github.com/SunWeb3Sec/DeFiHackLabs/blob/main/past/2022/README.md,2399707e28f954727823461c14477892dff7efedc003879ddf5e67fed75a1a49,0,requires_additional_incident_tx_source
n00d,2022-10-26,N00d Token,[],https://github.com/SunWeb3Sec/DeFiHackLabs/blob/main/past/2022/README.md,11ff444d4c0e8a4cd162e610148a408caa8130f4f785787c1e1207df8f189a5f,0,requires_additional_incident_tx_source
inuko,2022-10-14,INUKO,[],https://github.com/SunWeb3Sec/DeFiHackLabs/blob/main/past/2022/README.md,125d4be47987e729fe46c75a14bc5efc7921bccc042bb535cceb2433d852a750,0,requires_additional_incident_tx_source
pltd,2022-10-18,PLTD,[],https://github.com/SunWeb3Sec/DeFiHackLabs/blob/main/past/2022/README.md,cac8cf31fc6bc0b34a5b217125cd420c92052fdb5d6f45b969e30f2e005c3a36,0,requires_additional_incident_tx_source
olympusdao,2022-10-21,OlympusDAO,[],https://github.com/SunWeb3Sec/DeFiHackLabs/blob/main/past/2022/README.md,9137bfb1f78624f22a987a5c813728ecf26db927f90914a81e97d62f7116241e,0,requires_additional_incident_tx_source
res,2022-10-06,RES-Token,"[""0xe59fa48212c4ee716c03e648e04f0ca390f4a4fc921a890fded0e01afa4ba96d""]",https://github.com/SunWeb3Sec/DeFiHackLabs/blob/main/past/2022/README.md,1dbbd04e37edbe1dd2ff9ede49ad8136d5b3d8d641db8a241146a66538204fe9,1,ready_for_dual_provider_receipt_reconstruction
rl,2022-10-01,RL Token,[],https://github.com/SunWeb3Sec/DeFiHackLabs/blob/main/past/2022/README.md,4bf47ce88fd3406cc0b17b04a55a21cee62f037f476c9839d360c277cb009026,0,requires_additional_incident_tx_source
res_2,2022-10-06,RES-Token,"[""0xe59fa48212c4ee716c03e648e04f0ca390f4a4fc921a890fded0e01afa4ba96d""]",https://github.com/SunWeb3Sec/DeFiHackLabs/blob/main/past/2022/README.md,1dbbd04e37edbe1dd2ff9ede49ad8136d5b3d8d641db8a241146a66538204fe9,1,ready_for_dual_provider_receipt_reconstruction
uerii,2022-10-17,Uerii Token,[],https://github.com/SunWeb3Sec/DeFiHackLabs/blob/main/past/2022/README.md,1654298690070fa195b28553bebcf03ed68b7e44ed406b797d80984bf8a0bafb,0,requires_additional_incident_tx_source
templedao,2022-10-11,Templedao,"[""0x8c3f442fc6d640a6ff3ea0b12be64f1d4609ea94edd2966f42c01cd9bdcf04b5""]",https://github.com/SunWeb3Sec/DeFiHackLabs/blob/main/past/2022/README.md,6b76732e2c68a560ae8b5c0f0d15030848042afcd80136eb3b27d6ce55762cdc,1,ready_for_dual_provider_receipt_reconstruction
vtf,2022-10-27,VTF Token,[],https://github.com/SunWeb3Sec/DeFiHackLabs/blob/main/past/2022/README.md,5d36cdbaf2577149dee0157b6dfc3195d8ce58eab869241635489c9bbe703964,0,requires_additional_incident_tx_source
ulme,2022-10-25,ULME,[],https://github.com/SunWeb3Sec/DeFiHackLabs/blob/main/past/2022/README.md,cdf407823e4e95f546434c59ec7012fb89c14ae363f85652580392d25971c807,0,requires_additional_incident_tx_source
teamfinance,2022-10-27,Team Finance,[],https://github.com/SunWeb3Sec/DeFiHackLabs/blob/main/past/2022/README.md,6a0e8bd382922d81dcc1554154f4b378dd28d80882eaeb9867fcf36815ccb2f9,0,requires_additional_incident_tx_source
ulme_2,2022-10-25,ULME,[],https://github.com/SunWeb3Sec/DeFiHackLabs/blob/main/past/2022/README.md,cdf407823e4e95f546434c59ec7012fb89c14ae363f85652580392d25971c807,0,requires_additional_incident_tx_source
aur,2022-11-22,AUR,[],https://github.com/SunWeb3Sec/DeFiHackLabs/blob/main/past/2022/README.md,a1adaf41dd11076a0c6abe847a5a99f7c01768579fff99e51ec958f98aed2032,0,requires_additional_incident_tx_source
annex,2022-11-19,AnnexFinance,[],https://github.com/SunWeb3Sec/DeFiHackLabs/blob/main/past/2022/README.md,e742a9533015d11cdc16dd7199f05e94aeb146693ddbbb56822682c4c62144a5,0,requires_additional_incident_tx_source
xavefinance,2022-10-09,Xave Finance,"[""0xc18ec2eb7d41638d9982281e766945d0428aaeda6211b4ccb6626ea7cff31f4a""]",https://github.com/SunWeb3Sec/DeFiHackLabs/blob/main/past/2022/README.md,450c1eed9cbbb389605b19e2b6ba170d61dbfe8eaf90ef0f3efb5111927f9f80,1,ready_for_dual_provider_receipt_reconstruction
bdex,2022-11-05,BDEX,[],https://github.com/SunWeb3Sec/DeFiHackLabs/blob/main/past/2022/README.md,d7356a5b6c7826496bf5c92e42ee8d41decc81ac2d426a9956fb48b508e80f61,0,requires_additional_incident_tx_source
kashi,2022-11-08,Kashi,[],https://github.com/SunWeb3Sec/DeFiHackLabs/blob/main/past/2022/README.md,b77c60f150c5c25dd906c2a9903f85b1fafd528d087091821a1d60cdca30cde7,0,requires_additional_incident_tx_source
mbc_zzsh,2022-11-29,MBC & ZZSH,[],https://github.com/SunWeb3Sec/DeFiHackLabs/blob/main/past/2022/README.md,a80a6cc927c627a9050079687a39fd6a54d9ea5e91c06e0f04c64bc526927f7a,0,requires_additional_incident_tx_source
brahtopg,2022-11-09,BrahTOPG,[],https://github.com/SunWeb3Sec/DeFiHackLabs/blob/main/past/2022/README.md,064f316b99b0a1f98a34984d48a489c4eb79f0faa95bfe06d70834fea54d5b84,0,requires_additional_incident_tx_source
num,2022-11-23,NUM,[],https://github.com/SunWeb3Sec/DeFiHackLabs/blob/main/past/2022/README.md,aeb636da37cd692bf6edbc12347f76d2dcc41adfe17e68a668154e54ecaa6626,0,requires_additional_incident_tx_source
sdao,2022-11-21,sDAO,[],https://github.com/SunWeb3Sec/DeFiHackLabs/blob/main/past/2022/README.md,1a06914e310c71e938fe55a12bbae8cc4f3c4d41c7aba4319bef418e1d845a67,0,requires_additional_incident_tx_source
dfx,2022-11-10,DFXFinance,[],https://github.com/SunWeb3Sec/DeFiHackLabs/blob/main/past/2022/README.md,0a764876626e11ef7fe89899ac826a198d0f8da9dd76a0a5e1b008a2ec10c3e3,0,requires_additional_incident_tx_source
moocakectx,2022-11-07,MooCAKECTX,[],https://github.com/SunWeb3Sec/DeFiHackLabs/blob/main/past/2022/README.md,3af7845d9257437b50e85a2bc7125fe16b6e1bdd14a128ac6dd573a8c7326a75,0,requires_additional_incident_tx_source
sheepfarm2,2022-11-16,SheepFarm,[],https://github.com/SunWeb3Sec/DeFiHackLabs/blob/main/past/2022/README.md,d355bf4da91ccdca71ac0b806670a9370d6a0f42380c325a563cb042fcc58b1a,0,requires_additional_incident_tx_source
seaman,2022-11-29,SEAMAN,[],https://github.com/SunWeb3Sec/DeFiHackLabs/blob/main/past/2022/README.md,f1ca2231b820f53779c10bab341395bdc803710af2dfadecf2ae35f41b5c3af3,0,requires_additional_incident_tx_source
aes,2022-12-07,AES (Deflationary token),[],https://github.com/SunWeb3Sec/DeFiHackLabs/blob/main/past/2022/README.md,d1c52ab22c1564e57e2b978ad5f398c573eae65f516da2002000fc89aa65dca8,0,requires_additional_incident_tx_source
sheepfarm,2022-11-16,SheepFarm,[],https://github.com/SunWeb3Sec/DeFiHackLabs/blob/main/past/2022/README.md,d355bf4da91ccdca71ac0b806670a9370d6a0f42380c325a563cb042fcc58b1a,0,requires_additional_incident_tx_source
uearnpool,2022-11-17,UEarnPool,[],https://github.com/SunWeb3Sec/DeFiHackLabs/blob/main/past/2022/README.md,59ef8f9e7fdcb10ddc15b1131e38f7cb854372e605a7e49b8de66d2a4821436e,0,requires_additional_incident_tx_source
jay,2022-12-29,JAY,[],https://github.com/SunWeb3Sec/DeFiHackLabs/blob/main/past/2022/README.md,db1386515f5590d05f7541d5408962e432cf7a36b642148c7d48db338e720977,0,requires_additional_incident_tx_source
dfs,2022-12-30,DFS,[],https://github.com/SunWeb3Sec/DeFiHackLabs/blob/main/past/2022/README.md,e765f32ba2f1e0a49a1197f2d14f219e54cc1ed2553a8e4fcb4837bb18023780,0,requires_additional_incident_tx_source
bgld,2022-12-12,BGLD (Deflationary token),[],https://github.com/SunWeb3Sec/DeFiHackLabs/blob/main/past/2022/README.md,b4331ab675cd1aeda7e8523c81fb680ad14fb0ca68b8ac43567239d25d99bd1a,0,requires_additional_incident_tx_source
rubic,2022-12-25,Rubic,[],https://github.com/SunWeb3Sec/DeFiHackLabs/blob/main/past/2022/README.md,da04e68c0f4514a328d8599802a7ac32ff9f8f776a7cd9d7234b41de7ff62a3c,0,requires_additional_incident_tx_source
tifi,2022-12-10,TIFIToken,[],https://github.com/SunWeb3Sec/DeFiHackLabs/blob/main/past/2022/README.md,7f82c3b22f877b29e73579743e56feb968524e2feba88c81bc4782f118d40a27,0,requires_additional_incident_tx_source
qixi,2022-08-03,Qixi,[],https://github.com/SunWeb3Sec/DeFiHackLabs/blob/main/past/2022/README.md,ecb01762f527766c39fe2d3f5372891ed460cf2be0f313effdfc71c9a565b929,0,requires_additional_incident_tx_source
xcarnival,2022-06-26,XCarnival,[],https://github.com/SunWeb3Sec/DeFiHackLabs/blob/main/past/2022/README.md,88bf3e75a8bcebe33c14479d0616c9df90bd72e57b5190dbd7b85c8d5de477d1,0,requires_additional_incident_tx_source
novo,2022-05-29,NOVO Protocol,"[""0xc346adf14e5082e6df5aeae650f3d7f606d7e08247c2b856510766b4dfcdc57f""]",https://github.com/SunWeb3Sec/DeFiHackLabs/blob/main/past/2022/README.md,80dbdee6522539fe7f9968d8aa1115f0501afebf84304c7d09a8cf60a4c01058,1,ready_for_dual_provider_receipt_reconstruction
xst,2022-08-10,XSTABLE Protocol,[],https://github.com/SunWeb3Sec/DeFiHackLabs/blob/main/past/2022/README.md,ac980aa50936e743b521836e95229deb5e03a037f3e51a56bce508ae29842a7c,0,requires_additional_incident_tx_source
bbox,2022-12-05,BBOX,[],https://github.com/SunWeb3Sec/DeFiHackLabs/blob/main/past/2022/README.md,d515ed7adc9406e1fd4d2bb26fb010dcff10f5685bb1cbea64f5dc803bec1159,0,requires_additional_incident_tx_source
nmbplatform,2022-12-14,Nmbplatform,[],https://github.com/SunWeb3Sec/DeFiHackLabs/blob/main/past/2022/README.md,37a693062e1c454bcdd647800fb3848ffca994e2e26dfb9c04d914e0e7986a0d,0,requires_additional_incident_tx_source
rfb,2022-12-05,RFB,[],https://github.com/SunWeb3Sec/DeFiHackLabs/blob/main/past/2022/README.md,4c22db30e2907b87781834b816f73a5451ddbd78318b377367142737299a5f35,0,requires_additional_incident_tx_source
shoco,2023-01-19,SHOCO,[],https://github.com/SunWeb3Sec/DeFiHackLabs/blob/main/past/2023/README.md,78592a7b3034c3c46902ecbef7e8880793d53f634d01dfcc4cb88973dcb92bae,0,requires_additional_incident_tx_source
qtn,2023-01-18,QTNToken,[],https://github.com/SunWeb3Sec/DeFiHackLabs/blob/main/past/2023/README.md,97f79379800de58b011883fb2a3b22ada9dfc6c648e72c2674a80e4344a5ddd0,0,requires_additional_incident_tx_source
tinu,2023-01-26,TINU,[],https://github.com/SunWeb3Sec/DeFiHackLabs/blob/main/past/2023/README.md,209b2350caa38b1ece628269e73da01c91e2584a7ea39cb8661f67cf821f0ca4,0,requires_additional_incident_tx_source
bra,2023-01-10,BRA,[],https://github.com/SunWeb3Sec/DeFiHackLabs/blob/main/past/2023/README.md,28c23d8c63daac50bc2d88fdd2e6da928eaad2ae14e15e393342b2bd7f5bdb60,0,requires_additional_incident_tx_source
bevo,2023-01-30,BEVO,[],https://github.com/SunWeb3Sec/DeFiHackLabs/blob/main/past/2023/README.md,466f574ba0b6138ad285df179e8ef8e1f47132c03f6f4cec1ce0c17360bb607a,0,requires_additional_incident_tx_source
omniestate,2023-01-17,OmniEstate,[],https://github.com/SunWeb3Sec/DeFiHackLabs/blob/main/past/2023/README.md,339c1cb46cb4b8dba4a69aabf4bd3ddcdf16695bb4c9db2873ed5067910fd5c3,0,requires_additional_incident_tx_source
gds,2023-01-03,GDS,[],https://github.com/SunWeb3Sec/DeFiHackLabs/blob/main/past/2023/README.md,f133bcf77115517e92a74eaa4862856160367c7dfa6ab0ce717703333d38ca93,0,requires_additional_incident_tx_source
ufdao,2023-01-11,UFDao,[],https://github.com/SunWeb3Sec/DeFiHackLabs/blob/main/past/2023/README.md,3f87a9969fbd9c3a46a8b56de964bbd87d555974a9361bf27e54e156e94b6108,0,requires_additional_incident_tx_source
upswing,2023-01-18,UPSToken,"[""0x4b3df6e9c68ae482c71a02832f7f599ff58ff877ec05fed0abd95b31d2d7d912""]",https://github.com/SunWeb3Sec/DeFiHackLabs/blob/main/past/2023/README.md,096a64991a7d2fc68aa16318ed16cec6cc60de825fa4e6de92de2b3425e4e1b3,1,ready_for_dual_provider_receipt_reconstruction
roefinance,2023-01-11,RoeFinance,[],https://github.com/SunWeb3Sec/DeFiHackLabs/blob/main/past/2023/README.md,4038cc16dc764000e5540fd5f01aa745903eea938e4ed3a99a5455622162b49e,0,requires_additional_incident_tx_source
efvault,2023-02-24,EFVault,[],https://github.com/SunWeb3Sec/DeFiHackLabs/blob/main/past/2023/README.md,68edecb51d2fa2593e02e14f18e96fd9ea8769ae3611be1d4dabd888b636bd01,0,requires_additional_incident_tx_source
fdp,2023-02-06,FDP,[],https://github.com/SunWeb3Sec/DeFiHackLabs/blob/main/past/2023/README.md,3d906384ee936746d672dbfc3cad07972bb1e7119141ce312010671cf7c85581,0,requires_additional_incident_tx_source
dexible,2023-02-17,Dexible,[],https://github.com/SunWeb3Sec/DeFiHackLabs/blob/main/past/2023/README.md,4e6fd15f0c9f1255cfe205eaee2b040e69c0dac862c7bf768fe3fdc53312a057,0,requires_additional_incident_tx_source
dyna,2023-02-22,DYNA,[],https://github.com/SunWeb3Sec/DeFiHackLabs/blob/main/past/2023/README.md,0606d32d977bdc3f23dd05023c118ba7841cf5fb14bdec135b2b1d42c7952174,0,requires_additional_incident_tx_source
revertfinance,2023-02-18,RevertFinance,[],https://github.com/SunWeb3Sec/DeFiHackLabs/blob/main/past/2023/README.md,207d11063b53884c885c89aa548be4521d5744a7ac420e813021f072bcdb0eee,0,requires_additional_incident_tx_source
starlink,2023-02-17,Starlink,[],https://github.com/SunWeb3Sec/DeFiHackLabs/blob/main/past/2023/README.md,ce989f1533e653d024b528cbd95da156c293d2c4a813e73814fb2ef1e94b91a7,0,requires_additional_incident_tx_source
bigfi,2023-03-22,BIGFI,[],https://github.com/SunWeb3Sec/DeFiHackLabs/blob/main/past/2023/README.md,220300e58292c3d55d564b0788ae83fbcd7bb1b362e8625a43291b6ae713ac6e,0,requires_additional_incident_tx_source
sheep,2023-02-10,Sheep,[],https://github.com/SunWeb3Sec/DeFiHackLabs/blob/main/past/2023/README.md,1da2b0d5408a2ec990fa02df710580cd89676723591b068165339ad3e21faa13,0,requires_additional_incident_tx_source
orion,2023-02-03,Orion Protocol,[],https://github.com/SunWeb3Sec/DeFiHackLabs/blob/main/past/2023/README.md,230018610c21d80d51f87ee5b73442005156617f01ca4fe6120bf470660824b6,0,requires_additional_incident_tx_source
poolz,2023-03-15,Poolz,[],https://github.com/SunWeb3Sec/DeFiHackLabs/blob/main/past/2023/README.md,bda1ee287e1e98d03ba4f9d84d1de72a3bfe16cc8fcf2398cfbb174bc4ca86d1,0,requires_additional_incident_tx_source
allbridge,2023-04-02,Allbridge,[],https://github.com/SunWeb3Sec/DeFiHackLabs/blob/main/past/2023/README.md,9e6ba73f3f619cf65fc515389a80b649a51aa891855bd02aaed3938aad6973b1,0,requires_additional_incident_tx_source
dbw,2023-03-25,DBW,[],https://github.com/SunWeb3Sec/DeFiHackLabs/blob/main/past/2023/README.md,2d5fb42b8fb902aed9674385117e519fbbd3c9e74f81b581634bf8b73703dc1b,0,requires_additional_incident_tx_source
axioma,2023-04-24,Axioma,[],https://github.com/SunWeb3Sec/DeFiHackLabs/blob/main/past/2023/README.md,d1f57ab5d65e3870792251bb781cb24374339cd2c271c583bcb8d369468509d7,0,requires_additional_incident_tx_source
olife,2023-04-19,OLIFE,[],https://github.com/SunWeb3Sec/DeFiHackLabs/blob/main/past/2023/README.md,f45cb26ca206b4bde90938dde044e118066e680daef86e0ce52ad3c62684d22a,0,requires_additional_incident_tx_source
sushi_router,2023-04-09,SushiSwap,[],https://github.com/SunWeb3Sec/DeFiHackLabs/blob/main/past/2023/README.md,2f68d6a8ba91da88a2370a929db3676986a4819479ce27ecc2a31c56dd5f51aa,0,requires_additional_incident_tx_source
safemoon,2023-03-28,SafeMoon Hack,[],https://github.com/SunWeb3Sec/DeFiHackLabs/blob/main/past/2023/README.md,2498c583ba177edc37f363e0b54f95dce073d9cbc59359a1f1664f38071aecf5,0,requires_additional_incident_tx_source
swapos,2023-04-16,Swapos V2,[],https://github.com/SunWeb3Sec/DeFiHackLabs/blob/main/past/2023/README.md,e94fd586bd17e469d11f7ab540aff87a6383b37a90ab987fdfff7a54b73bf3fe,0,requires_additional_incident_tx_source
yearnfinance,2023-04-13,yearnFinance,[],https://github.com/SunWeb3Sec/DeFiHackLabs/blob/main/past/2023/README.md,37a56741b1b475a56725fe36565ad21976ef7d726b4c6ac3aa334aefa6aeadc9,0,requires_additional_incident_tx_source
babydogecoin,2023-05-29,BabyDogeCoin,[],https://github.com/SunWeb3Sec/DeFiHackLabs/blob/main/past/2023/README.md,f2cbefc8b122988a0ecb2a48794d7f5e6ab5a2843115be4493c3a46a8a5dd383,0,requires_additional_incident_tx_source
silo_finance,2023-04-27,Silo finance,[],https://github.com/SunWeb3Sec/DeFiHackLabs/blob/main/past/2023/README.md,9b884914f8626d2d99687e9e3de2268d1534ccdf70eaa31fbe6f3d47de80a7ec,0,requires_additional_incident_tx_source
bitpaidio,2023-05-13,Bitpaidio,[],https://github.com/SunWeb3Sec/DeFiHackLabs/blob/main/past/2023/README.md,4683251ff02b948ca7e6f187c76773c1ea70e778b8de50a96b27635c4b31ac62,0,requires_additional_incident_tx_source
fapen,2023-05-29,FAPEN,[],https://github.com/SunWeb3Sec/DeFiHackLabs/blob/main/past/2023/README.md,9903575470e05debdc8af3e0a6b38af77a955c68a506a6080e6e2db71618b7c7,0,requires_additional_incident_tx_source
erc20tokenbank,2023-05-31,ERC20TokenBank,[],https://github.com/SunWeb3Sec/DeFiHackLabs/blob/main/past/2023/README.md,cc25142537541b03e2a2cde009662c1a89939a7dc5ea5167e2596c16860eb0c3,0,requires_additional_incident_tx_source
cs,2023-05-24,CS Token,[],https://github.com/SunWeb3Sec/DeFiHackLabs/blob/main/past/2023/README.md,b1eac141e6770456816aef704a422069bc7c3d9376ce88023f987f73d9e03c31,0,requires_additional_incident_tx_source
hodlcapital,2023-05-09,HODL,"[""0xedc214a62ff6fd764200ddaa8ceae54f842279eadab80900be5f29d0b75212df""]",https://github.com/SunWeb3Sec/DeFiHackLabs/blob/main/past/2023/README.md,be2766c06367f10ee7018421cb76febad2cd6cc091b52344bac9938ab3a02e15,1,ready_for_dual_provider_receipt_reconstruction
melo,2023-05-06,Melo,[],https://github.com/SunWeb3Sec/DeFiHackLabs/blob/main/past/2023/README.md,1dc21648b7180b94668622e40e723ddb45f816a0b4db31f80c03b8227679254a,0,requires_additional_incident_tx_source
lw,2023-05-12,LW,[],https://github.com/SunWeb3Sec/DeFiHackLabs/blob/main/past/2023/README.md,49b6cafe686b7ed303e5c8fde8dcbd7aad87ef4c64f05c35cfd6166a6ee469de,0,requires_additional_incident_tx_source
multichaincapital,2023-05-09,MCC,[],https://github.com/SunWeb3Sec/DeFiHackLabs/blob/main/past/2023/README.md,e9c51537d22eb98fbcac694db0e01fbd86720b900728569d4afbb877e3ecd65a,0,requires_additional_incident_tx_source
level,2023-05-02,Level,[],https://github.com/SunWeb3Sec/DeFiHackLabs/blob/main/past/2023/README.md,a8fb16f1411330e130d3de965ab9566abad2bed4494b479d532b26982bf317cf,0,requires_additional_incident_tx_source
sellc02,2023-05-14,SellToken03,[],https://github.com/SunWeb3Sec/DeFiHackLabs/blob/main/past/2023/README.md,559eb4960b432d4fa1392e4d65cda28a014cefe0e6886c640cfd27582f00dcd9,0,requires_additional_incident_tx_source
neverfall,2023-05-03,NeverFall,[],https://github.com/SunWeb3Sec/DeFiHackLabs/blob/main/past/2023/README.md,24887d71d881e9b3355abe95a52ecaa0d0c74111a215a55236b2edc74bf19ec4,0,requires_additional_incident_tx_source
sellc,2023-05-11,SellToken01,[],https://github.com/SunWeb3Sec/DeFiHackLabs/blob/main/past/2023/README.md,924f1e34730cb2111ed37a8a768a7ddea30ac55a29e91ab340aea3daee14fbcd,0,requires_additional_incident_tx_source
selltoken,2023-05-13,SellToken02,[],https://github.com/SunWeb3Sec/DeFiHackLabs/blob/main/past/2023/README.md,6852a28aadb71748b01358c5c5ecddfedfacbfff88805eab506ad83398787569,0,requires_additional_incident_tx_source
snk,2023-05-10,SNK,[],https://github.com/SunWeb3Sec/DeFiHackLabs/blob/main/past/2023/README.md,164582ee842565517c67f992eb087dbae90c1c25f531e9c0ccee407de7f74bf6,0,requires_additional_incident_tx_source
bunn,2023-06-21,BUNN,[],https://github.com/SunWeb3Sec/DeFiHackLabs/blob/main/past/2023/README.md,a1bf8e860d6d88279b97d92e86cc3dd50fada2f0a5420c604e4257c427ca6a6a,0,requires_additional_incident_tx_source
babydogecoin02,2023-06-21,BabyDogeCoin02,[],https://github.com/SunWeb3Sec/DeFiHackLabs/blob/main/past/2023/README.md,3274443c97c0b04665c742a6dc2e8931686164c4c17094d6d6ce92e4b318746f,0,requires_additional_incident_tx_source
compounderfinance,2023-06-07,CompounderFinance,[],https://github.com/SunWeb3Sec/DeFiHackLabs/blob/main/past/2023/README.md,7b7f23fad9d05da732c442a167795dff9925e20fb9fd35a7e51ceee315284d01,0,requires_additional_incident_tx_source
cellframe,2023-06-01,Cellframenet,[],https://github.com/SunWeb3Sec/DeFiHackLabs/blob/main/past/2023/README.md,22ee8da702b8ec402db2753585e434341c06afac1d5137b85dd787333536c903,0,requires_additional_incident_tx_source
biswap,2023-06-30,Biswap,[],https://github.com/SunWeb3Sec/DeFiHackLabs/blob/main/past/2023/README.md,2dbbab18564e61d8aafe54c973def4ca29776e7066596137b180fb6ba04aaedd,0,requires_additional_incident_tx_source
ddcoin,2023-06-01,DDCoin,[],https://github.com/SunWeb3Sec/DeFiHackLabs/blob/main/past/2023/README.md,f54389af142259a1d51bfe6d43dee6fc3e2630eb614f674bffa8e09b53d529d4,0,requires_additional_incident_tx_source
mimspell,2023-06-20,MIMSpell,[],https://github.com/SunWeb3Sec/DeFiHackLabs/blob/main/past/2023/README.md,5588b17b13b02b52ec1d5dc496ee8f513ab1a96a29e0aa08fef4e1f025460eba,0,requires_additional_incident_tx_source
myai,2023-06-30,MyAi,[],https://github.com/SunWeb3Sec/DeFiHackLabs/blob/main/past/2023/README.md,26ab177fd8aa6159d63dc2dcf177a33812dc1f463cddc89c7e193751bce4ab6c,0,requires_additional_incident_tx_source
pawnfi,2023-06-17,Pawnfi,[],https://github.com/SunWeb3Sec/DeFiHackLabs/blob/main/past/2023/README.md,abd97bbc4468d7f191f15759d29ba60c3e6de6f4fe1b1321caa6f89e54871295,0,requires_additional_incident_tx_source
sellc03,2023-06-11,SellToken04,[],https://github.com/SunWeb3Sec/DeFiHackLabs/blob/main/past/2023/README.md,839b537d4aa211c9efda4aff91e88a02372dac45f571e651571af2b7155e80f4,0,requires_additional_incident_tx_source
depusdt_levusdc,2023-06-15,DEPUSDT_LEVUSDC,[],https://github.com/SunWeb3Sec/DeFiHackLabs/blob/main/past/2023/README.md,6a971e7ce95ebc37b0bcb21a660b18ac4e244428132e8656d35c7d71996b6aaf,0,requires_additional_incident_tx_source
shido_2,2023-06-23,SHIDO,[],https://github.com/SunWeb3Sec/DeFiHackLabs/blob/main/past/2023/README.md,02f500349f984568ee26a4a76e055cc50cee94249fb6cd64987772f0187ecf20,0,requires_additional_incident_tx_source
un,2023-06-06,UN,[],https://github.com/SunWeb3Sec/DeFiHackLabs/blob/main/past/2023/README.md,5e59953a48ff30c9425ea46eecccba2a7b34bea95cb1c670419d299b8e284700,0,requires_additional_incident_tx_source
vinu,2023-06-06,VINU,[],https://github.com/SunWeb3Sec/DeFiHackLabs/blob/main/past/2023/README.md,7333d38d149657163985aec162e91b923b8c2dc1908977b70fffc7501213525e,0,requires_additional_incident_tx_source
sturdy,2023-06-12,Sturdy Finance,[],https://github.com/SunWeb3Sec/DeFiHackLabs/blob/main/past/2023/README.md,08c49ad305591fa542ed64d287a0e685ac6065855a132ac2e3fe4e641f762e94,0,requires_additional_incident_tx_source
bno,2023-07-18,BNO,[],https://github.com/SunWeb3Sec/DeFiHackLabs/blob/main/past/2023/README.md,2d18e200f289b7d72ff413afe5f914eedde0485a4acf79e2c6764c2247ac413f,0,requires_additional_incident_tx_source
apedao,2023-07-18,APEDAO,[],https://github.com/SunWeb3Sec/DeFiHackLabs/blob/main/past/2023/README.md,c99bb520e3259748253f1c1e9e009d9c6768476d9c079b38ca973243badbcfa8,0,requires_additional_incident_tx_source
bamboo,2023-07-04,BambooIA,[],https://github.com/SunWeb3Sec/DeFiHackLabs/blob/main/past/2023/README.md,c71d97c2735917906643a53564faea9d5a5805ca719ba7903fd7d4fb38be65d1,0,requires_additional_incident_tx_source
conic02,2023-07-22,Conic Finance 02,[],https://github.com/SunWeb3Sec/DeFiHackLabs/blob/main/past/2023/README.md,cf3764f4bf28c89963a6b607dff63415f068aa0793595862d68f9bbfefe5d86f,0,requires_additional_incident_tx_source
bao,2023-07-04,BaoCommunity,[],https://github.com/SunWeb3Sec/DeFiHackLabs/blob/main/past/2023/README.md,cb83300719c4e75f585516f21ddcd63ac49f1639611a086e0b6c78ee3dd65350,0,requires_additional_incident_tx_source
conic,2023-07-21,Conic Finance,[],https://github.com/SunWeb3Sec/DeFiHackLabs/blob/main/past/2023/README.md,92faf7fca921c724faa4765490b269435efa0f219fc65bf10a8a8a0df73679b0,0,requires_additional_incident_tx_source
conic_2,2023-07-21,Conic Finance,[],https://github.com/SunWeb3Sec/DeFiHackLabs/blob/main/past/2023/README.md,92faf7fca921c724faa4765490b269435efa0f219fc65bf10a8a8a0df73679b0,0,requires_additional_incident_tx_source
gymnet,2023-07-31,GYMNET,[],https://github.com/SunWeb3Sec/DeFiHackLabs/blob/main/past/2023/README.md,d83705236c566e6d4bc746c7d9ec9e70e95fba4e11fdc324176dbd03d9522540,0,requires_additional_incident_tx_source
ffist,2023-07-20,FFIST,[],https://github.com/SunWeb3Sec/DeFiHackLabs/blob/main/past/2023/README.md,91117a056e2e76070a468985f0b482382a42f791ead704211d1644b8b87194b2,0,requires_additional_incident_tx_source
mintofinance,2023-07-23,MintoFinance,[],https://github.com/SunWeb3Sec/DeFiHackLabs/blob/main/past/2023/README.md,aba56dfc99b4e2a2467bd75f35a51d9efd2dd0eeb478472eadac1d73a8e4eaee,0,requires_additional_incident_tx_source
newfi,2023-07-17,NewFi,[],https://github.com/SunWeb3Sec/DeFiHackLabs/blob/main/past/2023/README.md,cb1487b55e66a8cc6f1141f460c6d0b2ef847804fe15fc2f69802176b33b80ba,0,requires_additional_incident_tx_source
usdtstakingcontract28,2023-07-15,USDTStakingContract28,[],https://github.com/SunWeb3Sec/DeFiHackLabs/blob/main/past/2023/README.md,161cf06028a9979f51a35374287d6d6933d27c92fd9433282f7373f6636d32e0,0,requires_additional_incident_tx_source
utopia,2023-07-20,Utopia,[],https://github.com/SunWeb3Sec/DeFiHackLabs/blob/main/past/2023/README.md,47783ad47bdd3130ee1173942685b908e13fc6969fcc99f6bef4f5a79a3022f1,0,requires_additional_incident_tx_source
palmswap,2023-07-24,Palmswap,[],https://github.com/SunWeb3Sec/DeFiHackLabs/blob/main/past/2023/README.md,f39a223dc58ce3fcffccdff63277c149a9b83e2401ebbd06b0dabc2683133178,0,requires_additional_incident_tx_source
sut,2023-07-21,SUT,[],https://github.com/SunWeb3Sec/DeFiHackLabs/blob/main/past/2023/README.md,379dfcd9ba9b4c5d2a7b0887728c275c714ac9bece967d28d754d6f50894a17a,0,requires_additional_incident_tx_source
wgpt,2023-07-12,WGPT,[],https://github.com/SunWeb3Sec/DeFiHackLabs/blob/main/past/2023/README.md,aa3190bfdfa1fadc9310c4995070c4d31c2c4c651a3ecbaf779cda51492c7b3c,0,requires_additional_incident_tx_source
btc20,2023-08-19,BTC20,[],https://github.com/SunWeb3Sec/DeFiHackLabs/blob/main/past/2023/README.md,22b121acbfcc40154c0f0b48bf818e2f4561667799dd1d2dfb0320f73d3655ca,0,requires_additional_incident_tx_source
ehive,2023-08-21,EHIVE,[],https://github.com/SunWeb3Sec/DeFiHackLabs/blob/main/past/2023/README.md,b90f303b9792c571423fdf6fa220a018f3664860d2b524f62b39f6b38fefc56b,0,requires_additional_incident_tx_source
balancer,2023-08-27,Balancer,[],https://github.com/SunWeb3Sec/DeFiHackLabs/blob/main/past/2023/README.md,2874efeac1f3c130d422c24d482bf435af39a7b71926151d92f622c65c415660,0,requires_additional_incident_tx_source
eac,2023-08-29,EAC,[],https://github.com/SunWeb3Sec/DeFiHackLabs/blob/main/past/2023/README.md,bc218962d9ef63f3067269968d51defc1f4697fe5b8bf49c19452d3c3506e6ef,0,requires_additional_incident_tx_source
earningfram,2023-08-09,EarningFram,[],https://github.com/SunWeb3Sec/DeFiHackLabs/blob/main/past/2023/README.md,a3fcad17a2ae54c366de182933eab1c3d9da6f56c4e43f54fcfcae5b1549da60,0,requires_additional_incident_tx_source
leetswap,2023-08-01,LeetSwap,[],https://github.com/SunWeb3Sec/DeFiHackLabs/blob/main/past/2023/README.md,d45baeffbd8d4563718fe12155d11b46aa61b423de459a48dc6418be9cc3ee0a,0,requires_additional_incident_tx_source
uwerx,2023-08-02,Uwerx,"[""0x3b19e152943f31fe0830b67315ddc89be9a066dc89174256e17bc8c2d35b5af8""]",https://github.com/SunWeb3Sec/DeFiHackLabs/blob/main/past/2023/README.md,543b26507e1d92c59fbbd12c55f643a672513fa1842572a45e2c7fe3007251a1,1,ready_for_dual_provider_receipt_reconstruction
bfctoken,2023-09-09,BFCToken,[],https://github.com/SunWeb3Sec/DeFiHackLabs/blob/main/past/2023/README.md,b56ad2e3b4b45b8a6c41e0d11b45ff86503c9df226cf61725c734618e17876c6,0,requires_additional_incident_tx_source
floordao,2023-09-05,FloorDAO,[],https://github.com/SunWeb3Sec/DeFiHackLabs/blob/main/past/2023/README.md,f2773ef985532853a323b49018a6a4b5179f58faa0047bea333da99ede24e52b,0,requires_additional_incident_tx_source
heavensgate,2023-09-05,HeavensGate,"[""0xe28ca1f43036f4768776805fb50906f8172f75eba3bf1d9866bcd64361fda834""]",https://github.com/SunWeb3Sec/DeFiHackLabs/blob/main/past/2023/README.md,aa049f6cdd223fb06f152c2f09320a78f3fa35c374da4fc053a9b791699527e2,1,ready_for_dual_provider_receipt_reconstruction
kub_split,2023-09-24,KubSplit,[],https://github.com/SunWeb3Sec/DeFiHackLabs/blob/main/past/2023/README.md,c9c6d07740584932bd2016947c05ff9461413cd000452d86872ed8c1b51c4b1e,0,requires_additional_incident_tx_source
jumpfarm,2023-09-05,JumpFarm,[],https://github.com/SunWeb3Sec/DeFiHackLabs/blob/main/past/2023/README.md,0d0b062e1f0d40d4e6726d6175a56edd8cf39ac6144c15cfeea698f6448ea4c7,0,requires_additional_incident_tx_source
quantumwn,2023-09-05,QuantumWN,[],https://github.com/SunWeb3Sec/DeFiHackLabs/blob/main/past/2023/README.md,9fea35e24fa664c421d81962af5106dfdcad6cd39baa4ee715401d096783263a,0,requires_additional_incident_tx_source
uniclynft,2023-09-16,uniclyNFT,[],https://github.com/SunWeb3Sec/DeFiHackLabs/blob/main/past/2023/README.md,0db0d6c9904687a9776a665c0520cd1a78c808142ec840b562f94e2f4cb60377,0,requires_additional_incident_tx_source
bh,2023-10-11,BH,[],https://github.com/SunWeb3Sec/DeFiHackLabs/blob/main/past/2023/README.md,d1106cb47b8157ac5f170d68d85ccd44b5f16f7588cf5d6e6c0dcd7c76d4fd18,0,requires_additional_incident_tx_source
depayrouter,2023-10-05,DePayRouter,[],https://github.com/SunWeb3Sec/DeFiHackLabs/blob/main/past/2023/README.md,678451b45a53f4ee384c87cc3134587e84b856c5e44a23003787abf1ad5908a3,0,requires_additional_incident_tx_source
astrid,2023-10-28,AstridProtocol,[],https://github.com/SunWeb3Sec/DeFiHackLabs/blob/main/past/2023/README.md,1df4c4dc2d6d91e85e110d98993c38b3ee183c950028cddbdca2bdb4c36bc11e,0,requires_additional_incident_tx_source
hopelend,2023-10-18,Hopelend,[],https://github.com/SunWeb3Sec/DeFiHackLabs/blob/main/past/2023/README.md,ac3363b2ee8827a619f153f254a699bb2ff1a671a64d2945ea708e69bd5e5908,0,requires_additional_incident_tx_source
openleverage,2023-10-22,OpenLeverage,[],https://github.com/SunWeb3Sec/DeFiHackLabs/blob/main/past/2023/README.md,654f68a7a2afa70319c628bab97c627cb470f2f69b7a6e866b13a5689fc30f3d,0,requires_additional_incident_tx_source
zs,2023-10-08,ZS,[],https://github.com/SunWeb3Sec/DeFiHackLabs/blob/main/past/2023/README.md,b503ee263e167bb1e9fc5c91e7df46904eb33a13d2a864d82f3035214dc0fbf4,0,requires_additional_incident_tx_source
wiselending,2023-10-13,WiseLending,[],https://github.com/SunWeb3Sec/DeFiHackLabs/blob/main/past/2023/README.md,fe4ed68a0d11da3971450e0fc0bfe4d199e0e390deb63e1df86381c1747e3f10,0,requires_additional_incident_tx_source
pseudoeth,2023-10-08,pSeudoEth,[],https://github.com/SunWeb3Sec/DeFiHackLabs/blob/main/past/2023/README.md,7367a892fb5af9fd9f54b20be34fbf9f07f2c20629b7196b40d75f65936feb46,0,requires_additional_incident_tx_source
ktaf,2023-10-19,kTAF,[],https://github.com/SunWeb3Sec/DeFiHackLabs/blob/main/past/2023/README.md,91ed447eedeac861483bcb32fe39cf0f028a35e3a80b97590af5d896965fb3b4,0,requires_additional_incident_tx_source
3913,2023-11-02,3913Token,[],https://github.com/SunWeb3Sec/DeFiHackLabs/blob/main/past/2023/README.md,20362fa28aa1bb400084b54890828ea4b8659ffc51d056fb6bba1172b04e8731,0,requires_additional_incident_tx_source
burntbubba,2023-11-29,Burntbubba,[],https://github.com/SunWeb3Sec/DeFiHackLabs/blob/main/past/2023/README.md,366337a679c5ba2ed9ef400c4d32ebc352b5fe185180f081b8914db6a7eada2b,0,requires_additional_incident_tx_source
fiberrouter,2023-11-28,FiberRouter,[],https://github.com/SunWeb3Sec/DeFiHackLabs/blob/main/past/2023/README.md,95e91dd1b0cd068b0894f826cee24f481cbae5f53f92b24d7f8f5720604ba795,0,requires_additional_incident_tx_source
carolprotocol,2023-11-30,CAROLProtocol,[],https://github.com/SunWeb3Sec/DeFiHackLabs/blob/main/past/2023/README.md,9033a03fb8b67fb19794406d2629035a33362c3189cedc26dc77bdb8cb78c188,0,requires_additional_incident_tx_source
ehx,2023-11-15,EHX,[],https://github.com/SunWeb3Sec/DeFiHackLabs/blob/main/past/2023/README.md,a18c1d9fe7bf05d142752c8e0f8f37630c645e3812628dd1b9fefbc27a7b7fbf,0,requires_additional_incident_tx_source
mahalend,2023-11-11,MahaLend,[],https://github.com/SunWeb3Sec/DeFiHackLabs/blob/main/past/2023/README.md,06a6d113019acfeb5d11061532075f5f388fa6e5707881f5ed656071edc3ced3,0,requires_additional_incident_tx_source
swampfinance,2023-11-01,SwampFinance,[],https://github.com/SunWeb3Sec/DeFiHackLabs/blob/main/past/2023/README.md,eb471c333ebe8db5610ae95946d94aed50d9c24c5cffc4db6f38a5d78fde763c,0,requires_additional_incident_tx_source
raft,2023-11-10,Raft_fi,[],https://github.com/SunWeb3Sec/DeFiHackLabs/blob/main/past/2023/README.md,cd2bdd74e5aee1be8cba6a272c1b7db7894120764fc783c363fdac039aff50fe,0,requires_additional_incident_tx_source
rbalancer,2023-11-07,RBalancer,[],https://github.com/SunWeb3Sec/DeFiHackLabs/blob/main/past/2023/README.md,f98b66442523d7382a3a7b7768fa85a68ce5e95cf5aa81f7e5e42c6e811bd5f2,0,requires_additional_incident_tx_source
shibatoken,2023-11-17,ShibaToken,[],https://github.com/SunWeb3Sec/DeFiHackLabs/blob/main/past/2023/README.md,b7cada09b59c506a4279b6085113710972cd4b2e987982fdf0cf8f66a2f23e9e,0,requires_additional_incident_tx_source
weco,2023-11-16,WECO,[],https://github.com/SunWeb3Sec/DeFiHackLabs/blob/main/past/2023/README.md,14401dcdb399156770a4d9b4ffb98d2e2a6944a63b11fa8b97a631fe80020e24,0,requires_additional_incident_tx_source
thenftv2,2023-11-25,TheNFTV2,[],https://github.com/SunWeb3Sec/DeFiHackLabs/blob/main/past/2023/README.md,19f81547a90b10e10774cc280d2fe983bd9e783d44d5a7e1c549a539e3c657de,0,requires_additional_incident_tx_source
onyxprotocol,2023-11-01,OnyxProtocol,[],https://github.com/SunWeb3Sec/DeFiHackLabs/blob/main/past/2023/README.md,7116148618bbe8823ac7a52bfaf220ce1b34c08acf031c7c8981600fbd92b5a2,0,requires_additional_incident_tx_source
bct,2023-12-09,BCT,"[""0xdae0b85e01670e6b6b317657a72fb560fc388664cf8bfdd9e1b0ae88e0679103""]",https://github.com/SunWeb3Sec/DeFiHackLabs/blob/main/past/2023/README.md,d383d3e9c327db3e9d2a87f0fc215949e69191db48a244738eb1159f162ba6e7,1,ready_for_dual_provider_receipt_reconstruction
trustpad,2023-11-06,TrustPad,[],https://github.com/SunWeb3Sec/DeFiHackLabs/blob/main/past/2023/README.md,4d6b4d45d86c9c069ff296c83604a785dfcc737cd3d9b51d7a8bc3506f41a170,0,requires_additional_incident_tx_source
grok,2023-11-10,grok,[],https://github.com/SunWeb3Sec/DeFiHackLabs/blob/main/past/2023/README.md,e6dfdd6d17f539627a862d0a82813a66ea958dab84e88a02b14a2b1ac525fd46,0,requires_additional_incident_tx_source
goodcompound,2023-12-11,GoodCompound,"[""0x1106418384414ed56cd7cbb9fedc66a02d39b663d580abc618f2d387348354ab""]",https://github.com/SunWeb3Sec/DeFiHackLabs/blob/main/past/2023/README.md,7dc5d204b5cb5a34028972db2983f76e1a720919fabdf794e811acb9d09a6488,1,ready_for_dual_provider_receipt_reconstruction
bearndao,2023-12-05,BEARNDAO,[],https://github.com/SunWeb3Sec/DeFiHackLabs/blob/main/past/2023/README.md,5dee561336da19644235b4f8c44cb6d54b8c7dde9d4fe0591286868da1ec2627,0,requires_additional_incident_tx_source
hypr,2023-12-13,HYPR,[],https://github.com/SunWeb3Sec/DeFiHackLabs/blob/main/past/2023/README.md,e3739679326c6468745c0daeac1cce1d40126fb342045cebba0b2f68c218a8c9,0,requires_additional_incident_tx_source
floorprotocol,2023-12-17,FloorProtocol,[],https://github.com/SunWeb3Sec/DeFiHackLabs/blob/main/past/2023/README.md,d552f58095a5c1b67278afdd5a9f1346ae00d63ce1b4de551a6e1b351e2523ad,0,requires_additional_incident_tx_source
xai,2023-11-15,XAI,[],https://github.com/SunWeb3Sec/DeFiHackLabs/blob/main/past/2023/README.md,61aa313d22ea002b4b00c6a6de0a36276886e72679c6ddb006a2b8795deb1a33,0,requires_additional_incident_tx_source
mamo,2023-12-05,MAMO,"[""0x189a8dc1e0fea34fd7f5fa78c6e9bdf099a8d575ff5c557fa30d90c6acd0b29f""]",https://github.com/SunWeb3Sec/DeFiHackLabs/blob/main/past/2023/README.md,b179fe0d475faa52efde723526c07cfa6d03e48171fb2fddb5afc889107b6a26,1,ready_for_dual_provider_receipt_reconstruction
gooddollar,2023-12-16,GoodDollar,[],https://github.com/SunWeb3Sec/DeFiHackLabs/blob/main/past/2023/README.md,6a95eea8103582c2f5632f1537abceaed8eff172c0887c3cc15a60354a1fd7d3,0,requires_additional_incident_tx_source
kest,2023-12-16,KEST,[],https://github.com/SunWeb3Sec/DeFiHackLabs/blob/main/past/2023/README.md,99d06bdb5b484c933c76644cf093265b2be4def011b3434388bdd1481f20e471,0,requires_additional_incident_tx_source
nfttrader,2023-12-16,NFTTrader,[],https://github.com/SunWeb3Sec/DeFiHackLabs/blob/main/past/2023/README.md,55ef990ada51be5cab3dba4ee4608c297453af35b523388f7a3290b3bc02400f,0,requires_additional_incident_tx_source
pineprotocol,2023-12-22,PineProtocol,[],https://github.com/SunWeb3Sec/DeFiHackLabs/blob/main/past/2023/README.md,88724faa3deeba2c694b22a6f2b8f554d6a452e55f7d5866e7fb67bbe517c669,0,requires_additional_incident_tx_source
cfc,2023-06-15,CFC,[],https://github.com/SunWeb3Sec/DeFiHackLabs/blob/main/past/2023/README.md,77b3284608b7251b4ae0b068d00f1561974249a2e86071fcc807e3196eb56a83,0,requires_additional_incident_tx_source
shido,2023-06-23,SHIDO,[],https://github.com/SunWeb3Sec/DeFiHackLabs/blob/main/past/2023/README.md,02f500349f984568ee26a4a76e055cc50cee94249fb6cd64987772f0187ecf20,0,requires_additional_incident_tx_source
paraspace,2023-03-17,ParaSpace NFT,[],https://github.com/SunWeb3Sec/DeFiHackLabs/blob/main/past/2023/README.md,f76325e990b992d20458c0d86b7fa77bba088347856fc8cd9d4bb12e33b3dfc0,0,requires_additional_incident_tx_source
allbridge_2,2023-04-02,Allbridge,[],https://github.com/SunWeb3Sec/DeFiHackLabs/blob/main/past/2023/README.md,9e6ba73f3f619cf65fc515389a80b649a51aa891855bd02aaed3938aad6973b1,0,requires_additional_incident_tx_source
lusd,2023-07-07,LUSD,[],https://github.com/SunWeb3Sec/DeFiHackLabs/blob/main/past/2023/README.md,548fa2554a015e3e4ac4533680e800fbfed217cea5fb939376b2e620239adfc3,0,requires_additional_incident_tx_source
gss,2023-08-24,GSS,[],https://github.com/SunWeb3Sec/DeFiHackLabs/blob/main/past/2023/README.md,0122f962f73ed6d70d7072a745df25f84bcc6f37a84e727e4be922b835e36529,0,requires_additional_incident_tx_source
xsdwethpool,2023-09-26,XSDWETHpool,[],https://github.com/SunWeb3Sec/DeFiHackLabs/blob/main/past/2023/README.md,5171a72c631a0930c60cf394ca3b8b53732efe7023d737f87503743b37eb8dc8,0,requires_additional_incident_tx_source
laeeb,2023-10-30,LaEeb,[],https://github.com/SunWeb3Sec/DeFiHackLabs/blob/main/past/2023/README.md,5d8182089bda62f6d5bf44380c6d651479cecf5301f21a488a6128e18fef824e,0,requires_additional_incident_tx_source
ais,2023-11-29,AIS,[],https://github.com/SunWeb3Sec/DeFiHackLabs/blob/main/past/2023/README.md,201fb0e192b801dcf1d6a5bd5cb66779a4a53d0312239f571733153ff40c12c6,0,requires_additional_incident_tx_source
hct,2023-09-07,HCT,[],https://github.com/SunWeb3Sec/DeFiHackLabs/blob/main/past/2023/README.md,9f533b702a0b779e816436d168cac8002a4e871939e3c2589b2e6b0e106533dc,0,requires_additional_incident_tx_source
lqdx_alert,2024-01-10,LQDX,[],https://github.com/SunWeb3Sec/DeFiHackLabs/blob/main/past/2024/README.md,d30061a939fbd172dd528982a413b74d964553eaf8a2aa841dbf758a368fee8e,0,requires_additional_incident_tx_source
bmizapper,2024-01-17,BmiZapper,[],https://github.com/SunWeb3Sec/DeFiHackLabs/blob/main/past/2024/README.md,3639359f34a51931ad664ca625decddd72117909a07861077bb648ff94277c3c,0,requires_additional_incident_tx_source
mic,2024-01-02,MIC,[],https://github.com/SunWeb3Sec/DeFiHackLabs/blob/main/past/2024/README.md,949c8d012eb705b561f67c12fe8ae383cc1da5479537f8f136bc7ad1b38971ff,0,requires_additional_incident_tx_source
barleyfinance,2024-01-28,BarleyFinance,[],https://github.com/SunWeb3Sec/DeFiHackLabs/blob/main/past/2024/README.md,db29e517b67f809a29faeda998ccaf52c5c2cdbf28690ee42a52da070f9c0dbb,0,requires_additional_incident_tx_source
mimspell2,2024-01-30,MIMSpell,[],https://github.com/SunWeb3Sec/DeFiHackLabs/blob/main/past/2024/README.md,7d204cc7ae208880f66356502374e7a7f0f35543be63f2bbaca9a9a8da3c9dd3,0,requires_additional_incident_tx_source
peapodsfinance,2024-01-29,PeapodsFinance,"[""0x95c1604789c93f41940a7fd9eca11276975a9a65d250b89a247736287dbd2b7e""]",https://github.com/SunWeb3Sec/DeFiHackLabs/blob/main/past/2024/README.md,c5deade4aaa511c50cb8d90d1504dd401639fdb69b10edcef3754925cfa6f6cf,1,ready_for_dual_provider_receipt_reconstruction
wiselending02,2024-01-12,WiseLending,[],https://github.com/SunWeb3Sec/DeFiHackLabs/blob/main/past/2024/README.md,50b2a0eee9425c4ead1268ef12814a6a8221bd166b4753b3889b49cacf3d3f14,0,requires_additional_incident_tx_source
socketgateway,2024-01-12,SocketGateway,[],https://github.com/SunWeb3Sec/DeFiHackLabs/blob/main/past/2024/README.md,2b4ce27886dead1cc4ae34b1a0a69a1ea6dd8104f38a47c8116ef22a96daefe4,0,requires_additional_incident_tx_source
wiselending03,2024-01-12,WiseLending,[],https://github.com/SunWeb3Sec/DeFiHackLabs/blob/main/past/2024/README.md,50b2a0eee9425c4ead1268ef12814a6a8221bd166b4753b3889b49cacf3d3f14,0,requires_additional_incident_tx_source
xsij,2024-01-30,XSIJ,[],https://github.com/SunWeb3Sec/DeFiHackLabs/blob/main/past/2024/README.md,c97b25d36a3fef48ca7bc8103e8c1d6e579339f997e43c74bb817ab44d6c87e4,0,requires_additional_incident_tx_source
adc,2024-02-02,ADC,[],https://github.com/SunWeb3Sec/DeFiHackLabs/blob/main/past/2024/README.md,a6aa25024b5c3c0ca953e7b98316fd7bea7461755f9dd2af8526f13f007c4aa3,0,requires_additional_incident_tx_source
affinedefi,2024-02-01,AffineDeFi,[],https://github.com/SunWeb3Sec/DeFiHackLabs/blob/main/past/2024/README.md,eb180fbd5bee6ef5019e8e555a2c17119054757202ebb0bf4a43a0dacaf00618,0,requires_additional_incident_tx_source
compounduni,2024-02-23,CompoundUni,[],https://github.com/SunWeb3Sec/DeFiHackLabs/blob/main/past/2024/README.md,ffcee63a14befeae862132a30476945ce2fde227a46721041038e0787bacfa20,0,requires_additional_incident_tx_source
burnsdefi,2024-02-05,BurnsDefi,[],https://github.com/SunWeb3Sec/DeFiHackLabs/blob/main/past/2024/README.md,265e1eac745e43e9ee9a6276b6b6ee88b14f5fe4d6df50467ee5f484defad84c,0,requires_additional_incident_tx_source
bob,2023-12-17,Bob,"[""0xfb14292a531411f852993e5a3ba4e7eb63ed548220267b9b3f4aacc5572d3a58""]",https://github.com/SunWeb3Sec/DeFiHackLabs/blob/main/past/2023/README.md,17f5d16399b99744915e61ff799b26570429e1006f523638a7966750b038ecb5,1,ready_for_dual_provider_receipt_reconstruction
blueberryprotocol,2024-02-23,BlueberryProtocol,[],https://github.com/SunWeb3Sec/DeFiHackLabs/blob/main/past/2024/README.md,60aabd122c2d8b0061099f513c14957a2e5da4068f4db46d6a27ca467556cc05,0,requires_additional_incident_tx_source
deeznutz404,2024-02-21,DeezNutz 404,[],https://github.com/SunWeb3Sec/DeFiHackLabs/blob/main/past/2024/README.md,f6952ee7e82c2330ee34a5e0523ea1c385dd30587c5e8642f85c77ea465cd7b8,0,requires_additional_incident_tx_source
bzx2,2023-12-02,bZxProtocol,[],https://github.com/SunWeb3Sec/DeFiHackLabs/blob/main/past/2023/README.md,9fc1c25f3ca0e8392d8d191c970f073b19918428eb969b4ed2297cb5018c42bf,0,requires_additional_incident_tx_source
game,2024-02-11,Game,[],https://github.com/SunWeb3Sec/DeFiHackLabs/blob/main/past/2024/README.md,94218a4c59634455733d1e133df7bc0e2f2748862665e422d3583a86c46770ca,0,requires_additional_incident_tx_source
dualpools,2024-02-15,DualPools,[],https://github.com/SunWeb3Sec/DeFiHackLabs/blob/main/past/2024/README.md,bcaaf111f622e5eeae5e08b76b369ca38ef7be3bee6d3114848f7104456432d9,0,requires_additional_incident_tx_source
miner_bsc,2024-02-13,MINER,"[""0x15ab671c9bf918fa4b6a9eed9ccb527f32aca40e926ede2aec2c84dfa9c30512""]",https://github.com/SunWeb3Sec/DeFiHackLabs/blob/main/past/2024/README.md,27d1222a244c0e8696cf08e8ac3f932d4a07a63c654a26fa0b5ea764e5747c47,1,ready_for_dual_provider_receipt_reconstruction
particletrade,2024-02-16,ParticleTrade,[],https://github.com/SunWeb3Sec/DeFiHackLabs/blob/main/past/2024/README.md,c17093906d9fddeb7232d9d0103a9478c8297d0a7f3a7cbcc76ce13c9f834755,0,requires_additional_incident_tx_source
pandora,2024-02-08,Pandora,[],https://github.com/SunWeb3Sec/DeFiHackLabs/blob/main/past/2024/README.md,16591f0b417fe89d668500391323f06f3915d4146bee27f6d215479ca4c7ceb0,0,requires_additional_incident_tx_source
ruggedart,2024-02-19,RuggedArt,[],https://github.com/SunWeb3Sec/DeFiHackLabs/blob/main/past/2024/README.md,b96e4beae540039d7e5eb0ee288ff680aeccac877eb67d614b67e34f9a989e54,0,requires_additional_incident_tx_source
miner,2024-02-15,Miner,[],https://github.com/SunWeb3Sec/DeFiHackLabs/blob/main/past/2024/README.md,0775a94dcf7643f9030636f2a55469244d0a21be30cdce0696e51ed46424a1bd,0,requires_additional_incident_tx_source
seneca,2024-02-28,Seneca,[],https://github.com/SunWeb3Sec/DeFiHackLabs/blob/main/past/2024/README.md,b05abcad1d388f6ff123057d5f2c3487ce8e1eec7726cd59dbbee28367ebe03c,0,requires_additional_incident_tx_source
alp,2024-03-06,ALP,[],https://github.com/SunWeb3Sec/DeFiHackLabs/blob/main/past/2024/README.md,0de79cc11a059ace9aefeb2886e4c5ffb713f2bb9621c23cb169bbba910783bd,0,requires_additional_incident_tx_source
ethfin,2024-03-29,ETHFIN,"[""0xfe031685d84f3bae1785f5b2bd0ed480b87815c3f23ce6ced73b8573b7e367c6""]",https://github.com/SunWeb3Sec/DeFiHackLabs/blob/main/past/2024/README.md,f01386ab0de755e57cfd0f723a643a2e766247e7fcafcb7f81cb5b11143c8a61,1,ready_for_dual_provider_receipt_reconstruction
ark,2024-03-24,ARK,[],https://github.com/SunWeb3Sec/DeFiHackLabs/blob/main/past/2024/README.md,e50a7bb3c2733107603adfed5372d02745bd5174cb3fdd84c7e6353a471e22c9,0,requires_additional_incident_tx_source
bbt,2024-03-12,BBT,[],https://github.com/SunWeb3Sec/DeFiHackLabs/blob/main/past/2024/README.md,9f2f49493c72fe8ff43d79ef586532411912c67d0983cfb540131258f49b21da,0,requires_additional_incident_tx_source
binemon,2024-03-11,Binemon,"[""0x1999bb5c11a8d8bfa7620fc5cc37f5bc59c1a99d7a9250a8d6076c93bbdbeb5f""]",https://github.com/SunWeb3Sec/DeFiHackLabs/blob/main/past/2024/README.md,e8a887a999b4b3b770c4e49747a6390331349d4a954b8ab626726e5a4c9039a1,1,ready_for_dual_provider_receipt_reconstruction
juice,2024-03-09,Juice,[],https://github.com/SunWeb3Sec/DeFiHackLabs/blob/main/past/2024/README.md,edf95975a839530d3698c70183349a2307d95b1085ccd96ab1b1ddac7ed034be,0,requires_additional_incident_tx_source
tgbs,2024-03-06,TGBS,[],https://github.com/SunWeb3Sec/DeFiHackLabs/blob/main/past/2024/README.md,dada65ea568337224ab95364259cae8ae28d0a3c01c7af53d4e10f0632ab8863,0,requires_additional_incident_tx_source
atm,2024-04-01,ATM,[],https://github.com/SunWeb3Sec/DeFiHackLabs/blob/main/past/2024/README.md,95cee1d24d8650f9da0c59a2a9aff8afbd3fdd0f132af668b75a59c276d78c2e,0,requires_additional_incident_tx_source
chaingefinance,2024-04-15,ChaingeFinance,[],https://github.com/SunWeb3Sec/DeFiHackLabs/blob/main/past/2024/README.md,7177e57a26a75280777bdd502119c6fb1d38129c8dcb82e0eadb355285b1e5da,0,requires_additional_incident_tx_source
fil314,2024-04-12,FIL314,[],https://github.com/SunWeb3Sec/DeFiHackLabs/blob/main/past/2024/README.md,19e1ba93150df827693daea4c2be72ca054e7604db321bcee0f958405e98cbd2,0,requires_additional_incident_tx_source
gfa,2024-04-15,GFA,[],https://github.com/SunWeb3Sec/DeFiHackLabs/blob/main/past/2024/README.md,858e84f822ad2f3a83fe2fb90327c14e4d0b69f1378e126433c6d807044c7072,0,requires_additional_incident_tx_source
hackathon,2024-04-14,Hackathon,[],https://github.com/SunWeb3Sec/DeFiHackLabs/blob/main/past/2024/README.md,b5624d43a70c90edbd8c0bd3d1f0371f59b3cb0e663515cc394e09736f6d6fbb,0,requires_additional_incident_tx_source
hoppyfrogerc,2024-04-02,HoppyFrogERC,[],https://github.com/SunWeb3Sec/DeFiHackLabs/blob/main/past/2024/README.md,bf3fd47a10acdd2313a5c52a3c1e2043ba7f7f250781dcd166ed5a2a7824c939,0,requires_additional_incident_tx_source
hedgeyfinance,2024-04-19,HedgeyFinance,[],https://github.com/SunWeb3Sec/DeFiHackLabs/blob/main/past/2024/README.md,da054823043fabcbaea1af2633f5fbfd808347c1eed7abc0810e4f2d10ddff04,0,requires_additional_incident_tx_source
ngfs,2024-04-25,NGFS,[],https://github.com/SunWeb3Sec/DeFiHackLabs/blob/main/past/2024/README.md,cdc98e342b5f20196760b8f3f3fa386d8ace8de704cd4376f967a19581aea5ff,0,requires_additional_incident_tx_source
satx,2024-04-16,SATX,[],https://github.com/SunWeb3Sec/DeFiHackLabs/blob/main/past/2024/README.md,175d3783beef60cdcf7797db25f9faa90f4ff8539e9df558f3bb259ec23aa21a,0,requires_additional_incident_tx_source
squid,2024-04-08,SQUID,[],https://github.com/SunWeb3Sec/DeFiHackLabs/blob/main/past/2024/README.md,9aeb0332c8dd2dcc094ae6b2e1d3d8e3ea2429456e4b640a45aea0a323a2fc94,0,requires_additional_incident_tx_source
ups,2024-04-09,UPS,[],https://github.com/SunWeb3Sec/DeFiHackLabs/blob/main/past/2024/README.md,51f78c033326ec8fd168324bd0ac45d36c26d4f1f940e092aad883cd7af4b139,0,requires_additional_incident_tx_source
openleverage2,2024-04-01,OpenLeverage,[],https://github.com/SunWeb3Sec/DeFiHackLabs/blob/main/past/2024/README.md,8928afa376159d465de3d9059561b81929a7a6678a01ddfd9373bddab7bfc12a,0,requires_additional_incident_tx_source
wsm,2024-04-04,wsm,[],https://github.com/SunWeb3Sec/DeFiHackLabs/blob/main/past/2024/README.md,6ebf183070e1711164de4a9e5441d20d49ab6642ebfb907bbad78b3ab459f279,0,requires_additional_incident_tx_source
z123,2024-04-22,Z123,[],https://github.com/SunWeb3Sec/DeFiHackLabs/blob/main/past/2024/README.md,e6a272d372505fb0eb121b5577cad10ae7ee0fe1346ec4cc2ff01c9d29be86b5,0,requires_additional_incident_tx_source
yiedl,2024-04-24,YIEDL,[],https://github.com/SunWeb3Sec/DeFiHackLabs/blob/main/past/2024/README.md,76033ec824db565b5b708643aaf40a4d7a0541b1c1fb24f9c12e012870dc58b7,0,requires_additional_incident_tx_source
burner,2024-05-22,Burner,[],https://github.com/SunWeb3Sec/DeFiHackLabs/blob/main/past/2024/README.md,9dd327b708361039ad9eae2dc3d7fcf60cbf785ebdb2c4212f6a6a3c93a1493a,0,requires_additional_incident_tx_source
excommunity,2024-05-28,EXcommunity,[],https://github.com/SunWeb3Sec/DeFiHackLabs/blob/main/past/2024/README.md,26d6230ac9333918e343cfd541228c24d7433528e51810166077f16609a20473,0,requires_additional_incident_tx_source
sumermoney,2024-04-12,SumerMoney,[],https://github.com/SunWeb3Sec/DeFiHackLabs/blob/main/past/2024/README.md,6cc89722848c536bcd753f43891230e7b3a988e74cdc7d55656ff1fc0078e409,0,requires_additional_incident_tx_source
metadragon,2024-05-29,MetaDragon,[],https://github.com/SunWeb3Sec/DeFiHackLabs/blob/main/past/2024/README.md,1e9b3302b8ae889be71e7956627b95c3c1ab4311ce3571bab3ad4d931b13ebd2,0,requires_additional_incident_tx_source
gpu,2024-05-08,GPU,[],https://github.com/SunWeb3Sec/DeFiHackLabs/blob/main/past/2024/README.md,027e56e1e787248ceae2146fecdfdac737957ba29b3ebceb2270e2aaee7c6622,0,requires_additional_incident_tx_source
liquiditytokens,2024-05-31,Liquiditytokens,[],https://github.com/SunWeb3Sec/DeFiHackLabs/blob/main/past/2024/README.md,a4cea0dac6a525cc4a4cce0b03ddd11e80fcb5432ec49be30d50c2300f1584ae,0,requires_additional_incident_tx_source
redkeyscoin,2024-05-27,RedKeysCoin,[],https://github.com/SunWeb3Sec/DeFiHackLabs/blob/main/past/2024/README.md,672316711fec40f5ea6c201714b27271557d853c8e4ab5fcd177a9e7d3210d23,0,requires_additional_incident_tx_source
normie,2024-05-26,NORMIE,[],https://github.com/SunWeb3Sec/DeFiHackLabs/blob/main/past/2024/README.md,1668476350face84c4047a54866f1d20196edb0343f825c46251fd24fff24262,0,requires_additional_incident_tx_source
osn,2024-05-06,OSN,[],https://github.com/SunWeb3Sec/DeFiHackLabs/blob/main/past/2024/README.md,878a5450867bc251fd18574d2e3f1a024904b760638fb6c3d600f58ca029b29e,0,requires_additional_incident_tx_source
tsuru,2024-05-10,TSURU,[],https://github.com/SunWeb3Sec/DeFiHackLabs/blob/main/past/2024/README.md,607e6288b33aa05c4c1e86e9ee60b010e010f81d934b22d13ecbb02d6185dde0,0,requires_additional_incident_tx_source
apemaga,2024-06-27,APEMAGA,[],https://github.com/SunWeb3Sec/DeFiHackLabs/blob/main/past/2024/README.md,1cc128736e14561a77c3b37726783777bcab7d3d2a38aa2eafa21d68ef076c79,0,requires_additional_incident_tx_source
crb2,2024-06-16,Crb2,[],https://github.com/SunWeb3Sec/DeFiHackLabs/blob/main/past/2024/README.md,d4776b2c0dd3e41c587fb086e813a82db68119563fed2cb7d67be2fad17ea62b,0,requires_additional_incident_tx_source
incufi,2024-06-18,INcufi,[],https://github.com/SunWeb3Sec/DeFiHackLabs/blob/main/past/2024/README.md,6250ecba3d8bd005ba1e2ac25a675355ca4c85f81f40c89b9498b2ba1c9d56fb,0,requires_additional_incident_tx_source
ncd,2024-06-04,NCD,[],https://github.com/SunWeb3Sec/DeFiHackLabs/blob/main/past/2024/README.md,6f85029f0b72cbbaa1d0fc7fbb5c18028f0421d573a709a115fe205e2ef5777b,0,requires_additional_incident_tx_source
tradeonorion,2024-05-28,Tradeonorion,[],https://github.com/SunWeb3Sec/DeFiHackLabs/blob/main/past/2024/README.md,ee395b7b8664604d26884bba4950beb883014e652e33621ab703f2e428213d69,0,requires_additional_incident_tx_source
dyson_money,2024-06-17,Dyson_money,[],https://github.com/SunWeb3Sec/DeFiHackLabs/blob/main/past/2024/README.md,6b70b83131463d105ba87674979eb794bf78d0434383b305cfcdbc206f5f160a,0,requires_additional_incident_tx_source
steamswap,2024-06-06,SteamSwap,[],https://github.com/SunWeb3Sec/DeFiHackLabs/blob/main/past/2024/README.md,865b131d37abdd3846e5b68ace04d63088c6bd7499aac7910abb432badb87bbe,0,requires_additional_incident_tx_source
wifcoin_eth,2024-06-16,WIFCOIN_ETH,[],https://github.com/SunWeb3Sec/DeFiHackLabs/blob/main/past/2024/README.md,02e5f7cd9678ba36d0bafc211d04a7af173bf52b2902e344ab64554d4d14f45d,0,requires_additional_incident_tx_source
jokinthebox,2024-06-11,JokInTheBox,[],https://github.com/SunWeb3Sec/DeFiHackLabs/blob/main/past/2024/README.md,5f333e23531dbcee19db71cc3769d32f1c42dd82ba38dbf97100e7a86fe6bf61,0,requires_additional_incident_tx_source
minestm,2024-06-06,MineSTM,[],https://github.com/SunWeb3Sec/DeFiHackLabs/blob/main/past/2024/README.md,05d9d847af27f132d31bcedb1a64626b948ace826f48da0b88ba16b91587cc7e,0,requires_additional_incident_tx_source
will,2024-06-28,Will,[],https://github.com/SunWeb3Sec/DeFiHackLabs/blob/main/past/2024/README.md,16d88ba48c4ac6c996656b8ca27e6b2073306268e38ddfcc41f9d4646377261a,0,requires_additional_incident_tx_source
lifiprotocol,2024-07-16,Lifiprotocol,[],https://github.com/SunWeb3Sec/DeFiHackLabs/blob/main/past/2024/README.md,e8e121d5de7030d1d274a4972ebd892379d40c8837495806c74495f2a9274b4d,0,requires_additional_incident_tx_source
uwulend_first,2024-06-10,UwULend,[],https://github.com/SunWeb3Sec/DeFiHackLabs/blob/main/past/2024/README.md,7e27bb03655f190748615cafa04070180604951c35d0f02142118ca72f5ed9d1,0,requires_additional_incident_tx_source
lw2,2024-07-08,LW,[],https://github.com/SunWeb3Sec/DeFiHackLabs/blob/main/past/2024/README.md,562c2bf8251f39c743b041c6b3317e9ce092efcd8a832b03b709dcaef35dd5da,0,requires_additional_incident_tx_source
uwulend_second,2024-06-10,UwULend,[],https://github.com/SunWeb3Sec/DeFiHackLabs/blob/main/past/2024/README.md,7e27bb03655f190748615cafa04070180604951c35d0f02142118ca72f5ed9d1,0,requires_additional_incident_tx_source
doughfina,2024-07-12,DoughFina,[],https://github.com/SunWeb3Sec/DeFiHackLabs/blob/main/past/2024/README.md,2335acf0887a379586c363fec975ab864083cce6a7c2c3a8ad7fbedb715b8130,0,requires_additional_incident_tx_source
mrp,2024-07-02,MRP,[],https://github.com/SunWeb3Sec/DeFiHackLabs/blob/main/past/2024/README.md,e060c2a1d41dd6c4682fc33ab0cb9e7939af9badf6cc1d0f328cda0621ffa293,0,requires_additional_incident_tx_source
defiplaza,2024-07-05,DeFiPlaza,[],https://github.com/SunWeb3Sec/DeFiHackLabs/blob/main/past/2024/README.md,2d8afd77adac1ebdad1aeb4157172d3a0f28b5d2d79d1dfe49808a1b97d6b8f5,0,requires_additional_incident_tx_source
sbt,2024-07-11,SBT,[],https://github.com/SunWeb3Sec/DeFiHackLabs/blob/main/past/2024/README.md,17405e0bf5a7276d789d4514a7423a4b31e180f06ff259581982046810c6efc3,0,requires_additional_incident_tx_source
yodlrouter,2024-08-14,YodlRouter,[],https://github.com/SunWeb3Sec/DeFiHackLabs/blob/main/past/2024/README.md,36acc17e9643c2cee1d7676b67516a6e87845f34933179f859fcd4b5de32b665,0,requires_additional_incident_tx_source
ompxcontract,2024-08-16,OMPx Contract,[],https://github.com/SunWeb3Sec/DeFiHackLabs/blob/main/past/2024/README.md,ad9ffb6dea1f9d35dbdc975d55d68981e8b91afebeb3862781d6042c530da459,0,requires_additional_incident_tx_source
ivestdao,2024-08-12,iVest,[],https://github.com/SunWeb3Sec/DeFiHackLabs/blob/main/past/2024/README.md,3e9d05606143ba2e59f912faca07eac1de876f180a999935f818fd4d5588d987,0,requires_additional_incident_tx_source
spectra_finance,2024-07-24,Spectra_finance,[],https://github.com/SunWeb3Sec/DeFiHackLabs/blob/main/past/2024/README.md,87023fdb4a96cd88d008c1da77ba300aff39d330f447d3aaa157166628821278,0,requires_additional_incident_tx_source
zenterest,2024-08-16,Zenterest,[],https://github.com/SunWeb3Sec/DeFiHackLabs/blob/main/past/2024/README.md,2a448a612293c9d84ff9cbe27ad819a7d38ad525d20b1906a248715619aed9ad,0,requires_additional_incident_tx_source
convergence,2024-08-01,Convergence,[],https://github.com/SunWeb3Sec/DeFiHackLabs/blob/main/past/2024/README.md,b8311c732b7cebbbb253467cc6bdb4cc1cbc33dedae240f24d6305d42124358e,0,requires_additional_incident_tx_source
bankroll,2024-09-23,Bankroll_Network,[],https://github.com/SunWeb3Sec/DeFiHackLabs/blob/main/past/2024/README.md,3c39a86665ecc26c9982889d59c366c58a1bdf8a29ae0c6b4be700b22fbc8666,0,requires_additional_incident_tx_source
caterpillar_coin_cut,2024-09-10,Caterpillar_Coin_CUT,[],https://github.com/SunWeb3Sec/DeFiHackLabs/blob/main/past/2024/README.md,cf32cd5a5a6b4da42050cc415153314d929909395b95937ca1248f0c79b71774,0,requires_additional_incident_tx_source
otseastaking,2024-09-13,OTSeaStaking,[],https://github.com/SunWeb3Sec/DeFiHackLabs/blob/main/past/2024/README.md,658f99af8543e5f9c74db757b63c9621b283f8d91aed1805b3a1f953901553e9,0,requires_additional_incident_tx_source
bedrock_defi,2024-09-26,Bedrock_DeFi,"[""0x0fe3716431f8c2e43217c3ca6d25eed87e14d0fbfa9c9ee8ce4cef2e5ec4583c""]",https://github.com/SunWeb3Sec/DeFiHackLabs/blob/main/past/2024/README.md,9aa197eace1fcf522dfd1ee2eebc75a566d3b810cb51e7b136536c595df81301,1,ready_for_dual_provider_receipt_reconstruction
aizpttoken,2024-10-05,AIZPTToken,[],https://github.com/SunWeb3Sec/DeFiHackLabs/blob/main/past/2024/README.md,72807c8cebe2203904864485f9f63f2014d9c4a22a65b77ffbae3fd31b5786ac,0,requires_additional_incident_tx_source
onyxdao,2024-09-26,OnyxDAO,[],https://github.com/SunWeb3Sec/DeFiHackLabs/blob/main/past/2024/README.md,9313f6a01a70788eb7e77125e1eb2cf6cd2391d272fec34298301bd064e99f73,0,requires_additional_incident_tx_source
firetoken,2024-10-01,FireToken,[],https://github.com/SunWeb3Sec/DeFiHackLabs/blob/main/past/2024/README.md,6a099adc701f693ef503888008c6d702fd8ede71d6ddbb4d14f8845bf61f566c,0,requires_additional_incident_tx_source
hydt,2024-10-10,HYDT,[],https://github.com/SunWeb3Sec/DeFiHackLabs/blob/main/past/2024/README.md,d03b733d95e5e35cab9dba563e3ecb4185c482f5b3b124ebcce29958df36e9fa,0,requires_additional_incident_tx_source
sashatoken,2024-10-06,SASHAToken,[],https://github.com/SunWeb3Sec/DeFiHackLabs/blob/main/past/2024/README.md,ff95f733a3492e41e8a2411bcfdcba000fe21f3315c857351d3d8c346b3b903a,0,requires_additional_incident_tx_source
morphoblue,2024-10-13,MorphoBlue,[],https://github.com/SunWeb3Sec/DeFiHackLabs/blob/main/past/2024/README.md,d183dfa70752be760bff13a307b62b2dd981f393011e68cb3abffe1f99a43fa8,0,requires_additional_incident_tx_source
penpiexyzio,2024-09-03,Penpiexyz_io,[],https://github.com/SunWeb3Sec/DeFiHackLabs/blob/main/past/2024/README.md,718b51fd914b292ad81f374f7b05f598beb46923d3d6438ea5bf80ed0aa91bac,0,requires_additional_incident_tx_source
vista,2024-10-22,Vista,[],https://github.com/SunWeb3Sec/DeFiHackLabs/blob/main/past/2024/README.md,f7ec459e7280d79f1fa7ab6dd7bc9ad362da13664762a503ad3aec7309b64cd9,0,requires_additional_incident_tx_source
labubu,2024-12-10,LABUBU Token,[],https://github.com/SunWeb3Sec/DeFiHackLabs/blob/main/past/2024/README.md,19e682e9dfe45d9fa00557e81932420636f4a0abfa95a4b365c985496020ff07,0,requires_additional_incident_tx_source
pledge,2024-12-03,Pledge,[],https://github.com/SunWeb3Sec/DeFiHackLabs/blob/main/past/2024/README.md,bbd7857a04b61866f20b3ae8c1b80afc2339103d3359a42af7253db0c510a94b,0,requires_additional_incident_tx_source
veth,2024-11-14,vETH,[],https://github.com/SunWeb3Sec/DeFiHackLabs/blob/main/past/2024/README.md,fc813b43840d85f7d8d31498638a4b8e2ab8afb5d76cd912d0b9d119fb604418,0,requires_additional_incident_tx_source
gain,2024-02-21,GAIN,[],https://github.com/SunWeb3Sec/DeFiHackLabs/blob/main/past/2024/README.md,8481bf88380d95cfcd6dd0107aceb38157f92251d744f439b8d8322b5a858b82,0,requires_additional_incident_tx_source
it,2024-03-13,IT,[],https://github.com/SunWeb3Sec/DeFiHackLabs/blob/main/past/2024/README.md,24b3ff5aa8ea66c76b0175a2eb51abdd7641c659bb0e57687f8f765b165ca5bc,0,requires_additional_incident_tx_source
cloberdex,2024-12-10,CloberDEX,[],https://github.com/SunWeb3Sec/DeFiHackLabs/blob/main/past/2024/README.md,30394d79e505bad575a4eab456ad11a0e72a8b0db7dbae41a6053522f0f35850,0,requires_additional_incident_tx_source
98_token,2025-01-04,98Token,[],https://github.com/SunWeb3Sec/DeFiHackLabs/blob/main/past/2025/README.md,d7cab897fa212182e113a8929d53405302ae17d87f7911c1e92e29a44c417d82,0,requires_additional_incident_tx_source
ast,2025-01-21,Ast,[],https://github.com/SunWeb3Sec/DeFiHackLabs/blob/main/past/2025/README.md,7b7a89fd412d9b417ccc04f2de16350b219139c4e166ff7202a34b4a7e9aae50,0,requires_additional_incident_tx_source
ipc,2025-01-07,IPC Incorrect burn pairs,[],https://github.com/SunWeb3Sec/DeFiHackLabs/blob/main/past/2025/README.md,ddc79cd55c305763b5718c12d1e60770fa5b11982bab363fd06156b14c7cb62a,0,requires_additional_incident_tx_source
xbridge,2024-04-24,XBridge,[],https://github.com/SunWeb3Sec/DeFiHackLabs/blob/main/past/2024/README.md,70e2ab58742aaf9a4e662227327ef2ae7b16b5e08895955bd63d80b4c12066b9,0,requires_additional_incident_tx_source
idols_nft,2025-01-14,IdolsNFT,[],https://github.com/SunWeb3Sec/DeFiHackLabs/blob/main/past/2025/README.md,868b9be18a0789554d921c0844e28292c78530ef4c77e73c58e41c2895ef3742,0,requires_additional_incident_tx_source
j_pulsepot,2025-01-10,JPulsepot,[],https://github.com/SunWeb3Sec/DeFiHackLabs/blob/main/past/2025/README.md,3ee5050bda4d0e1f19bba7164803941d3b2da80284574919148fa049305d9bf3,0,requires_additional_incident_tx_source
lp_mine,2025-01-08,LPMine,[],https://github.com/SunWeb3Sec/DeFiHackLabs/blob/main/past/2025/README.md,ec6abfb622ba7cade51ab49c3950a4d05f635e22cd6da425fb166d0a96b3ba0b,0,requires_additional_incident_tx_source
laura_token,2025-01-01,LAURAToken,[],https://github.com/SunWeb3Sec/DeFiHackLabs/blob/main/past/2025/README.md,72269dc14a594a1f4452e72d8ea001033d3f1be142f70f99b4027eafc10a0124,0,requires_additional_incident_tx_source
mosca2,2025-01-13,Mosca2,[],https://github.com/SunWeb3Sec/DeFiHackLabs/blob/main/past/2025/README.md,70bb53ada5ecbb7f223462e11d68819d493a025d0fc4181128e2a89cfe49358b,0,requires_additional_incident_tx_source
roulette_pot_v2,2025-01-11,RoulettePotV2,[],https://github.com/SunWeb3Sec/DeFiHackLabs/blob/main/past/2025/README.md,310131f5e2fe880e77c795bd5b8dd0eaf979778a71f68e90b67e1720c300dcb4,0,requires_additional_incident_tx_source
mosca,2025-01-06,Mosca,[],https://github.com/SunWeb3Sec/DeFiHackLabs/blob/main/past/2025/README.md,031f9fa4dfe59c92fb254ee28043c78e1b726a847fbdbb7eb3339c96b1e6a2b5,0,requires_additional_incident_tx_source
unilend,2025-01-12,Unilend,[],https://github.com/SunWeb3Sec/DeFiHackLabs/blob/main/past/2025/README.md,8b1235715702a6ae2a395a08d4488b218dabd360ec651856bf11719a1229d1e6,0,requires_additional_incident_tx_source
sorra_staking,2025-01-04,SorStaking,[],https://github.com/SunWeb3Sec/DeFiHackLabs/blob/main/past/2025/README.md,72a50ee9c275149333cffe99d7b140ed1c513f1e9e1e6e6dbf77a36c06971c18,0,requires_additional_incident_tx_source
hegic_options,2025-02-23,HegicOptions,[],https://github.com/SunWeb3Sec/DeFiHackLabs/blob/main/past/2025/README.md,3c5be337e658080d19945815a4acf5adce8c404702901f9e3a3c48f7a173333c,0,requires_additional_incident_tx_source
bbx_token,2025-03-20,BBXToken,[],https://github.com/SunWeb3Sec/DeFiHackLabs/blob/main/past/2025/README.md,7a596dfc7f7a7ad38424153f28bee003ce1597d2b2e33f59b7f5030d4d628d5d,0,requires_additional_incident_tx_source
alkimiya_io,2025-03-28,Alkimiya_IO,[],https://github.com/SunWeb3Sec/DeFiHackLabs/blob/main/past/2025/README.md,3fae7e8ac1496e86223530df97c7bc816a2095404217ea01bd2e6db853d4db42,0,requires_additional_incident_tx_source
dcf_token,2025-03-18,DCFToken,[],https://github.com/SunWeb3Sec/DeFiHackLabs/blob/main/past/2025/README.md,2cceae84d4d22dec183db761411df55b7c469d510ece8fcd3fd55973d0b0a91b,0,requires_additional_incident_tx_source
h2o,2025-03-14,H2O,[],https://github.com/SunWeb3Sec/DeFiHackLabs/blob/main/past/2025/README.md,e04619f112b171c057a18685bf25f254c2c0f75f4324ac7e0ef535c288b06430,0,requires_additional_incident_tx_source
one_inch_fusion_v1_settlement_hack,2025-03-05,1inch FusionV1 Settlement,[],https://github.com/SunWeb3Sec/DeFiHackLabs/blob/main/past/2025/README.md,c0e73fc9ba355b62bc560d2500f911f82ebe98ec7f52c7207c5ac3be26e252b2,0,requires_additional_incident_tx_source
uni,2025-03-07,UNI,[],https://github.com/SunWeb3Sec/DeFiHackLabs/blob/main/past/2025/README.md,6b31614b83fddc60c8a340f80c4f42c9fd5b4bff989d430596b100e6397fa167,0,requires_additional_incident_tx_source
pump,2025-03-04,Pump,[],https://github.com/SunWeb3Sec/DeFiHackLabs/blob/main/past/2025/README.md,fc2f2cdffec0ec51c4ae3a2e29e5deb1d0fce361ccb8fd7f569c0f526660743c,0,requires_additional_incident_tx_source
yzi_ai_token,2025-03-27,YziAI,[],https://github.com/SunWeb3Sec/DeFiHackLabs/blob/main/past/2025/README.md,40b9f5217525ed17be6ee0941c1345c8f752f4d1dbf543b943c3d22018b74ecb,0,requires_additional_incident_tx_source
btnft,2025-04-18,BTNFT,[],https://github.com/SunWeb3Sec/DeFiHackLabs/blob/main/past/2025/README.md,fa981b293f7e9d358d5a6f8216bfbd98bfe1b7ebf616d72d04b5e4e0fa161273,0,requires_additional_incident_tx_source
lifeprotocol,2025-04-26,Lifeprotocol,[],https://github.com/SunWeb3Sec/DeFiHackLabs/blob/main/past/2025/README.md,e1faccda5bff74461c84c1bfde7a75781382f17ee9699a67d98ca046abda2277,0,requires_additional_incident_tx_source
w_key_dao,2025-03-16,wKeyDAO,[],https://github.com/SunWeb3Sec/DeFiHackLabs/blob/main/past/2025/README.md,08b9cc6c8bbb81a82d7e3a613773bb8c5d1e9753e406079010d28524e7504c0d,0,requires_additional_incident_tx_source
irys_ai,2025-05-20,IRYSAI,[],https://github.com/SunWeb3Sec/DeFiHackLabs/blob/main/past/2025/README.md,2c35d2c1397633cd9944e9d941c9f3aeec3f392166f4f97eb8f3f517a4c6841a,0,requires_additional_incident_tx_source
krc_token_pair,2025-05-18,KRC,[],https://github.com/SunWeb3Sec/DeFiHackLabs/blob/main/past/2025/README.md,68ca49b7b394795a6e23aa81647e2241177135da090857b73976cd82755e9263,0,requires_additional_incident_tx_source
ydt_token,2025-05-26,YDT,[],https://github.com/SunWeb3Sec/DeFiHackLabs/blob/main/past/2025/README.md,ff0f4c88f1d45384f5f7b78f1a8b7831af818f893dda537f8fbba0c6d087ca8b,0,requires_additional_incident_tx_source
aave_boost,2025-06-12,AAVEBoost,[],https://github.com/SunWeb3Sec/DeFiHackLabs/blob/main/past/2025/README.md,74d7d330347502a2dbcdfaaddd850f3ae98c9dc9429a81679f2c8c859b27dd69,0,requires_additional_incident_tx_source
usual_money,2025-05-27,UsualMoney,[],https://github.com/SunWeb3Sec/DeFiHackLabs/blob/main/past/2025/README.md,34ef2701e724d343ca2baba110514c4767a6eed9978461500dde7c8d7f3f17b7,0,requires_additional_incident_tx_source
bankroll_network,2025-06-19,BankrollNetwork,[],https://github.com/SunWeb3Sec/DeFiHackLabs/blob/main/past/2025/README.md,327bf3cd443ea430ba68422dbd8cc422628addaca9efbdca3694a975b09c4cd1,0,requires_additional_incident_tx_source
bankroll_stack,2025-06-19,BankrollStack,[],https://github.com/SunWeb3Sec/DeFiHackLabs/blob/main/past/2025/README.md,e91a6652ba97314bbdc6d92f2eccd85dd7bf20be172d47ca45491c3c72d2e58c,0,requires_additional_incident_tx_source
gangsterfinance,2025-06-20,Gangsterfinance,[],https://github.com/SunWeb3Sec/DeFiHackLabs/blob/main/past/2025/README.md,baa0f2c2134ef6738578bf18ceb471d7dd9687170ab7de7fa6f360562b45ea6e,0,requires_additional_incident_tx_source
gradient_maker_pool,2025-06-23,GradientMakerPool,[],https://github.com/SunWeb3Sec/DeFiHackLabs/blob/main/past/2025/README.md,80325a42bce63c4a8d42c098e71f7c71997a99f0bfd6283a04966b1ae295d8e1,0,requires_additional_incident_tx_source
resupply_fi,2025-06-26,ResupplyFi,[],https://github.com/SunWeb3Sec/DeFiHackLabs/blob/main/past/2025/README.md,37ec9d57ee20099707c557a21daf7c4dadd7235e6de1408b9b96cb980421696c,0,requires_additional_incident_tx_source
fpc,2025-07-02,FPC,[],https://github.com/SunWeb3Sec/DeFiHackLabs/blob/main/past/2025/README.md,faab9558aca606fac98dead93ef37b59a55acdf63bf0fe991966e4fd88cfc60e,0,requires_additional_incident_tx_source
meta_pool,2025-06-17,MetaPool,[],https://github.com/SunWeb3Sec/DeFiHackLabs/blob/main/past/2025/README.md,6488e54ab448d35c1cc6772ca8b9c354721cba5273631dc569eed1b1c0d9e0f2,0,requires_additional_incident_tx_source
multicall_with_eth,2025-07-26,MulticallWithETH,[],https://github.com/SunWeb3Sec/DeFiHackLabs/blob/main/past/2025/README.md,22e73698911b6cd456118a566e0b5ddece2b9e7defebea99680701d9070d7e2b,0,requires_additional_incident_tx_source
rant_token,2025-07-05,RANT,[],https://github.com/SunWeb3Sec/DeFiHackLabs/blob/main/past/2025/README.md,42c9dfc3539948eff7d589cd59d879163020e3d8462343776b80b42f9329b4cc,0,requires_additional_incident_tx_source
swapp_staking,2025-07-24,SWAPPStaking,[],https://github.com/SunWeb3Sec/DeFiHackLabs/blob/main/past/2025/README.md,e97c7209a78e10c67dc32776dab9db5078811a1918f43419341b3bb935852e2c,0,requires_additional_incident_tx_source
stepp2p,2025-07-20,Stepp2p,[],https://github.com/SunWeb3Sec/DeFiHackLabs/blob/main/past/2025/README.md,85cc9dd27d13f97d2ca212b7c15e4cabaf13a6c77ae2e6c65ddda9ffdc2668f2,0,requires_additional_incident_tx_source
abcc_app,2025-08-23,ABCCApp,[],https://github.com/SunWeb3Sec/DeFiHackLabs/blob/main/past/2025/README.md,191c4358b620a824bc91ec0f61d42b889fcd1400d64dc9304649c348cc66ed08,0,requires_additional_incident_tx_source
grizzifi,2025-08-13,Grizzifi,[],https://github.com/SunWeb3Sec/DeFiHackLabs/blob/main/past/2025/README.md,a4ea865cb526c45e99f892fe9bc81a317a3e5ac8f59714be222a1511c830cd2a,0,requires_additional_incident_tx_source
hexotic,2025-08-31,Hexotic,[],https://github.com/SunWeb3Sec/DeFiHackLabs/blob/main/past/2025/README.md,03be5bc6713f79673187842cfba7e4e83a030915ca5a31d8ab02bc52cfc8fe6f,0,requires_additional_incident_tx_source
multicall_with_xera,2025-08-20,MulticallWithXera,[],https://github.com/SunWeb3Sec/DeFiHackLabs/blob/main/past/2025/README.md,287791b78eeddaf68d34134a19dbe1ed0aa6b70e77643c02c89aaef1b44370a4,0,requires_additional_incident_tx_source
pdz,2025-08-15,PDZ,[],https://github.com/SunWeb3Sec/DeFiHackLabs/blob/main/past/2025/README.md,14d7899b0f759905857996a3f567b9eeb968588de7966661cd6cd811fcda2087,0,requires_additional_incident_tx_source
size_credit,2025-08-15,SizeCredit,[],https://github.com/SunWeb3Sec/DeFiHackLabs/blob/main/past/2025/README.md,a0697c79c1d7b372a44805a85ce7b120686e946caca56e5748b803be2c328244,0,requires_additional_incident_tx_source
mim_spell3,2025-10-04,MIMSpell3,[],https://github.com/SunWeb3Sec/DeFiHackLabs/blob/main/past/2025/README.md,9350c2c30f8f0aeeb3861f0101447586179cc71daacffb0b5af0b336f6a0918b,0,requires_additional_incident_tx_source
prxvt,2026-01-01,PRXVT,[],https://github.com/SunWeb3Sec/DeFiHackLabs/blob/main/README.md,57697fd15baa86700a16f2b49bb8ec5426225bf76709ec9ae98bebd29b40cd64,0,requires_additional_incident_tx_source
truebit,2026-01-09,Truebit,[],https://github.com/SunWeb3Sec/DeFiHackLabs/blob/main/README.md,669c6b7030c49f285a5bb75c3e322a01c790aefa74c7227262a115eff585e049,0,requires_additional_incident_tx_source
mttoken,2026-01-12,MTToken,[],https://github.com/SunWeb3Sec/DeFiHackLabs/blob/main/README.md,8b426ae0f356aa0cf3a92e974c64cd9e0e5ab0c4f7d085c257c4fde313396aa4,0,requires_additional_incident_tx_source
synaplogic,2026-01-20,SynapLogic,[],https://github.com/SunWeb3Sec/DeFiHackLabs/blob/main/README.md,095cfb4d88c5fd72946d211ac489afaca9274134fda74d7ece0dbf2825bb5e55,0,requires_additional_incident_tx_source
makina,2026-01-20,Makina,[],https://github.com/SunWeb3Sec/DeFiHackLabs/blob/main/README.md,b7451113225462d8efc9dad7190e230e03838e0717cd85888a2657d480916ac2,0,requires_additional_incident_tx_source
moonwell,2025-11-04,Moonwell,[],https://github.com/SunWeb3Sec/DeFiHackLabs/blob/main/past/2025/README.md,c8cd6b62d65e95dc4652d82b503ef54b45fe3ce22eb9cf23b0725d44cd090be5,0,requires_additional_incident_tx_source
laxo_token,2026-02-22,LAXO Token,[],https://github.com/SunWeb3Sec/DeFiHackLabs/blob/main/README.md,94135b68846d6daebe6329c49a8008f89f9a1e0d4d6dd866073cc807f1cb743b,0,requires_additional_incident_tx_source
curve_llamalend,2026-03-02,Curve LlamaLend,[],https://github.com/SunWeb3Sec/DeFiHackLabs/blob/main/README.md,a9d92e0a4e28ff120c0f4565e6993a44b3e4da3ddf44bb0bdd442630ca6fede9,0,requires_additional_incident_tx_source
alkemi_earn,2026-03-10,AlkemiEarn,[],https://github.com/SunWeb3Sec/DeFiHackLabs/blob/main/README.md,aaa1d6e33055c30a099f54a19913a83dbc55e9ea6dcea9a910b72c7b37fa373c,0,requires_additional_incident_tx_source
venus_the,2026-03-15,Venus THE,"[""0x4f477e941c12bbf32a58dc12db7bb0cb4d31d41ff25b2457e6af3c15d7f5663f""]",https://github.com/SunWeb3Sec/DeFiHackLabs/blob/main/README.md,0c2a3805ebc0bad3c52911cdd15bffc0384f339dcd7c7d2708ab7b5f411e7b26,1,ready_for_dual_provider_receipt_reconstruction
futureswap,2026-01-10,FutureSwap,[],https://github.com/SunWeb3Sec/DeFiHackLabs/blob/main/README.md,861b38b464ba5520b3ac5295c4763b0a5f3a477bc63f6e32f82b60a533d5a9f4,0,requires_additional_incident_tx_source
est,2026-03-27,EST Token,[],https://github.com/SunWeb3Sec/DeFiHackLabs/blob/main/README.md,cdca6d55c31db9b4fb2eaa5e627cd2b80177fb3488d3cf59357bd48bdd4ccdeb,0,requires_additional_incident_tx_source
