case_name,incident_name,protocol_candidate,mechanism_raw,mechanism_candidate,mechanism_candidate_confidence,mechanism_candidate_rule,protocol_status,mechanism_status
bancor,Bancor Protocol,bancor,Access Control,authorization_failure,medium,rule:authorization_failure,heuristic_requires_two_reviewers,single_source_candidate_requires_two_reviewers
opyn,Opyn Protocol,opyn,msgValue in loop,unclassified_public_label,low,no_rule,heuristic_requires_two_reviewers,unclassified_requires_review
bzx,bzx,bzx,Incorrect transfer,business_logic_failure,medium,rule:business_logic_failure,heuristic_requires_two_reviewers,single_source_candidate_requires_two_reviewers
cover,Cover Protocol,cover,Incorrect calculation via cached data,arithmetic_or_precision_failure,low,multi_rule:arithmetic_or_precision_failure+economic_constraint_failure,heuristic_requires_two_reviewers,single_source_candidate_requires_two_reviewers
pickle,Pickle Finance,pickle,Insufficient validation,validation_failure,medium,rule:validation_failure,heuristic_requires_two_reviewers,single_source_candidate_requires_two_reviewers
harvestfinance,Harvest Finance,harvestfinance,Flashloan Attack,economic_state_manipulation,low,fallback_flash_loan,heuristic_requires_two_reviewers,single_source_candidate_requires_two_reviewers
sushi_badger_digg,Sushi Badger Digg,sushi_badger_digg,Sandwich attack,transaction_ordering_or_mev,medium,rule:transaction_ordering_or_mev,heuristic_requires_two_reviewers,single_source_candidate_requires_two_reviewers
lendfme,LendfMe,lendfme,ERC777 Reentrancy,reentrancy,medium,rule:reentrancy,heuristic_requires_two_reviewers,single_source_candidate_requires_two_reviewers
yearn_ydai,Yearn YDai,yearn_ydai,Slippage proection absent,economic_constraint_failure,medium,rule:economic_constraint_failure,heuristic_requires_two_reviewers,single_source_candidate_requires_two_reviewers
uranium,Uranium,uranium,Miscalculation,arithmetic_or_precision_failure,medium,rule:arithmetic_or_precision_failure,heuristic_requires_two_reviewers,single_source_candidate_requires_two_reviewers
spartan,Spartan,spartan,Logic Flaw,business_logic_failure,medium,rule:business_logic_failure,heuristic_requires_two_reviewers,single_source_candidate_requires_two_reviewers
dodo_flashloan,DODO,dodo_flashloan,Flashloan Attack,economic_state_manipulation,low,fallback_flash_loan,heuristic_requires_two_reviewers,single_source_candidate_requires_two_reviewers
pancakebunny,PancakeBunny,pancakebunny,Price Oracle Manipulation,oracle_or_market_manipulation,medium,rule:oracle_or_market_manipulation,heuristic_requires_two_reviewers,single_source_candidate_requires_two_reviewers
burgerswap,BurgerSwap,burgerswap,Mathematical flaw + Reentrancy,arithmetic_or_precision_failure,low,multi_rule:arithmetic_or_precision_failure+reentrancy,heuristic_requires_two_reviewers,single_source_candidate_requires_two_reviewers
88mph,88mph NFT,88mph,Access control,authorization_failure,medium,rule:authorization_failure,heuristic_requires_two_reviewers,single_source_candidate_requires_two_reviewers
eleven,Eleven Finance,eleven,Doesn’t burn shares,token_semantics_mismatch,medium,rule:token_semantics_mismatch,heuristic_requires_two_reviewers,single_source_candidate_requires_two_reviewers
xwin,xWin Finance,xwin,subscription-incentive-mechanism,economic_constraint_failure,medium,rule:economic_constraint_failure,heuristic_requires_two_reviewers,single_source_candidate_requires_two_reviewers
cream,Cream Finance,cream,Flashloan Attack + Reentrancy,reentrancy,medium,rule:reentrancy,heuristic_requires_two_reviewers,single_source_candidate_requires_two_reviewers
xsurge,XSURGE,xsurge,Flashloan Attack + Reentrancy,reentrancy,medium,rule:reentrancy,heuristic_requires_two_reviewers,single_source_candidate_requires_two_reviewers
nowswap,NowSwap Platform,nowswap,Incorrect calculation,arithmetic_or_precision_failure,medium,rule:arithmetic_or_precision_failure,heuristic_requires_two_reviewers,single_source_candidate_requires_two_reviewers
nimbus,Nimbus Platform,nimbus,Incorrect calculation,arithmetic_or_precision_failure,medium,rule:arithmetic_or_precision_failure,heuristic_requires_two_reviewers,single_source_candidate_requires_two_reviewers
waultfinance,WaultFinace,waultfinance,FlashLoan price manipulation,oracle_or_market_manipulation,medium,rule:oracle_or_market_manipulation,heuristic_requires_two_reviewers,single_source_candidate_requires_two_reviewers
sushimiso,SushiSwap Miso,sushimiso,Insufficient validation,validation_failure,medium,rule:validation_failure,heuristic_requires_two_reviewers,single_source_candidate_requires_two_reviewers
balancer_20200628,Balancer Protocol,balancer,Token Incompatible,token_semantics_mismatch,medium,rule:token_semantics_mismatch,heuristic_requires_two_reviewers,single_source_candidate_requires_two_reviewers
mono,MonoX Finance,mono,Price Manipulation,oracle_or_market_manipulation,medium,rule:oracle_or_market_manipulation,heuristic_requires_two_reviewers,single_source_candidate_requires_two_reviewers
ploutoz,Ploutoz,ploutoz,Flash Loan,economic_state_manipulation,low,fallback_flash_loan,heuristic_requires_two_reviewers,single_source_candidate_requires_two_reviewers
nervebridge,Nerve Bridge,nervebridge,Swap Metapool Attack,unclassified_public_label,low,no_rule,heuristic_requires_two_reviewers,unclassified_requires_review
indexedfinance,Indexed Finance,indexedfinance,Price Manipulation,oracle_or_market_manipulation,medium,rule:oracle_or_market_manipulation,heuristic_requires_two_reviewers,single_source_candidate_requires_two_reviewers
visor,Visor Finance,visor,Reentrancy,reentrancy,medium,rule:reentrancy,heuristic_requires_two_reviewers,single_source_candidate_requires_two_reviewers
julswap,JulSwap,julswap,Flash Loan,economic_state_manipulation,low,fallback_flash_loan,heuristic_requires_two_reviewers,single_source_candidate_requires_two_reviewers
pancakehunny,PancakeHunny,pancakehunny,Incorrect calculation,arithmetic_or_precision_failure,medium,rule:arithmetic_or_precision_failure,heuristic_requires_two_reviewers,single_source_candidate_requires_two_reviewers
valuedefi,Value Defi,valuedefi,Cross Contract Reentrancy,reentrancy,medium,rule:reentrancy,heuristic_requires_two_reviewers,single_source_candidate_requires_two_reviewers
tecraspace,TecraSpace,tecraspace,Any token is destroyed,token_semantics_mismatch,medium,rule:token_semantics_mismatch,heuristic_requires_two_reviewers,single_source_candidate_requires_two_reviewers
sandbox,Sandbox LAND,sandbox,Access control,authorization_failure,medium,rule:authorization_failure,heuristic_requires_two_reviewers,single_source_candidate_requires_two_reviewers
compoundtusd,CompoundTUSDSweepTokenBypass,compoundtusd,Insufficient validation,validation_failure,medium,rule:validation_failure,heuristic_requires_two_reviewers,single_source_candidate_requires_two_reviewers
bearn,bEarn,bearn,Logic Flaw,business_logic_failure,medium,rule:business_logic_failure,heuristic_requires_two_reviewers,single_source_candidate_requires_two_reviewers
anyswap,Multichain (Anyswap),anyswap,Insufficient Token Validation,validation_failure,medium,rule:validation_failure,heuristic_requires_two_reviewers,single_source_candidate_requires_two_reviewers
auctus,Auctus,auctus,Arbitrary Call,authorization_failure,medium,rule:authorization_failure,heuristic_requires_two_reviewers,single_source_candidate_requires_two_reviewers
paraluni,Paraluni,paraluni,Flashloan & Reentrancy,reentrancy,medium,rule:reentrancy,heuristic_requires_two_reviewers,single_source_candidate_requires_two_reviewers
qubit,Qubit Finance,qubit,Bridge address(0).safeTransferFrom() does not revert,cross_domain_validation_failure,medium,rule:cross_domain_validation_failure,heuristic_requires_two_reviewers,single_source_candidate_requires_two_reviewers
revest,Revest Finance,revest,Reentrancy,reentrancy,medium,rule:reentrancy,heuristic_requires_two_reviewers,single_source_candidate_requires_two_reviewers
umbrella,Umbrella Network,umbrella,Underflow,arithmetic_or_precision_failure,medium,rule:arithmetic_or_precision_failure,heuristic_requires_two_reviewers,single_source_candidate_requires_two_reviewers
cream_2,CreamFinance,cream,Price Manipulation,oracle_or_market_manipulation,medium,rule:oracle_or_market_manipulation,heuristic_requires_two_reviewers,single_source_candidate_requires_two_reviewers
akutarnft,Akutar NFT,akutarnft,Denial of Service,availability_failure,medium,rule:availability_failure,heuristic_requires_two_reviewers,single_source_candidate_requires_two_reviewers
rikkei,Rikkei Finance,rikkei,Access control & Price Oracle Manipulation,authorization_failure,low,multi_rule:authorization_failure+oracle_or_market_manipulation,heuristic_requires_two_reviewers,single_source_candidate_requires_two_reviewers
gym_1,GYMNetwork,gym,Flashloan + token migrate flaw,token_semantics_mismatch,medium,rule:token_semantics_mismatch,heuristic_requires_two_reviewers,single_source_candidate_requires_two_reviewers
cftoken,Creat Future,cftoken,Overflow,arithmetic_or_precision_failure,medium,rule:arithmetic_or_precision_failure,heuristic_requires_two_reviewers,single_source_candidate_requires_two_reviewers
rari,Rari Capital/Fei Protocol,rari,Flashloan Attack + Reentrancy,reentrancy,medium,rule:reentrancy,heuristic_requires_two_reviewers,single_source_candidate_requires_two_reviewers
wdoge,Wiener DOGE,wdoge,Flashloan,economic_state_manipulation,low,fallback_flash_loan,heuristic_requires_two_reviewers,single_source_candidate_requires_two_reviewers
zeed,Zeed Finance,zeed,Incorrect calculation,arithmetic_or_precision_failure,medium,rule:arithmetic_or_precision_failure,heuristic_requires_two_reviewers,single_source_candidate_requires_two_reviewers
bayc_apecoin,ApeCoin (APE),bayc_apecoin,Flashloan,economic_state_manipulation,low,fallback_flash_loan,heuristic_requires_two_reviewers,single_source_candidate_requires_two_reviewers
saddle,Saddle Finance,saddle,Swap Metapool Attack,unclassified_public_label,low,no_rule,heuristic_requires_two_reviewers,unclassified_requires_review
discover,Discover,discover,Flashloan & Price Oracle Manipulation,oracle_or_market_manipulation,medium,rule:oracle_or_market_manipulation,heuristic_requires_two_reviewers,single_source_candidate_requires_two_reviewers
hackdao,HackDao,hackdao,Skim token balance,token_semantics_mismatch,medium,rule:token_semantics_mismatch,heuristic_requires_two_reviewers,single_source_candidate_requires_two_reviewers
inversefinance,InverseFinance,inversefinance,Flashloan & Price Oracle Manipulation,oracle_or_market_manipulation,medium,rule:oracle_or_market_manipulation,heuristic_requires_two_reviewers,single_source_candidate_requires_two_reviewers
gym_2,GYMNetwork,gym,Accesscontrol,authorization_failure,medium,rule:authorization_failure,heuristic_requires_two_reviewers,single_source_candidate_requires_two_reviewers
flippazone,FlippazOne NFT,flippazone,Accesscontrol,authorization_failure,medium,rule:authorization_failure,heuristic_requires_two_reviewers,single_source_candidate_requires_two_reviewers
lpc,LPC,lpc,"Business Logic Flaw : Incorrect recipient balance check, did not check sender!=recipient in transfer",validation_failure,low,multi_rule:business_logic_failure+validation_failure,heuristic_requires_two_reviewers,single_source_candidate_requires_two_reviewers
spacegodzilla,SpaceGodzilla,spacegodzilla,Flashloans & Price Manipulation,oracle_or_market_manipulation,medium,rule:oracle_or_market_manipulation,heuristic_requires_two_reviewers,single_source_candidate_requires_two_reviewers
snood,SNOOD,snood,Miscalculation on \_spendAllowance,arithmetic_or_precision_failure,medium,rule:arithmetic_or_precision_failure,heuristic_requires_two_reviewers,single_source_candidate_requires_two_reviewers
anch,ANCH,anch,Skim token balance,token_semantics_mismatch,medium,rule:token_semantics_mismatch,heuristic_requires_two_reviewers,single_source_candidate_requires_two_reviewers
audius,Audius,audius,Storage Collision & Malicious Proposal,authorization_failure,low,multi_rule:authorization_failure+storage_or_upgrade_failure,heuristic_requires_two_reviewers,single_source_candidate_requires_two_reviewers
etnproduct,EtnProduct,etnproduct,Business Logic Flaw,business_logic_failure,medium,rule:business_logic_failure,heuristic_requires_two_reviewers,single_source_candidate_requires_two_reviewers
ddc,DDC,ddc,Unchecked External Calls,unclassified_public_label,low,no_rule,heuristic_requires_two_reviewers,unclassified_requires_review
luckytiger,LuckyTiger NFT,luckytiger,Predicting Random Numbers,randomness_failure,medium,rule:randomness_failure,heuristic_requires_two_reviewers,single_source_candidate_requires_two_reviewers
egd_finance,EGD Finance,egd_finance,Flashloans & Price Manipulation,oracle_or_market_manipulation,medium,rule:oracle_or_market_manipulation,heuristic_requires_two_reviewers,single_source_candidate_requires_two_reviewers
badguysbyrpf,Bad Guys by RPF,badguysbyrpf,Business Logic Flaw : Missing Check For Number of NFT to Mint,business_logic_failure,medium,rule:business_logic_failure,heuristic_requires_two_reviewers,single_source_candidate_requires_two_reviewers
xst_2,XSTABLE Protocol,xst,Incorrect Logic Check,validation_failure,low,multi_rule:business_logic_failure+validation_failure,heuristic_requires_two_reviewers,single_source_candidate_requires_two_reviewers
nomadbridge,Nomad Bridge,nomadbridge,Business Logic Flaw : Incorrect acceptable merkle-root checks,validation_failure,low,multi_rule:business_logic_failure+validation_failure,heuristic_requires_two_reviewers,single_source_candidate_requires_two_reviewers
bxh,BXH,bxh,Flashloan & Price Oracle Manipulation,oracle_or_market_manipulation,medium,rule:oracle_or_market_manipulation,heuristic_requires_two_reviewers,single_source_candidate_requires_two_reviewers
dpc,DPC,dpc,Incorrect Reward calculation,arithmetic_or_precision_failure,medium,rule:arithmetic_or_precision_failure,heuristic_requires_two_reviewers,single_source_candidate_requires_two_reviewers
shadowfi,ShadowFi,shadowfi,Access Control,authorization_failure,medium,rule:authorization_failure,heuristic_requires_two_reviewers,single_source_candidate_requires_two_reviewers
atk,ATK,atk,FlashLoan manipulate price,oracle_or_market_manipulation,medium,rule:oracle_or_market_manipulation,heuristic_requires_two_reviewers,single_source_candidate_requires_two_reviewers
bego,BEGO,bego,Incorrect signature verification,validation_failure,medium,rule:validation_failure,heuristic_requires_two_reviewers,single_source_candidate_requires_two_reviewers
babyswap,BabySwap,babyswap,Parameter Access Control,authorization_failure,medium,rule:authorization_failure,heuristic_requires_two_reviewers,single_source_candidate_requires_two_reviewers
roi,Ragnarok Online Invasion,roi,Broken Access Control,authorization_failure,medium,rule:authorization_failure,heuristic_requires_two_reviewers,single_source_candidate_requires_two_reviewers
thb,Thunder Brawl,thb,Reentrancy,reentrancy,medium,rule:reentrancy,heuristic_requires_two_reviewers,single_source_candidate_requires_two_reviewers
carrot,Carrot,carrot,Public functionCall,authorization_failure,medium,rule:authorization_failure,heuristic_requires_two_reviewers,single_source_candidate_requires_two_reviewers
eflevervault,EFLeverVault,eflevervault,Verify flashLoan Callback,economic_state_manipulation,low,fallback_flash_loan,heuristic_requires_two_reviewers,single_source_candidate_requires_two_reviewers
health,HEALTH,health,Transfer Logic Flaw,business_logic_failure,medium,rule:business_logic_failure,heuristic_requires_two_reviewers,single_source_candidate_requires_two_reviewers
hpay,HPAY,hpay,Access Control,authorization_failure,medium,rule:authorization_failure,heuristic_requires_two_reviewers,single_source_candidate_requires_two_reviewers
n00d,N00d Token,n00d,Reentrancy,reentrancy,medium,rule:reentrancy,heuristic_requires_two_reviewers,single_source_candidate_requires_two_reviewers
inuko,INUKO,inuko,FlashLoan price manipulation,oracle_or_market_manipulation,medium,rule:oracle_or_market_manipulation,heuristic_requires_two_reviewers,single_source_candidate_requires_two_reviewers
pltd,PLTD,pltd,Transfer Logic Flaw,business_logic_failure,medium,rule:business_logic_failure,heuristic_requires_two_reviewers,single_source_candidate_requires_two_reviewers
olympusdao,OlympusDAO,olympusdao,No input validation,validation_failure,medium,rule:validation_failure,heuristic_requires_two_reviewers,single_source_candidate_requires_two_reviewers
res,RES-Token,res,pair manipulate,oracle_or_market_manipulation,medium,rule:oracle_or_market_manipulation,heuristic_requires_two_reviewers,single_source_candidate_requires_two_reviewers
rl,RL Token,rl,Incorrect Reward calculation,arithmetic_or_precision_failure,medium,rule:arithmetic_or_precision_failure,heuristic_requires_two_reviewers,single_source_candidate_requires_two_reviewers
res_2,RES-Token,res,pair manipulate,oracle_or_market_manipulation,medium,rule:oracle_or_market_manipulation,heuristic_requires_two_reviewers,single_source_candidate_requires_two_reviewers
uerii,Uerii Token,uerii,Access Control,authorization_failure,medium,rule:authorization_failure,heuristic_requires_two_reviewers,single_source_candidate_requires_two_reviewers
templedao,Templedao,templedao,Insufficient access control,authorization_failure,medium,rule:authorization_failure,heuristic_requires_two_reviewers,single_source_candidate_requires_two_reviewers
vtf,VTF Token,vtf,Incorrect Reward calculation,arithmetic_or_precision_failure,medium,rule:arithmetic_or_precision_failure,heuristic_requires_two_reviewers,single_source_candidate_requires_two_reviewers
ulme,ULME,ulme,Access Control,authorization_failure,medium,rule:authorization_failure,heuristic_requires_two_reviewers,single_source_candidate_requires_two_reviewers
teamfinance,Team Finance,teamfinance,Liquidity Migration Exploit,economic_constraint_failure,medium,rule:economic_constraint_failure,heuristic_requires_two_reviewers,single_source_candidate_requires_two_reviewers
ulme_2,ULME,ulme,Access Control,authorization_failure,medium,rule:authorization_failure,heuristic_requires_two_reviewers,single_source_candidate_requires_two_reviewers
aur,AUR,aur,Lack of Permission Check,authorization_failure,medium,rule:authorization_failure,heuristic_requires_two_reviewers,single_source_candidate_requires_two_reviewers
annex,AnnexFinance,annex,Verify flashLoan Callback,economic_state_manipulation,low,fallback_flash_loan,heuristic_requires_two_reviewers,single_source_candidate_requires_two_reviewers
xavefinance,Xave Finance,xavefinance,Malicious Proposal Mint & Transfer Ownership,authorization_failure,medium,rule:authorization_failure,heuristic_requires_two_reviewers,single_source_candidate_requires_two_reviewers
bdex,BDEX,bdex,Business Logic Flaw,business_logic_failure,medium,rule:business_logic_failure,heuristic_requires_two_reviewers,single_source_candidate_requires_two_reviewers
kashi,Kashi,kashi,Price-caching Design Defect,oracle_or_market_manipulation,medium,rule:oracle_or_market_manipulation,heuristic_requires_two_reviewers,single_source_candidate_requires_two_reviewers
mbc_zzsh,MBC & ZZSH,mbc_zzsh,Business Logic Flaw & Access Control,authorization_failure,low,multi_rule:authorization_failure+business_logic_failure,heuristic_requires_two_reviewers,single_source_candidate_requires_two_reviewers
brahtopg,BrahTOPG,brahtopg,Arbitrary External Call Vulnerability,authorization_failure,medium,rule:authorization_failure,heuristic_requires_two_reviewers,single_source_candidate_requires_two_reviewers
num,NUM,num,Protocol Token incompatible,token_semantics_mismatch,medium,rule:token_semantics_mismatch,heuristic_requires_two_reviewers,single_source_candidate_requires_two_reviewers
sdao,sDAO,sdao,Business Logic Flaw,business_logic_failure,medium,rule:business_logic_failure,heuristic_requires_two_reviewers,single_source_candidate_requires_two_reviewers
dfx,DFXFinance,dfx,Reentrancy,reentrancy,medium,rule:reentrancy,heuristic_requires_two_reviewers,single_source_candidate_requires_two_reviewers
moocakectx,MooCAKECTX,moocakectx,FlashLoan Attack,economic_state_manipulation,low,fallback_flash_loan,heuristic_requires_two_reviewers,single_source_candidate_requires_two_reviewers
sheepfarm2,SheepFarm,sheepfarm,No input validation,validation_failure,medium,rule:validation_failure,heuristic_requires_two_reviewers,single_source_candidate_requires_two_reviewers
seaman,SEAMAN,seaman,Business Logic Flaw,business_logic_failure,medium,rule:business_logic_failure,heuristic_requires_two_reviewers,single_source_candidate_requires_two_reviewers
aes,AES (Deflationary token),aes,Business Logic Flaw & FlashLoan price manipulation,oracle_or_market_manipulation,low,multi_rule:business_logic_failure+oracle_or_market_manipulation,heuristic_requires_two_reviewers,single_source_candidate_requires_two_reviewers
sheepfarm,SheepFarm,sheepfarm,No input validation,validation_failure,medium,rule:validation_failure,heuristic_requires_two_reviewers,single_source_candidate_requires_two_reviewers
uearnpool,UEarnPool,uearnpool,FlashLoan Attack,economic_state_manipulation,low,fallback_flash_loan,heuristic_requires_two_reviewers,single_source_candidate_requires_two_reviewers
jay,JAY,jay,Insufficient validation + Reentrancy,validation_failure,low,multi_rule:reentrancy+validation_failure,heuristic_requires_two_reviewers,single_source_candidate_requires_two_reviewers
dfs,DFS,dfs,Insufficient validation + flashloan,validation_failure,medium,rule:validation_failure,heuristic_requires_two_reviewers,single_source_candidate_requires_two_reviewers
bgld,BGLD (Deflationary token),bgld,FlashLoan price manipulation,oracle_or_market_manipulation,medium,rule:oracle_or_market_manipulation,heuristic_requires_two_reviewers,single_source_candidate_requires_two_reviewers
rubic,Rubic,rubic,Arbitrary External Call Vulnerability,authorization_failure,medium,rule:authorization_failure,heuristic_requires_two_reviewers,single_source_candidate_requires_two_reviewers
tifi,TIFIToken,tifi,FlashLoan price manipulation,oracle_or_market_manipulation,medium,rule:oracle_or_market_manipulation,heuristic_requires_two_reviewers,single_source_candidate_requires_two_reviewers
qixi,Qixi,qixi,Underflow,arithmetic_or_precision_failure,medium,rule:arithmetic_or_precision_failure,heuristic_requires_two_reviewers,single_source_candidate_requires_two_reviewers
xcarnival,XCarnival,xcarnival,Infinite Number of Loans,economic_state_manipulation,low,fallback_flash_loan,heuristic_requires_two_reviewers,single_source_candidate_requires_two_reviewers
novo,NOVO Protocol,novo,Flashloan & Price Oracle Manipulation,oracle_or_market_manipulation,medium,rule:oracle_or_market_manipulation,heuristic_requires_two_reviewers,single_source_candidate_requires_two_reviewers
xst,XSTABLE Protocol,xst,Incorrect Logic Check,validation_failure,low,multi_rule:business_logic_failure+validation_failure,heuristic_requires_two_reviewers,single_source_candidate_requires_two_reviewers
bbox,BBOX,bbox,FlashLoan price manipulation,oracle_or_market_manipulation,medium,rule:oracle_or_market_manipulation,heuristic_requires_two_reviewers,single_source_candidate_requires_two_reviewers
nmbplatform,Nmbplatform,nmbplatform,FlashLoan price manipulation,oracle_or_market_manipulation,medium,rule:oracle_or_market_manipulation,heuristic_requires_two_reviewers,single_source_candidate_requires_two_reviewers
rfb,RFB,rfb,Predicting Random Numbers,randomness_failure,medium,rule:randomness_failure,heuristic_requires_two_reviewers,single_source_candidate_requires_two_reviewers
shoco,SHOCO,shoco,Reflection token,token_semantics_mismatch,medium,rule:token_semantics_mismatch,heuristic_requires_two_reviewers,single_source_candidate_requires_two_reviewers
qtn,QTNToken,qtn,business logic flaw,business_logic_failure,medium,rule:business_logic_failure,heuristic_requires_two_reviewers,single_source_candidate_requires_two_reviewers
tinu,TINU,tinu,Reflection token,token_semantics_mismatch,medium,rule:token_semantics_mismatch,heuristic_requires_two_reviewers,single_source_candidate_requires_two_reviewers
bra,BRA,bra,Business Logic Flaw,business_logic_failure,medium,rule:business_logic_failure,heuristic_requires_two_reviewers,single_source_candidate_requires_two_reviewers
bevo,BEVO,bevo,Reflection token,token_semantics_mismatch,medium,rule:token_semantics_mismatch,heuristic_requires_two_reviewers,single_source_candidate_requires_two_reviewers
omniestate,OmniEstate,omniestate,No Input Parameter Check,unclassified_public_label,low,no_rule,heuristic_requires_two_reviewers,unclassified_requires_review
gds,GDS,gds,Business Logic Flaw,business_logic_failure,medium,rule:business_logic_failure,heuristic_requires_two_reviewers,single_source_candidate_requires_two_reviewers
ufdao,UFDao,ufdao,Incorrect Parameter Setting,validation_failure,medium,rule:validation_failure,heuristic_requires_two_reviewers,single_source_candidate_requires_two_reviewers
upswing,UPSToken,upswing,business logic flaw,business_logic_failure,medium,rule:business_logic_failure,heuristic_requires_two_reviewers,single_source_candidate_requires_two_reviewers
roefinance,RoeFinance,roefinance,FlashLoan price manipulation,oracle_or_market_manipulation,medium,rule:oracle_or_market_manipulation,heuristic_requires_two_reviewers,single_source_candidate_requires_two_reviewers
efvault,EFVault,efvault,Storage Collision,storage_or_upgrade_failure,medium,rule:storage_or_upgrade_failure,heuristic_requires_two_reviewers,single_source_candidate_requires_two_reviewers
fdp,FDP,fdp,Reflection token,token_semantics_mismatch,medium,rule:token_semantics_mismatch,heuristic_requires_two_reviewers,single_source_candidate_requires_two_reviewers
dexible,Dexible,dexible,Arbitrary External Call Vulnerability,authorization_failure,medium,rule:authorization_failure,heuristic_requires_two_reviewers,single_source_candidate_requires_two_reviewers
dyna,DYNA,dyna,Business Logic Flaw,business_logic_failure,medium,rule:business_logic_failure,heuristic_requires_two_reviewers,single_source_candidate_requires_two_reviewers
revertfinance,RevertFinance,revertfinance,Arbitrary External Call Vulnerability,authorization_failure,medium,rule:authorization_failure,heuristic_requires_two_reviewers,single_source_candidate_requires_two_reviewers
starlink,Starlink,starlink,Business Logic Flaw,business_logic_failure,medium,rule:business_logic_failure,heuristic_requires_two_reviewers,single_source_candidate_requires_two_reviewers
bigfi,BIGFI,bigfi,Reflection token,token_semantics_mismatch,medium,rule:token_semantics_mismatch,heuristic_requires_two_reviewers,single_source_candidate_requires_two_reviewers
sheep,Sheep,sheep,Reflection token,token_semantics_mismatch,medium,rule:token_semantics_mismatch,heuristic_requires_two_reviewers,single_source_candidate_requires_two_reviewers
orion,Orion Protocol,orion,Reentrancy,reentrancy,medium,rule:reentrancy,heuristic_requires_two_reviewers,single_source_candidate_requires_two_reviewers
poolz,Poolz,poolz,integer overflow,arithmetic_or_precision_failure,medium,rule:arithmetic_or_precision_failure,heuristic_requires_two_reviewers,single_source_candidate_requires_two_reviewers
allbridge,Allbridge,allbridge,FlashLoan price manipulation,oracle_or_market_manipulation,medium,rule:oracle_or_market_manipulation,heuristic_requires_two_reviewers,single_source_candidate_requires_two_reviewers
dbw,DBW,dbw,Business Logic Flaw,business_logic_failure,medium,rule:business_logic_failure,heuristic_requires_two_reviewers,single_source_candidate_requires_two_reviewers
axioma,Axioma,axioma,Business Logic Flaw,business_logic_failure,medium,rule:business_logic_failure,heuristic_requires_two_reviewers,single_source_candidate_requires_two_reviewers
olife,OLIFE,olife,Reflection token,token_semantics_mismatch,medium,rule:token_semantics_mismatch,heuristic_requires_two_reviewers,single_source_candidate_requires_two_reviewers
sushi_router,SushiSwap,sushi_router,Unchecked User Input,validation_failure,medium,rule:validation_failure,heuristic_requires_two_reviewers,single_source_candidate_requires_two_reviewers
safemoon,SafeMoon Hack,safemoon,Access Control,authorization_failure,medium,rule:authorization_failure,heuristic_requires_two_reviewers,single_source_candidate_requires_two_reviewers
swapos,Swapos V2,swapos,error k value Attack,arithmetic_or_precision_failure,medium,rule:arithmetic_or_precision_failure,heuristic_requires_two_reviewers,single_source_candidate_requires_two_reviewers
yearnfinance,yearnFinance,yearnfinance,Misconfiguration,business_logic_failure,medium,rule:business_logic_failure,heuristic_requires_two_reviewers,single_source_candidate_requires_two_reviewers
babydogecoin,BabyDogeCoin,babydogecoin,Lack Slippage Protection,economic_constraint_failure,medium,rule:economic_constraint_failure,heuristic_requires_two_reviewers,single_source_candidate_requires_two_reviewers
silo_finance,Silo finance,silo_finance,Business Logic Flaw,business_logic_failure,medium,rule:business_logic_failure,heuristic_requires_two_reviewers,single_source_candidate_requires_two_reviewers
bitpaidio,Bitpaidio,bitpaidio,Business Logic Flaw,business_logic_failure,medium,rule:business_logic_failure,heuristic_requires_two_reviewers,single_source_candidate_requires_two_reviewers
fapen,FAPEN,fapen,Wrong balance check,business_logic_failure,medium,rule:business_logic_failure,heuristic_requires_two_reviewers,single_source_candidate_requires_two_reviewers
erc20tokenbank,ERC20TokenBank,erc20tokenbank,Price Manipulation,oracle_or_market_manipulation,medium,rule:oracle_or_market_manipulation,heuristic_requires_two_reviewers,single_source_candidate_requires_two_reviewers
cs,CS Token,cs,Outdated Global Variable,business_logic_failure,medium,rule:business_logic_failure,heuristic_requires_two_reviewers,single_source_candidate_requires_two_reviewers
hodlcapital,HODL,hodlcapital,Reflection token,token_semantics_mismatch,medium,rule:token_semantics_mismatch,heuristic_requires_two_reviewers,single_source_candidate_requires_two_reviewers
melo,Melo,melo,Access Control,authorization_failure,medium,rule:authorization_failure,heuristic_requires_two_reviewers,single_source_candidate_requires_two_reviewers
lw,LW,lw,FlashLoan Price Manipulation,oracle_or_market_manipulation,medium,rule:oracle_or_market_manipulation,heuristic_requires_two_reviewers,single_source_candidate_requires_two_reviewers
multichaincapital,MCC,multichaincapital,Reflection token,token_semantics_mismatch,medium,rule:token_semantics_mismatch,heuristic_requires_two_reviewers,single_source_candidate_requires_two_reviewers
level,Level,level,Business Logic Flaw,business_logic_failure,medium,rule:business_logic_failure,heuristic_requires_two_reviewers,single_source_candidate_requires_two_reviewers
sellc02,SellToken03,sellc,Unchecked User Input,validation_failure,medium,rule:validation_failure,heuristic_requires_two_reviewers,single_source_candidate_requires_two_reviewers
neverfall,NeverFall,neverfall,Price Manipulation,oracle_or_market_manipulation,medium,rule:oracle_or_market_manipulation,heuristic_requires_two_reviewers,single_source_candidate_requires_two_reviewers
sellc,SellToken01,sellc,Business Logic Flaw,business_logic_failure,medium,rule:business_logic_failure,heuristic_requires_two_reviewers,single_source_candidate_requires_two_reviewers
selltoken,SellToken02,selltoken,Price Manipulation,oracle_or_market_manipulation,medium,rule:oracle_or_market_manipulation,heuristic_requires_two_reviewers,single_source_candidate_requires_two_reviewers
snk,SNK,snk,Reward Calculation Error,arithmetic_or_precision_failure,medium,rule:arithmetic_or_precision_failure,heuristic_requires_two_reviewers,single_source_candidate_requires_two_reviewers
bunn,BUNN,bunn,Reflection tokens,token_semantics_mismatch,medium,rule:token_semantics_mismatch,heuristic_requires_two_reviewers,single_source_candidate_requires_two_reviewers
babydogecoin02,BabyDogeCoin02,babydogecoin,Lack Slippage Protection,economic_constraint_failure,medium,rule:economic_constraint_failure,heuristic_requires_two_reviewers,single_source_candidate_requires_two_reviewers
compounderfinance,CompounderFinance,compounderfinance,Manipulation of funds through fluctuations in the amount of exchangeable assets,oracle_or_market_manipulation,medium,rule:oracle_or_market_manipulation,heuristic_requires_two_reviewers,single_source_candidate_requires_two_reviewers
cellframe,Cellframenet,cellframe,Calculation issues during liquidity migration,arithmetic_or_precision_failure,low,multi_rule:arithmetic_or_precision_failure+economic_constraint_failure,heuristic_requires_two_reviewers,single_source_candidate_requires_two_reviewers
biswap,Biswap,biswap,V3Migrator Exploit,unclassified_public_label,low,no_rule,heuristic_requires_two_reviewers,unclassified_requires_review
ddcoin,DDCoin,ddcoin,Flashloan attack and smart contract vulnerability,economic_state_manipulation,low,fallback_flash_loan,heuristic_requires_two_reviewers,single_source_candidate_requires_two_reviewers
mimspell,MIMSpell,mimspell,Arbitrary External Call Vulnerability,authorization_failure,medium,rule:authorization_failure,heuristic_requires_two_reviewers,single_source_candidate_requires_two_reviewers
myai,MyAi,myai,Business Logic,business_logic_failure,medium,rule:business_logic_failure,heuristic_requires_two_reviewers,single_source_candidate_requires_two_reviewers
pawnfi,Pawnfi,pawnfi,Business Logic Flaw,business_logic_failure,medium,rule:business_logic_failure,heuristic_requires_two_reviewers,single_source_candidate_requires_two_reviewers
sellc03,SellToken04,sellc,Price Manipulation,oracle_or_market_manipulation,medium,rule:oracle_or_market_manipulation,heuristic_requires_two_reviewers,single_source_candidate_requires_two_reviewers
depusdt_levusdc,DEPUSDT_LEVUSDC,depusdt_levusdc,Incorrect access control,authorization_failure,medium,rule:authorization_failure,heuristic_requires_two_reviewers,single_source_candidate_requires_two_reviewers
shido_2,SHIDO,shido,Business Logic,business_logic_failure,medium,rule:business_logic_failure,heuristic_requires_two_reviewers,single_source_candidate_requires_two_reviewers
un,UN,un,Price Manipulation,oracle_or_market_manipulation,medium,rule:oracle_or_market_manipulation,heuristic_requires_two_reviewers,single_source_candidate_requires_two_reviewers
vinu,VINU,vinu,Price Manipulation,oracle_or_market_manipulation,medium,rule:oracle_or_market_manipulation,heuristic_requires_two_reviewers,single_source_candidate_requires_two_reviewers
sturdy,Sturdy Finance,sturdy,Read-Only-Reentrancy,reentrancy,medium,rule:reentrancy,heuristic_requires_two_reviewers,single_source_candidate_requires_two_reviewers
bno,BNO,bno,Invalid emergency withdraw mechanism,availability_failure,medium,rule:availability_failure,heuristic_requires_two_reviewers,single_source_candidate_requires_two_reviewers
apedao,APEDAO,apedao,Business Logic Flaw,business_logic_failure,medium,rule:business_logic_failure,heuristic_requires_two_reviewers,single_source_candidate_requires_two_reviewers
bamboo,BambooIA,bamboo,Price manipulation attack,oracle_or_market_manipulation,medium,rule:oracle_or_market_manipulation,heuristic_requires_two_reviewers,single_source_candidate_requires_two_reviewers
conic02,Conic Finance 02,conic,Price Manipulation,oracle_or_market_manipulation,medium,rule:oracle_or_market_manipulation,heuristic_requires_two_reviewers,single_source_candidate_requires_two_reviewers
bao,BaoCommunity,bao,Donate Inflation ExchangeRate && Rounding Error,arithmetic_or_precision_failure,low,multi_rule:arithmetic_or_precision_failure+economic_constraint_failure+oracle_or_market_manipulation,heuristic_requires_two_reviewers,single_source_candidate_requires_two_reviewers
conic,Conic Finance,conic,Read-Only-Reentrancy && MisConfiguration,reentrancy,low,multi_rule:business_logic_failure+reentrancy,heuristic_requires_two_reviewers,single_source_candidate_requires_two_reviewers
conic_2,Conic Finance,conic,Read-Only-Reentrancy && MisConfiguration,reentrancy,low,multi_rule:business_logic_failure+reentrancy,heuristic_requires_two_reviewers,single_source_candidate_requires_two_reviewers
gymnet,GYMNET,gymnet,Insufficient validation,validation_failure,medium,rule:validation_failure,heuristic_requires_two_reviewers,single_source_candidate_requires_two_reviewers
ffist,FFIST,ffist,Business Logic Flaw,business_logic_failure,medium,rule:business_logic_failure,heuristic_requires_two_reviewers,single_source_candidate_requires_two_reviewers
mintofinance,MintoFinance,mintofinance,Signature Replay,signature_or_replay_failure,medium,rule:signature_or_replay_failure,heuristic_requires_two_reviewers,single_source_candidate_requires_two_reviewers
newfi,NewFi,newfi,Lack Slippage Protection,economic_constraint_failure,medium,rule:economic_constraint_failure,heuristic_requires_two_reviewers,single_source_candidate_requires_two_reviewers
usdtstakingcontract28,USDTStakingContract28,usdtstakingcontract,Lack of access control,authorization_failure,medium,rule:authorization_failure,heuristic_requires_two_reviewers,single_source_candidate_requires_two_reviewers
utopia,Utopia,utopia,Business Logic Flaw,business_logic_failure,medium,rule:business_logic_failure,heuristic_requires_two_reviewers,single_source_candidate_requires_two_reviewers
palmswap,Palmswap,palmswap,Business Logic Flaw,business_logic_failure,medium,rule:business_logic_failure,heuristic_requires_two_reviewers,single_source_candidate_requires_two_reviewers
sut,SUT,sut,Business Logic Flaw,business_logic_failure,medium,rule:business_logic_failure,heuristic_requires_two_reviewers,single_source_candidate_requires_two_reviewers
wgpt,WGPT,wgpt,Business Logic Flaw,business_logic_failure,medium,rule:business_logic_failure,heuristic_requires_two_reviewers,single_source_candidate_requires_two_reviewers
btc20,BTC20,btc,Price Manipulation,oracle_or_market_manipulation,medium,rule:oracle_or_market_manipulation,heuristic_requires_two_reviewers,single_source_candidate_requires_two_reviewers
ehive,EHIVE,ehive,Business Logic Flaw,business_logic_failure,medium,rule:business_logic_failure,heuristic_requires_two_reviewers,single_source_candidate_requires_two_reviewers
balancer,Balancer,balancer,Rounding Error && Business Logic Flaw,arithmetic_or_precision_failure,low,multi_rule:arithmetic_or_precision_failure+business_logic_failure,heuristic_requires_two_reviewers,single_source_candidate_requires_two_reviewers
eac,EAC,eac,Price Manipulation,oracle_or_market_manipulation,medium,rule:oracle_or_market_manipulation,heuristic_requires_two_reviewers,single_source_candidate_requires_two_reviewers
earningfram,EarningFram,earningfram,Reentrancy,reentrancy,medium,rule:reentrancy,heuristic_requires_two_reviewers,single_source_candidate_requires_two_reviewers
leetswap,LeetSwap,leetswap,Access Control,authorization_failure,medium,rule:authorization_failure,heuristic_requires_two_reviewers,single_source_candidate_requires_two_reviewers
uwerx,Uwerx,uwerx,Fault logic,business_logic_failure,medium,rule:business_logic_failure,heuristic_requires_two_reviewers,single_source_candidate_requires_two_reviewers
bfctoken,BFCToken,bfctoken,Business Logic Flaw,business_logic_failure,medium,rule:business_logic_failure,heuristic_requires_two_reviewers,single_source_candidate_requires_two_reviewers
floordao,FloorDAO,floordao,Rebasing logic issue,token_semantics_mismatch,low,multi_rule:business_logic_failure+token_semantics_mismatch,heuristic_requires_two_reviewers,single_source_candidate_requires_two_reviewers
heavensgate,HeavensGate,heavensgate,Rebasing logic issue,token_semantics_mismatch,low,multi_rule:business_logic_failure+token_semantics_mismatch,heuristic_requires_two_reviewers,single_source_candidate_requires_two_reviewers
kub_split,KubSplit,kub_split,Pool manipulation,oracle_or_market_manipulation,medium,rule:oracle_or_market_manipulation,heuristic_requires_two_reviewers,single_source_candidate_requires_two_reviewers
jumpfarm,JumpFarm,jumpfarm,Rebasing logic issue,token_semantics_mismatch,low,multi_rule:business_logic_failure+token_semantics_mismatch,heuristic_requires_two_reviewers,single_source_candidate_requires_two_reviewers
quantumwn,QuantumWN,quantumwn,Rebasing logic issue,token_semantics_mismatch,low,multi_rule:business_logic_failure+token_semantics_mismatch,heuristic_requires_two_reviewers,single_source_candidate_requires_two_reviewers
uniclynft,uniclyNFT,uniclynft,Reentrancy,reentrancy,medium,rule:reentrancy,heuristic_requires_two_reviewers,single_source_candidate_requires_two_reviewers
bh,BH,bh,Price manipulation,oracle_or_market_manipulation,medium,rule:oracle_or_market_manipulation,heuristic_requires_two_reviewers,single_source_candidate_requires_two_reviewers
depayrouter,DePayRouter,depayrouter,Business Logic Flaw,business_logic_failure,medium,rule:business_logic_failure,heuristic_requires_two_reviewers,single_source_candidate_requires_two_reviewers
astrid,AstridProtocol,astrid,Business Logic Flaw,business_logic_failure,medium,rule:business_logic_failure,heuristic_requires_two_reviewers,single_source_candidate_requires_two_reviewers
hopelend,Hopelend,hopelend,Div Precision Loss,arithmetic_or_precision_failure,medium,rule:arithmetic_or_precision_failure,heuristic_requires_two_reviewers,single_source_candidate_requires_two_reviewers
openleverage,OpenLeverage,openleverage,Business Logic Flaw,business_logic_failure,medium,rule:business_logic_failure,heuristic_requires_two_reviewers,single_source_candidate_requires_two_reviewers
zs,ZS,zs,Business Logic Flaw,business_logic_failure,medium,rule:business_logic_failure,heuristic_requires_two_reviewers,single_source_candidate_requires_two_reviewers
wiselending,WiseLending,wiselending,Donate Inflation ExchangeRate && Rounding Error,arithmetic_or_precision_failure,low,multi_rule:arithmetic_or_precision_failure+economic_constraint_failure+oracle_or_market_manipulation,heuristic_requires_two_reviewers,single_source_candidate_requires_two_reviewers
pseudoeth,pSeudoEth,pseudoeth,Pool manipulation,oracle_or_market_manipulation,medium,rule:oracle_or_market_manipulation,heuristic_requires_two_reviewers,single_source_candidate_requires_two_reviewers
ktaf,kTAF,ktaf,CompoundV2 Inflation Attack,oracle_or_market_manipulation,medium,rule:oracle_or_market_manipulation,heuristic_requires_two_reviewers,single_source_candidate_requires_two_reviewers
3913,3913Token,unknown,Deflationary Token Attack,token_semantics_mismatch,medium,rule:token_semantics_mismatch,heuristic_requires_two_reviewers,single_source_candidate_requires_two_reviewers
burntbubba,Burntbubba,burntbubba,Price Manipulation,oracle_or_market_manipulation,medium,rule:oracle_or_market_manipulation,heuristic_requires_two_reviewers,single_source_candidate_requires_two_reviewers
fiberrouter,FiberRouter,fiberrouter,input validation,validation_failure,medium,rule:validation_failure,heuristic_requires_two_reviewers,single_source_candidate_requires_two_reviewers
carolprotocol,CAROLProtocol,carolprotocol,Price Manipulation Via Reentrancy,reentrancy,low,multi_rule:oracle_or_market_manipulation+reentrancy,heuristic_requires_two_reviewers,single_source_candidate_requires_two_reviewers
ehx,EHX,ehx,Lack of Slippage Control,economic_constraint_failure,medium,rule:economic_constraint_failure,heuristic_requires_two_reviewers,single_source_candidate_requires_two_reviewers
mahalend,MahaLend,mahalend,Donate Inflation ExchangeRate & Rounding Error,arithmetic_or_precision_failure,low,multi_rule:arithmetic_or_precision_failure+economic_constraint_failure+oracle_or_market_manipulation,heuristic_requires_two_reviewers,single_source_candidate_requires_two_reviewers
swampfinance,SwampFinance,swampfinance,Business Logic Flaw,business_logic_failure,medium,rule:business_logic_failure,heuristic_requires_two_reviewers,single_source_candidate_requires_two_reviewers
raft,Raft_fi,raft,Donate Inflation ExchangeRate & Rounding Error,arithmetic_or_precision_failure,low,multi_rule:arithmetic_or_precision_failure+economic_constraint_failure+oracle_or_market_manipulation,heuristic_requires_two_reviewers,single_source_candidate_requires_two_reviewers
rbalancer,RBalancer,rbalancer,Business Logic Flaw,business_logic_failure,medium,rule:business_logic_failure,heuristic_requires_two_reviewers,single_source_candidate_requires_two_reviewers
shibatoken,ShibaToken,shibatoken,Business Logic Flaw,business_logic_failure,medium,rule:business_logic_failure,heuristic_requires_two_reviewers,single_source_candidate_requires_two_reviewers
weco,WECO,weco,Business Logic Flaw,business_logic_failure,medium,rule:business_logic_failure,heuristic_requires_two_reviewers,single_source_candidate_requires_two_reviewers
thenftv2,TheNFTV2,thenft,logic flaw,business_logic_failure,medium,rule:business_logic_failure,heuristic_requires_two_reviewers,single_source_candidate_requires_two_reviewers
onyxprotocol,OnyxProtocol,onyxprotocol,Precission Loss Vulnerability,arithmetic_or_precision_failure,medium,rule:arithmetic_or_precision_failure,heuristic_requires_two_reviewers,single_source_candidate_requires_two_reviewers
bct,BCT,bct,Price Manipulation,oracle_or_market_manipulation,medium,rule:oracle_or_market_manipulation,heuristic_requires_two_reviewers,single_source_candidate_requires_two_reviewers
trustpad,TrustPad,trustpad,Lack of msg.sender address verification,authorization_failure,low,multi_rule:authorization_failure+validation_failure,heuristic_requires_two_reviewers,single_source_candidate_requires_two_reviewers
grok,grok,grok,Lack of slippage protection,economic_constraint_failure,medium,rule:economic_constraint_failure,heuristic_requires_two_reviewers,single_source_candidate_requires_two_reviewers
goodcompound,GoodCompound,goodcompound,Price Manipulation,oracle_or_market_manipulation,medium,rule:oracle_or_market_manipulation,heuristic_requires_two_reviewers,single_source_candidate_requires_two_reviewers
bearndao,BEARNDAO,bearndao,Business Logic Flaw,business_logic_failure,medium,rule:business_logic_failure,heuristic_requires_two_reviewers,single_source_candidate_requires_two_reviewers
hypr,HYPR,hypr,Business Logic Flaw,business_logic_failure,medium,rule:business_logic_failure,heuristic_requires_two_reviewers,single_source_candidate_requires_two_reviewers
floorprotocol,FloorProtocol,floorprotocol,Business Logic Flaw,business_logic_failure,medium,rule:business_logic_failure,heuristic_requires_two_reviewers,single_source_candidate_requires_two_reviewers
xai,XAI,xai,Business Logic Flaw,business_logic_failure,medium,rule:business_logic_failure,heuristic_requires_two_reviewers,single_source_candidate_requires_two_reviewers
mamo,MAMO,mamo,Price Manipulation,oracle_or_market_manipulation,medium,rule:oracle_or_market_manipulation,heuristic_requires_two_reviewers,single_source_candidate_requires_two_reviewers
gooddollar,GoodDollar,gooddollar,Lack of Input Validation & Reentrancy,validation_failure,low,multi_rule:reentrancy+validation_failure,heuristic_requires_two_reviewers,single_source_candidate_requires_two_reviewers
kest,KEST,kest,Business Logic Flaw,business_logic_failure,medium,rule:business_logic_failure,heuristic_requires_two_reviewers,single_source_candidate_requires_two_reviewers
nfttrader,NFTTrader,nfttrader,Reentrancy,reentrancy,medium,rule:reentrancy,heuristic_requires_two_reviewers,single_source_candidate_requires_two_reviewers
pineprotocol,PineProtocol,pineprotocol,Business Logic Flaw,business_logic_failure,medium,rule:business_logic_failure,heuristic_requires_two_reviewers,single_source_candidate_requires_two_reviewers
cfc,CFC,cfc,Uniswap Skim() token balance attack,token_semantics_mismatch,medium,rule:token_semantics_mismatch,heuristic_requires_two_reviewers,single_source_candidate_requires_two_reviewers
shido,SHIDO,shido,Business Logic,business_logic_failure,medium,rule:business_logic_failure,heuristic_requires_two_reviewers,single_source_candidate_requires_two_reviewers
paraspace,ParaSpace NFT,paraspace,Flashloan + scaledBalanceOf Manipulation,oracle_or_market_manipulation,medium,rule:oracle_or_market_manipulation,heuristic_requires_two_reviewers,single_source_candidate_requires_two_reviewers
allbridge_2,Allbridge,allbridge,FlashLoan price manipulation,oracle_or_market_manipulation,medium,rule:oracle_or_market_manipulation,heuristic_requires_two_reviewers,single_source_candidate_requires_two_reviewers
lusd,LUSD,lusd,Price manipulation attack,oracle_or_market_manipulation,medium,rule:oracle_or_market_manipulation,heuristic_requires_two_reviewers,single_source_candidate_requires_two_reviewers
gss,GSS,gss,skim token balance,token_semantics_mismatch,medium,rule:token_semantics_mismatch,heuristic_requires_two_reviewers,single_source_candidate_requires_two_reviewers
xsdwethpool,XSDWETHpool,xsdwethpool,Reentrancy,reentrancy,medium,rule:reentrancy,heuristic_requires_two_reviewers,single_source_candidate_requires_two_reviewers
laeeb,LaEeb,laeeb,Lack Slippage Protection,economic_constraint_failure,medium,rule:economic_constraint_failure,heuristic_requires_two_reviewers,single_source_candidate_requires_two_reviewers
ais,AIS,ais,Insufficient validation,validation_failure,medium,rule:validation_failure,heuristic_requires_two_reviewers,single_source_candidate_requires_two_reviewers
hct,HCT,hct,Price Manipulation,oracle_or_market_manipulation,medium,rule:oracle_or_market_manipulation,heuristic_requires_two_reviewers,single_source_candidate_requires_two_reviewers
lqdx_alert,LQDX,lqdx_alert,Unauthorized TransferFrom,authorization_failure,medium,rule:authorization_failure,heuristic_requires_two_reviewers,single_source_candidate_requires_two_reviewers
bmizapper,BmiZapper,bmizapper,Arbitrary external call vulnerability,authorization_failure,medium,rule:authorization_failure,heuristic_requires_two_reviewers,single_source_candidate_requires_two_reviewers
mic,MIC,mic,Business Logic Flaw,business_logic_failure,medium,rule:business_logic_failure,heuristic_requires_two_reviewers,single_source_candidate_requires_two_reviewers
barleyfinance,BarleyFinance,barleyfinance,Reentrancy,reentrancy,medium,rule:reentrancy,heuristic_requires_two_reviewers,single_source_candidate_requires_two_reviewers
mimspell2,MIMSpell,mimspell,Precission Loss,arithmetic_or_precision_failure,medium,rule:arithmetic_or_precision_failure,heuristic_requires_two_reviewers,single_source_candidate_requires_two_reviewers
peapodsfinance,PeapodsFinance,peapodsfinance,Reentrancy,reentrancy,medium,rule:reentrancy,heuristic_requires_two_reviewers,single_source_candidate_requires_two_reviewers
wiselending02,WiseLending,wiselending,Bad HealthFactor Check,validation_failure,medium,rule:validation_failure,heuristic_requires_two_reviewers,single_source_candidate_requires_two_reviewers
socketgateway,SocketGateway,socketgateway,Lack of calldata validation,validation_failure,medium,rule:validation_failure,heuristic_requires_two_reviewers,single_source_candidate_requires_two_reviewers
wiselending03,WiseLending,wiselending,Bad HealthFactor Check,validation_failure,medium,rule:validation_failure,heuristic_requires_two_reviewers,single_source_candidate_requires_two_reviewers
xsij,XSIJ,xsij,Business Logic Flaw,business_logic_failure,medium,rule:business_logic_failure,heuristic_requires_two_reviewers,single_source_candidate_requires_two_reviewers
adc,ADC,adc,incorrect-access-control,unclassified_public_label,low,no_rule,heuristic_requires_two_reviewers,unclassified_requires_review
affinedefi,AffineDeFi,affinedefi,lack of validation userData,validation_failure,medium,rule:validation_failure,heuristic_requires_two_reviewers,single_source_candidate_requires_two_reviewers
compounduni,CompoundUni,compounduni,Oracle bad price,oracle_or_market_manipulation,medium,rule:oracle_or_market_manipulation,heuristic_requires_two_reviewers,single_source_candidate_requires_two_reviewers
burnsdefi,BurnsDefi,burnsdefi,Price Manipulation,oracle_or_market_manipulation,medium,rule:oracle_or_market_manipulation,heuristic_requires_two_reviewers,single_source_candidate_requires_two_reviewers
bob,Bob,bob,Price Manipulation,oracle_or_market_manipulation,medium,rule:oracle_or_market_manipulation,heuristic_requires_two_reviewers,single_source_candidate_requires_two_reviewers
blueberryprotocol,BlueberryProtocol,blueberryprotocol,logic flaw,business_logic_failure,medium,rule:business_logic_failure,heuristic_requires_two_reviewers,single_source_candidate_requires_two_reviewers
deeznutz404,DeezNutz 404,deeznutz,lack of validation,validation_failure,medium,rule:validation_failure,heuristic_requires_two_reviewers,single_source_candidate_requires_two_reviewers
bzx2,bZxProtocol,bzx,Inflation Attack,oracle_or_market_manipulation,medium,rule:oracle_or_market_manipulation,heuristic_requires_two_reviewers,single_source_candidate_requires_two_reviewers
game,Game,game,Reentrancy && Business Logic Flaw,reentrancy,low,multi_rule:business_logic_failure+reentrancy,heuristic_requires_two_reviewers,single_source_candidate_requires_two_reviewers
dualpools,DualPools,dualpools,precision truncation,arithmetic_or_precision_failure,medium,rule:arithmetic_or_precision_failure,heuristic_requires_two_reviewers,single_source_candidate_requires_two_reviewers
miner_bsc,MINER,miner_bsc,Price Manipulation,oracle_or_market_manipulation,medium,rule:oracle_or_market_manipulation,heuristic_requires_two_reviewers,single_source_candidate_requires_two_reviewers
particletrade,ParticleTrade,particletrade,lack of validation data,validation_failure,medium,rule:validation_failure,heuristic_requires_two_reviewers,single_source_candidate_requires_two_reviewers
pandora,Pandora,pandora,Integer Underflow,arithmetic_or_precision_failure,medium,rule:arithmetic_or_precision_failure,heuristic_requires_two_reviewers,single_source_candidate_requires_two_reviewers
ruggedart,RuggedArt,ruggedart,reentrancy,reentrancy,medium,rule:reentrancy,heuristic_requires_two_reviewers,single_source_candidate_requires_two_reviewers
miner,Miner,miner,lack of validation dst address,validation_failure,medium,rule:validation_failure,heuristic_requires_two_reviewers,single_source_candidate_requires_two_reviewers
seneca,Seneca,seneca,Arbitrary External Call Vulnerability,authorization_failure,medium,rule:authorization_failure,heuristic_requires_two_reviewers,single_source_candidate_requires_two_reviewers
alp,ALP,alp,Public internal function,unclassified_public_label,low,no_rule,heuristic_requires_two_reviewers,unclassified_requires_review
ethfin,ETHFIN,ethfin,lack of access control,authorization_failure,medium,rule:authorization_failure,heuristic_requires_two_reviewers,single_source_candidate_requires_two_reviewers
ark,ARK,ark,business logic flaw,business_logic_failure,medium,rule:business_logic_failure,heuristic_requires_two_reviewers,single_source_candidate_requires_two_reviewers
bbt,BBT,bbt,business logic flaw,business_logic_failure,medium,rule:business_logic_failure,heuristic_requires_two_reviewers,single_source_candidate_requires_two_reviewers
binemon,Binemon,binemon,precission-loss,arithmetic_or_precision_failure,medium,rule:arithmetic_or_precision_failure,heuristic_requires_two_reviewers,single_source_candidate_requires_two_reviewers
juice,Juice,juice,Business Logic Flaw,business_logic_failure,medium,rule:business_logic_failure,heuristic_requires_two_reviewers,single_source_candidate_requires_two_reviewers
tgbs,TGBS,tgbs,Business Logic Flaw,business_logic_failure,medium,rule:business_logic_failure,heuristic_requires_two_reviewers,single_source_candidate_requires_two_reviewers
atm,ATM,atm,business logic flaw,business_logic_failure,medium,rule:business_logic_failure,heuristic_requires_two_reviewers,single_source_candidate_requires_two_reviewers
chaingefinance,ChaingeFinance,chaingefinance,Arbitrary External Call,authorization_failure,medium,rule:authorization_failure,heuristic_requires_two_reviewers,single_source_candidate_requires_two_reviewers
fil314,FIL314,fil,Insufficient Validation And Price Manipulation,validation_failure,low,multi_rule:oracle_or_market_manipulation+validation_failure,heuristic_requires_two_reviewers,single_source_candidate_requires_two_reviewers
gfa,GFA,gfa,business-logic-flaw,unclassified_public_label,low,no_rule,heuristic_requires_two_reviewers,unclassified_requires_review
hackathon,Hackathon,hackathon,business logic flaw,business_logic_failure,medium,rule:business_logic_failure,heuristic_requires_two_reviewers,single_source_candidate_requires_two_reviewers
hoppyfrogerc,HoppyFrogERC,hoppyfrogerc,business logic flaw,business_logic_failure,medium,rule:business_logic_failure,heuristic_requires_two_reviewers,single_source_candidate_requires_two_reviewers
hedgeyfinance,HedgeyFinance,hedgeyfinance,Logic Flaw,business_logic_failure,medium,rule:business_logic_failure,heuristic_requires_two_reviewers,single_source_candidate_requires_two_reviewers
ngfs,NGFS,ngfs,Bad Access Control,authorization_failure,medium,rule:authorization_failure,heuristic_requires_two_reviewers,single_source_candidate_requires_two_reviewers
satx,SATX,satx,Logic Flaw,business_logic_failure,medium,rule:business_logic_failure,heuristic_requires_two_reviewers,single_source_candidate_requires_two_reviewers
squid,SQUID,squid,sandwich attack,transaction_ordering_or_mev,medium,rule:transaction_ordering_or_mev,heuristic_requires_two_reviewers,single_source_candidate_requires_two_reviewers
ups,UPS,ups,business logic flaw,business_logic_failure,medium,rule:business_logic_failure,heuristic_requires_two_reviewers,single_source_candidate_requires_two_reviewers
openleverage2,OpenLeverage,openleverage,business logic flaw,business_logic_failure,medium,rule:business_logic_failure,heuristic_requires_two_reviewers,single_source_candidate_requires_two_reviewers
wsm,wsm,wsm,manipulating price,oracle_or_market_manipulation,medium,rule:oracle_or_market_manipulation,heuristic_requires_two_reviewers,single_source_candidate_requires_two_reviewers
z123,Z123,z,price manipulation,oracle_or_market_manipulation,medium,rule:oracle_or_market_manipulation,heuristic_requires_two_reviewers,single_source_candidate_requires_two_reviewers
yiedl,YIEDL,yiedl,Input Validation,validation_failure,medium,rule:validation_failure,heuristic_requires_two_reviewers,single_source_candidate_requires_two_reviewers
burner,Burner,burner,sandwich ack,transaction_ordering_or_mev,medium,rule:transaction_ordering_or_mev,heuristic_requires_two_reviewers,single_source_candidate_requires_two_reviewers
excommunity,EXcommunity,excommunity,Business Logic Flaw,business_logic_failure,medium,rule:business_logic_failure,heuristic_requires_two_reviewers,single_source_candidate_requires_two_reviewers
sumermoney,SumerMoney,sumermoney,Reentrancy,reentrancy,medium,rule:reentrancy,heuristic_requires_two_reviewers,single_source_candidate_requires_two_reviewers
metadragon,MetaDragon,metadragon,Lack of Access Control,authorization_failure,medium,rule:authorization_failure,heuristic_requires_two_reviewers,single_source_candidate_requires_two_reviewers
gpu,GPU,gpu,self transfer,unclassified_public_label,low,no_rule,heuristic_requires_two_reviewers,unclassified_requires_review
liquiditytokens,Liquiditytokens,liquiditytokens,Business Logic Flaw,business_logic_failure,medium,rule:business_logic_failure,heuristic_requires_two_reviewers,single_source_candidate_requires_two_reviewers
redkeyscoin,RedKeysCoin,redkeyscoin,Weak RNG,unclassified_public_label,low,no_rule,heuristic_requires_two_reviewers,unclassified_requires_review
normie,NORMIE,normie,Business Logic Flaw,business_logic_failure,medium,rule:business_logic_failure,heuristic_requires_two_reviewers,single_source_candidate_requires_two_reviewers
osn,OSN,osn,Reward Distribution Problem,unclassified_public_label,low,no_rule,heuristic_requires_two_reviewers,unclassified_requires_review
tsuru,TSURU,tsuru,Insufficient Validation,validation_failure,medium,rule:validation_failure,heuristic_requires_two_reviewers,single_source_candidate_requires_two_reviewers
apemaga,APEMAGA,apemaga,business logic flaw,business_logic_failure,medium,rule:business_logic_failure,heuristic_requires_two_reviewers,single_source_candidate_requires_two_reviewers
crb2,Crb2,crb,business logic flaw,business_logic_failure,medium,rule:business_logic_failure,heuristic_requires_two_reviewers,single_source_candidate_requires_two_reviewers
incufi,INcufi,incufi,business logic flaw,business_logic_failure,medium,rule:business_logic_failure,heuristic_requires_two_reviewers,single_source_candidate_requires_two_reviewers
ncd,NCD,ncd,Business Logic Flaw,business_logic_failure,medium,rule:business_logic_failure,heuristic_requires_two_reviewers,single_source_candidate_requires_two_reviewers
tradeonorion,Tradeonorion,tradeonorion,Business Logic Flaw,business_logic_failure,medium,rule:business_logic_failure,heuristic_requires_two_reviewers,single_source_candidate_requires_two_reviewers
dyson_money,Dyson_money,dyson_money,business logic flaw,business_logic_failure,medium,rule:business_logic_failure,heuristic_requires_two_reviewers,single_source_candidate_requires_two_reviewers
steamswap,SteamSwap,steamswap,Logic Flaw,business_logic_failure,medium,rule:business_logic_failure,heuristic_requires_two_reviewers,single_source_candidate_requires_two_reviewers
wifcoin_eth,WIFCOIN_ETH,wifcoin_eth,business logic flaw,business_logic_failure,medium,rule:business_logic_failure,heuristic_requires_two_reviewers,single_source_candidate_requires_two_reviewers
jokinthebox,JokInTheBox,jokinthebox,business logic flaw,business_logic_failure,medium,rule:business_logic_failure,heuristic_requires_two_reviewers,single_source_candidate_requires_two_reviewers
minestm,MineSTM,minestm,Business Logic Flaw,business_logic_failure,medium,rule:business_logic_failure,heuristic_requires_two_reviewers,single_source_candidate_requires_two_reviewers
will,Will,will,business logic flaw,business_logic_failure,medium,rule:business_logic_failure,heuristic_requires_two_reviewers,single_source_candidate_requires_two_reviewers
lifiprotocol,Lifiprotocol,lifiprotocol,Incorrect input validation,validation_failure,medium,rule:validation_failure,heuristic_requires_two_reviewers,single_source_candidate_requires_two_reviewers
uwulend_first,UwULend,uwulend,Price Manipulation,oracle_or_market_manipulation,medium,rule:oracle_or_market_manipulation,heuristic_requires_two_reviewers,single_source_candidate_requires_two_reviewers
lw2,LW,lw,Integer Underflow,arithmetic_or_precision_failure,medium,rule:arithmetic_or_precision_failure,heuristic_requires_two_reviewers,single_source_candidate_requires_two_reviewers
uwulend_second,UwULend,uwulend,Price Manipulation,oracle_or_market_manipulation,medium,rule:oracle_or_market_manipulation,heuristic_requires_two_reviewers,single_source_candidate_requires_two_reviewers
doughfina,DoughFina,doughfina,Incorrect input validation,validation_failure,medium,rule:validation_failure,heuristic_requires_two_reviewers,single_source_candidate_requires_two_reviewers
mrp,MRP,mrp,Reentrancy,reentrancy,medium,rule:reentrancy,heuristic_requires_two_reviewers,single_source_candidate_requires_two_reviewers
defiplaza,DeFiPlaza,defiplaza,loss of precision,arithmetic_or_precision_failure,medium,rule:arithmetic_or_precision_failure,heuristic_requires_two_reviewers,single_source_candidate_requires_two_reviewers
sbt,SBT,sbt,business logic flaw,business_logic_failure,medium,rule:business_logic_failure,heuristic_requires_two_reviewers,single_source_candidate_requires_two_reviewers
yodlrouter,YodlRouter,yodlrouter,Arbitrary Call,authorization_failure,medium,rule:authorization_failure,heuristic_requires_two_reviewers,single_source_candidate_requires_two_reviewers
ompxcontract,OMPx Contract,ompxcontract,FlashLoan,economic_state_manipulation,low,fallback_flash_loan,heuristic_requires_two_reviewers,single_source_candidate_requires_two_reviewers
ivestdao,iVest,ivestdao,Business logic flaw,business_logic_failure,medium,rule:business_logic_failure,heuristic_requires_two_reviewers,single_source_candidate_requires_two_reviewers
spectra_finance,Spectra_finance,spectra_finance,Incorrect input validation,validation_failure,medium,rule:validation_failure,heuristic_requires_two_reviewers,single_source_candidate_requires_two_reviewers
zenterest,Zenterest,zenterest,Price Out Of Date,oracle_or_market_manipulation,medium,rule:oracle_or_market_manipulation,heuristic_requires_two_reviewers,single_source_candidate_requires_two_reviewers
convergence,Convergence,convergence,Incorrect input validation,validation_failure,medium,rule:validation_failure,heuristic_requires_two_reviewers,single_source_candidate_requires_two_reviewers
bankroll,Bankroll_Network,bankroll,Incorrect input validation,validation_failure,medium,rule:validation_failure,heuristic_requires_two_reviewers,single_source_candidate_requires_two_reviewers
caterpillar_coin_cut,Caterpillar_Coin_CUT,caterpillar_coin_cut,Price Manipulation,oracle_or_market_manipulation,medium,rule:oracle_or_market_manipulation,heuristic_requires_two_reviewers,single_source_candidate_requires_two_reviewers
otseastaking,OTSeaStaking,otseastaking,Logic Flaw,business_logic_failure,medium,rule:business_logic_failure,heuristic_requires_two_reviewers,single_source_candidate_requires_two_reviewers
bedrock_defi,Bedrock_DeFi,bedrock_defi,Swap ETH/BTC 1/1 in mint function,unclassified_public_label,low,no_rule,heuristic_requires_two_reviewers,unclassified_requires_review
aizpttoken,AIZPTToken,aizpttoken,Wrong Price Calculation,arithmetic_or_precision_failure,low,multi_rule:arithmetic_or_precision_failure+oracle_or_market_manipulation,heuristic_requires_two_reviewers,single_source_candidate_requires_two_reviewers
onyxdao,OnyxDAO,onyxdao,Fake Market,unclassified_public_label,low,no_rule,heuristic_requires_two_reviewers,unclassified_requires_review
firetoken,FireToken,firetoken,Pair Manipulation With Transfer Function,unclassified_public_label,low,no_rule,heuristic_requires_two_reviewers,unclassified_requires_review
hydt,HYDT,hydt,Oracle Price Manipulation,oracle_or_market_manipulation,medium,rule:oracle_or_market_manipulation,heuristic_requires_two_reviewers,single_source_candidate_requires_two_reviewers
sashatoken,SASHAToken,sashatoken,Price Manipulation,oracle_or_market_manipulation,medium,rule:oracle_or_market_manipulation,heuristic_requires_two_reviewers,single_source_candidate_requires_two_reviewers
morphoblue,MorphoBlue,morphoblue,Overpriced Asset in Oracle,oracle_or_market_manipulation,medium,rule:oracle_or_market_manipulation,heuristic_requires_two_reviewers,single_source_candidate_requires_two_reviewers
penpiexyzio,Penpiexyz_io,penpiexyzio,Reentrancy and Reward Manipulation,reentrancy,medium,rule:reentrancy,heuristic_requires_two_reviewers,single_source_candidate_requires_two_reviewers
vista,Vista,vista,flashmint receive error,economic_state_manipulation,low,fallback_flash_loan,heuristic_requires_two_reviewers,single_source_candidate_requires_two_reviewers
labubu,LABUBU Token,labubu,Logic Flaw,business_logic_failure,medium,rule:business_logic_failure,heuristic_requires_two_reviewers,single_source_candidate_requires_two_reviewers
pledge,Pledge,pledge,Access Control,authorization_failure,medium,rule:authorization_failure,heuristic_requires_two_reviewers,single_source_candidate_requires_two_reviewers
veth,vETH,veth,Vulnerable Price Dependency,oracle_or_market_manipulation,medium,rule:oracle_or_market_manipulation,heuristic_requires_two_reviewers,single_source_candidate_requires_two_reviewers
gain,GAIN,gain,bad function implementation,unclassified_public_label,low,no_rule,heuristic_requires_two_reviewers,unclassified_requires_review
it,IT,it,business logic flaw,business_logic_failure,medium,rule:business_logic_failure,heuristic_requires_two_reviewers,single_source_candidate_requires_two_reviewers
cloberdex,CloberDEX,cloberdex,Reentrancy,reentrancy,medium,rule:reentrancy,heuristic_requires_two_reviewers,single_source_candidate_requires_two_reviewers
98_token,98Token,98_token,Unprotected public function,authorization_failure,medium,rule:authorization_failure,heuristic_requires_two_reviewers,single_source_candidate_requires_two_reviewers
ast,Ast,ast,Price-Manipulation,oracle_or_market_manipulation,medium,rule:oracle_or_market_manipulation,heuristic_requires_two_reviewers,single_source_candidate_requires_two_reviewers
ipc,IPC Incorrect burn pairs,ipc,Logic Flaw,business_logic_failure,medium,rule:business_logic_failure,heuristic_requires_two_reviewers,single_source_candidate_requires_two_reviewers
xbridge,XBridge,xbridge,Logic Flaw,business_logic_failure,medium,rule:business_logic_failure,heuristic_requires_two_reviewers,single_source_candidate_requires_two_reviewers
idols_nft,IdolsNFT,idols_nft,Logic Flaw,business_logic_failure,medium,rule:business_logic_failure,heuristic_requires_two_reviewers,single_source_candidate_requires_two_reviewers
j_pulsepot,JPulsepot,j_pulsepot,Logic Flaw,business_logic_failure,medium,rule:business_logic_failure,heuristic_requires_two_reviewers,single_source_candidate_requires_two_reviewers
lp_mine,LPMine,lp_mine,Incorrect reward calculation,arithmetic_or_precision_failure,medium,rule:arithmetic_or_precision_failure,heuristic_requires_two_reviewers,single_source_candidate_requires_two_reviewers
laura_token,LAURAToken,laura_token,Pair Balance Manipulation,unclassified_public_label,low,no_rule,heuristic_requires_two_reviewers,unclassified_requires_review
mosca2,Mosca2,mosca,Logic Flaw,business_logic_failure,medium,rule:business_logic_failure,heuristic_requires_two_reviewers,single_source_candidate_requires_two_reviewers
roulette_pot_v2,RoulettePotV2,roulette_pot,Price Manipulation,oracle_or_market_manipulation,medium,rule:oracle_or_market_manipulation,heuristic_requires_two_reviewers,single_source_candidate_requires_two_reviewers
mosca,Mosca,mosca,Logic Flaw,business_logic_failure,medium,rule:business_logic_failure,heuristic_requires_two_reviewers,single_source_candidate_requires_two_reviewers
unilend,Unilend,unilend,Logic Flaw,business_logic_failure,medium,rule:business_logic_failure,heuristic_requires_two_reviewers,single_source_candidate_requires_two_reviewers
sorra_staking,SorStaking,sorra_staking,Incorrect reward calculation,arithmetic_or_precision_failure,medium,rule:arithmetic_or_precision_failure,heuristic_requires_two_reviewers,single_source_candidate_requires_two_reviewers
hegic_options,HegicOptions,hegic_options,Business Logic Flaw,business_logic_failure,medium,rule:business_logic_failure,heuristic_requires_two_reviewers,single_source_candidate_requires_two_reviewers
bbx_token,BBXToken,bbx_token,Price Manipulation,oracle_or_market_manipulation,medium,rule:oracle_or_market_manipulation,heuristic_requires_two_reviewers,single_source_candidate_requires_two_reviewers
alkimiya_io,Alkimiya_IO,alkimiya_io,unsafecast,unclassified_public_label,low,no_rule,heuristic_requires_two_reviewers,unclassified_requires_review
dcf_token,DCFToken,dcf_token,Lack of Slippage Protection,economic_constraint_failure,medium,rule:economic_constraint_failure,heuristic_requires_two_reviewers,single_source_candidate_requires_two_reviewers
h2o,H2O,h2o,Weak Random Mint,randomness_failure,medium,rule:randomness_failure,heuristic_requires_two_reviewers,single_source_candidate_requires_two_reviewers
one_inch_fusion_v1_settlement_hack,1inch FusionV1 Settlement,one_inch_fusion_v1_settlement_hack,Arbitrary Yul Calldata,unclassified_public_label,low,no_rule,heuristic_requires_two_reviewers,unclassified_requires_review
uni,UNI,uni,Logic Flaw,business_logic_failure,medium,rule:business_logic_failure,heuristic_requires_two_reviewers,single_source_candidate_requires_two_reviewers
pump,Pump,pump,Not Slippage Protection,economic_constraint_failure,medium,rule:economic_constraint_failure,heuristic_requires_two_reviewers,single_source_candidate_requires_two_reviewers
yzi_ai_token,YziAI,yzi_ai_token,Rug Pull,unclassified_public_label,low,no_rule,heuristic_requires_two_reviewers,unclassified_requires_review
btnft,BTNFT,btnft,Claim Rewards Without Protection,unclassified_public_label,low,no_rule,heuristic_requires_two_reviewers,unclassified_requires_review
lifeprotocol,Lifeprotocol,lifeprotocol,Price Manipulation,oracle_or_market_manipulation,medium,rule:oracle_or_market_manipulation,heuristic_requires_two_reviewers,single_source_candidate_requires_two_reviewers
w_key_dao,wKeyDAO,w_key_dao,unprotected function,unclassified_public_label,low,no_rule,heuristic_requires_two_reviewers,unclassified_requires_review
irys_ai,IRYSAI,irys_ai,rug pull,unclassified_public_label,low,no_rule,heuristic_requires_two_reviewers,unclassified_requires_review
krc_token_pair,KRC,krc_token_pair,deflationary token,token_semantics_mismatch,medium,rule:token_semantics_mismatch,heuristic_requires_two_reviewers,single_source_candidate_requires_two_reviewers
ydt_token,YDT,ydt_token,Logic Flaw,business_logic_failure,medium,rule:business_logic_failure,heuristic_requires_two_reviewers,single_source_candidate_requires_two_reviewers
aave_boost,AAVEBoost,aave_boost,Logic Flaw,business_logic_failure,medium,rule:business_logic_failure,heuristic_requires_two_reviewers,single_source_candidate_requires_two_reviewers
usual_money,UsualMoney,usual_money,Arbitrage,unclassified_public_label,low,no_rule,heuristic_requires_two_reviewers,unclassified_requires_review
bankroll_network,BankrollNetwork,bankroll_network,Incorrect dividends calculation,arithmetic_or_precision_failure,medium,rule:arithmetic_or_precision_failure,heuristic_requires_two_reviewers,single_source_candidate_requires_two_reviewers
bankroll_stack,BankrollStack,bankroll_stack,Incorrect dividends calculation,arithmetic_or_precision_failure,medium,rule:arithmetic_or_precision_failure,heuristic_requires_two_reviewers,single_source_candidate_requires_two_reviewers
gangsterfinance,Gangsterfinance,gangsterfinance,Incorrect dividends,unclassified_public_label,low,no_rule,heuristic_requires_two_reviewers,unclassified_requires_review
gradient_maker_pool,GradientMakerPool,gradient_maker_pool,Price Oracle Manipulation,oracle_or_market_manipulation,medium,rule:oracle_or_market_manipulation,heuristic_requires_two_reviewers,single_source_candidate_requires_two_reviewers
resupply_fi,ResupplyFi,resupply_fi,Share price manipulation,oracle_or_market_manipulation,medium,rule:oracle_or_market_manipulation,heuristic_requires_two_reviewers,single_source_candidate_requires_two_reviewers
fpc,FPC,fpc,Logic Flaw,business_logic_failure,medium,rule:business_logic_failure,heuristic_requires_two_reviewers,single_source_candidate_requires_two_reviewers
meta_pool,MetaPool,meta_pool,Access Control,authorization_failure,medium,rule:authorization_failure,heuristic_requires_two_reviewers,single_source_candidate_requires_two_reviewers
multicall_with_eth,MulticallWithETH,multicall_with_eth,arbitrary-call,unclassified_public_label,low,no_rule,heuristic_requires_two_reviewers,unclassified_requires_review
rant_token,RANT,rant_token,Logic Flaw,business_logic_failure,medium,rule:business_logic_failure,heuristic_requires_two_reviewers,single_source_candidate_requires_two_reviewers
swapp_staking,SWAPPStaking,swapp_staking,Incorrect Reward calculation,arithmetic_or_precision_failure,medium,rule:arithmetic_or_precision_failure,heuristic_requires_two_reviewers,single_source_candidate_requires_two_reviewers
stepp2p,Stepp2p,stepp2p,Logic Flaw,business_logic_failure,medium,rule:business_logic_failure,heuristic_requires_two_reviewers,single_source_candidate_requires_two_reviewers
abcc_app,ABCCApp,abcc_app,Lack of Access Control,authorization_failure,medium,rule:authorization_failure,heuristic_requires_two_reviewers,single_source_candidate_requires_two_reviewers
grizzifi,Grizzifi,grizzifi,Logic Flaw,business_logic_failure,medium,rule:business_logic_failure,heuristic_requires_two_reviewers,single_source_candidate_requires_two_reviewers
hexotic,Hexotic,hexotic,Incorrect Input Validation,validation_failure,medium,rule:validation_failure,heuristic_requires_two_reviewers,single_source_candidate_requires_two_reviewers
multicall_with_xera,MulticallWithXera,multicall_with_xera,Access Control,authorization_failure,medium,rule:authorization_failure,heuristic_requires_two_reviewers,single_source_candidate_requires_two_reviewers
pdz,PDZ,pdz,Price Manipulation,oracle_or_market_manipulation,medium,rule:oracle_or_market_manipulation,heuristic_requires_two_reviewers,single_source_candidate_requires_two_reviewers
size_credit,SizeCredit,size_credit,Access Control,authorization_failure,medium,rule:authorization_failure,heuristic_requires_two_reviewers,single_source_candidate_requires_two_reviewers
mim_spell3,MIMSpell3,mim_spell,Bypassed Insolvency Check,unclassified_public_label,low,no_rule,heuristic_requires_two_reviewers,unclassified_requires_review
prxvt,PRXVT,prxvt,Bussiness Logic Flaw,business_logic_failure,medium,rule:business_logic_failure,heuristic_requires_two_reviewers,single_source_candidate_requires_two_reviewers
truebit,Truebit,truebit,OverFlow,arithmetic_or_precision_failure,medium,rule:arithmetic_or_precision_failure,heuristic_requires_two_reviewers,single_source_candidate_requires_two_reviewers
mttoken,MTToken,mttoken,Incorrect Fee Logic,unclassified_public_label,low,no_rule,heuristic_requires_two_reviewers,unclassified_requires_review
synaplogic,SynapLogic,synaplogic,Business Logic Flaw,business_logic_failure,medium,rule:business_logic_failure,heuristic_requires_two_reviewers,single_source_candidate_requires_two_reviewers
makina,Makina,makina,Price Oracle Manipulation,oracle_or_market_manipulation,medium,rule:oracle_or_market_manipulation,heuristic_requires_two_reviewers,single_source_candidate_requires_two_reviewers
moonwell,Moonwell,moonwell,Faulty Oracle,oracle_or_market_manipulation,medium,rule:oracle_or_market_manipulation,heuristic_requires_two_reviewers,single_source_candidate_requires_two_reviewers
laxo_token,LAXO Token,laxo_token,Incorrect Burn Logic,unclassified_public_label,low,no_rule,heuristic_requires_two_reviewers,unclassified_requires_review
curve_llamalend,Curve LlamaLend,curve_llamalend,Share price manipulation,oracle_or_market_manipulation,medium,rule:oracle_or_market_manipulation,heuristic_requires_two_reviewers,single_source_candidate_requires_two_reviewers
alkemi_earn,AlkemiEarn,alkemi_earn,Business Logic,business_logic_failure,medium,rule:business_logic_failure,heuristic_requires_two_reviewers,single_source_candidate_requires_two_reviewers
venus_the,Venus THE,venus_the,BorrowBehalf + Donation Attack,unclassified_public_label,low,no_rule,heuristic_requires_two_reviewers,unclassified_requires_review
futureswap,FutureSwap,futureswap,Unit Mismatch,unclassified_public_label,low,no_rule,heuristic_requires_two_reviewers,unclassified_requires_review
est,EST Token,est,Incorrect Token Burn Mechanism,unclassified_public_label,low,no_rule,heuristic_requires_two_reviewers,unclassified_requires_review
