case_name,incident_name,incident_date,incident_record_sha256,source_snapshot_sha256,protocol_family,primary_root_cause,confidence,evidence_references
bancor,Bancor Protocol,2020-06-18,12e769362c1be3988caf52c51ee183a7013887915f0bf8dccff261ab8b849737,93b19197192b409cf7360b9bfa564d474da5a115f9bf279a5b8cc61093dadab6,,,,
opyn,Opyn Protocol,2020-08-04,1a0143eddb168a6b6e718dd3f5a498429851eb5c198743f2b4c666b645a585ed,93b19197192b409cf7360b9bfa564d474da5a115f9bf279a5b8cc61093dadab6,,,,
bzx,bzx,2020-09-12,c1757886f5994b885b6fb157b5a4976ef009ba0a86633e2a73a8817e0b872a24,93b19197192b409cf7360b9bfa564d474da5a115f9bf279a5b8cc61093dadab6,,,,
cover,Cover Protocol,2020-12-29,092f869ecaf110a83300555d4e398c4f08a8e4b38f93fd479f97051f43bc0129,93b19197192b409cf7360b9bfa564d474da5a115f9bf279a5b8cc61093dadab6,,,,
pickle,Pickle Finance,2020-11-21,a60badf8ba8b49d7a818d8faba95f5f92214542caff298ac5a90b3ccdca24be9,93b19197192b409cf7360b9bfa564d474da5a115f9bf279a5b8cc61093dadab6,,,,
harvestfinance,Harvest Finance,2020-10-26,c41b70ddd318d13aaad01c2ebd818fb9f75d6e6f8efb1b1c53810f7555c3ef9a,93b19197192b409cf7360b9bfa564d474da5a115f9bf279a5b8cc61093dadab6,,,,
sushi_badger_digg,Sushi Badger Digg,2021-01-25,6cc76f4b0a801f0f122487a783e4e2c3b59a2fb508f651b6ead428f2cfd64ad7,93b19197192b409cf7360b9bfa564d474da5a115f9bf279a5b8cc61093dadab6,,,,
lendfme,LendfMe,2020-04-19,e677aa96067ef58ffc2bfdf68f5648eb770e9cd210e39d3ed6eb2de7cb477191,93b19197192b409cf7360b9bfa564d474da5a115f9bf279a5b8cc61093dadab6,,,,
yearn_ydai,Yearn YDai,2021-02-04,089690c08fc86910dc446f979c46e99708d6ddce64e4303b043f4387d8cc8df8,93b19197192b409cf7360b9bfa564d474da5a115f9bf279a5b8cc61093dadab6,,,,
uranium,Uranium,2021-04-28,9d3eb5e27031d69b5e57b9f3040bd23c3bfd10c631389c6b250f9f8f3d98d7fd,93b19197192b409cf7360b9bfa564d474da5a115f9bf279a5b8cc61093dadab6,,,,
spartan,Spartan,2021-05-02,1e131cb812e4acd651d55f9cefaae8ca2216a72785cadcbd19e7d66491a453f6,93b19197192b409cf7360b9bfa564d474da5a115f9bf279a5b8cc61093dadab6,,,,
dodo_flashloan,DODO,2021-03-08,e74bcf9627e666abcc1dd105229c09bd34d85b635197b7580cedb3c48eed0246,93b19197192b409cf7360b9bfa564d474da5a115f9bf279a5b8cc61093dadab6,,,,
pancakebunny,PancakeBunny,2021-05-19,baf63791a4277f87d91ddc0567f2b55ffda4a381f3294e1a8b8b6b891a7836ff,93b19197192b409cf7360b9bfa564d474da5a115f9bf279a5b8cc61093dadab6,,,,
burgerswap,BurgerSwap,2021-05-27,63e826cb9881b371ac3674c38a3a8b812dbb7807ef3c75978eb8b6e3dd255630,93b19197192b409cf7360b9bfa564d474da5a115f9bf279a5b8cc61093dadab6,,,,
88mph,88mph NFT,2021-06-07,4451139dfa098f690604a55207330189bd34c454b39867257c40110ef5f8f71a,93b19197192b409cf7360b9bfa564d474da5a115f9bf279a5b8cc61093dadab6,,,,
eleven,Eleven Finance,2021-06-22,5ffd3ed363cfbe0e373320610197f27c34e430107e5366516a6dfb3ca245b549,93b19197192b409cf7360b9bfa564d474da5a115f9bf279a5b8cc61093dadab6,,,,
xwin,xWin Finance,2021-06-25,9aa89bc4c360d07aa0711f47b8f5b59db465dc22d8f306bc5315b5977a993395,93b19197192b409cf7360b9bfa564d474da5a115f9bf279a5b8cc61093dadab6,,,,
cream,Cream Finance,2021-08-30,7eb8399ca0ec2a1f3c1f751a139eb23c890e45ed189ed42cb86f3c8e2e987194,93b19197192b409cf7360b9bfa564d474da5a115f9bf279a5b8cc61093dadab6,,,,
xsurge,XSURGE,2021-08-17,4f6037b245cd4ce4e5c660dce57cef491cd19921f8610fd9948f5b496bf6d1aa,93b19197192b409cf7360b9bfa564d474da5a115f9bf279a5b8cc61093dadab6,,,,
nowswap,NowSwap Platform,2021-09-15,1cf9f8da8125f234890449362de85fb1b390e41dc8287302242423b36ef935f7,93b19197192b409cf7360b9bfa564d474da5a115f9bf279a5b8cc61093dadab6,,,,
nimbus,Nimbus Platform,2021-09-15,360fd55e367d0f5ee34eca04acb003298f83f95c9fda4d4098810ae84a16d73e,93b19197192b409cf7360b9bfa564d474da5a115f9bf279a5b8cc61093dadab6,,,,
waultfinance,WaultFinace,2021-08-04,320f1be574bb2e5f6bf78c522759e7164148a5238854b7e77a70674f85db1070,93b19197192b409cf7360b9bfa564d474da5a115f9bf279a5b8cc61093dadab6,,,,
sushimiso,SushiSwap Miso,2021-09-16,4103dc779de5b388c14c86f7e5dcfef58c7ceaabecac89af2dec0cd05f5b1415,93b19197192b409cf7360b9bfa564d474da5a115f9bf279a5b8cc61093dadab6,,,,
balancer_20200628,Balancer Protocol,2020-06-28,cff6c4627717d0667b3d6ecc390f2da2c0f3c61c6ed558a40bf841b4f98fe071,93b19197192b409cf7360b9bfa564d474da5a115f9bf279a5b8cc61093dadab6,,,,
mono,MonoX Finance,2021-11-30,9cd973d11f8ed1476098b090748f544d24666be4e5b92bc1afeb421b3acdd613,93b19197192b409cf7360b9bfa564d474da5a115f9bf279a5b8cc61093dadab6,,,,
ploutoz,Ploutoz,2021-11-23,f016e278ccd20466d1c44ecf3252729611d6ed2f3adcdd5cc925aa429fbc06d5,93b19197192b409cf7360b9bfa564d474da5a115f9bf279a5b8cc61093dadab6,,,,
nervebridge,Nerve Bridge,2021-12-14,dece0a59673e8a0b9d944e2fcd67cd2b5d5239e4cb05e2b2729b09227a85a2d9,93b19197192b409cf7360b9bfa564d474da5a115f9bf279a5b8cc61093dadab6,,,,
indexedfinance,Indexed Finance,2021-10-15,abff0f9940c92bfd88c9e82d7635f75ccf5764ace19a5f5e9c4cd4b956e55487,93b19197192b409cf7360b9bfa564d474da5a115f9bf279a5b8cc61093dadab6,,,,
visor,Visor Finance,2021-12-21,57608208f426b1549e7143e045cdcb5c8a3b867e37bcb5efc1392972450cc86e,93b19197192b409cf7360b9bfa564d474da5a115f9bf279a5b8cc61093dadab6,,,,
julswap,JulSwap,2021-05-27,78404b116f80b9ab51f5cb3ac92b2df41ae1cf804c432dcd98d241844b780f35,93b19197192b409cf7360b9bfa564d474da5a115f9bf279a5b8cc61093dadab6,,,,
pancakehunny,PancakeHunny,2021-06-03,5cb67b48f7a41c216434ae429a489c490ed20fd197e82c07d18a19c4849ebf43,93b19197192b409cf7360b9bfa564d474da5a115f9bf279a5b8cc61093dadab6,,,,
valuedefi,Value Defi,2021-05-08,7d78083794faec03af1482a8b998008684c65c30acb511987f8185adfe9bce7a,93b19197192b409cf7360b9bfa564d474da5a115f9bf279a5b8cc61093dadab6,,,,
tecraspace,TecraSpace,2022-02-04,8dcc6cf14da53d18c0dffbe05975ae19cdbb89258d900603f38bd288d7068f77,e7668ddd37e305db9052d4f208bb3b87d1e75956950739d5e9f1fd66f4c26267,,,,
sandbox,Sandbox LAND,2022-02-08,ea64f46e2fff8fae01b0e05861d701df420f54d3860838a780ff19c9b45cd38a,e7668ddd37e305db9052d4f208bb3b87d1e75956950739d5e9f1fd66f4c26267,,,,
compoundtusd,CompoundTUSDSweepTokenBypass,2022-03-22,ac5eaa0ad8052973e9e01fb663f70c77e9001defccbcbad78bbc098a269ac35e,e7668ddd37e305db9052d4f208bb3b87d1e75956950739d5e9f1fd66f4c26267,,,,
bearn,bEarn,2021-05-16,9ed3b8cb1b7fc21c248e7e2df5c1700288d1ff0847766c32554a1ada5bb9e39e,93b19197192b409cf7360b9bfa564d474da5a115f9bf279a5b8cc61093dadab6,,,,
anyswap,Multichain (Anyswap),2022-01-18,77860e9a02b9d1b78a1dd3749b28c3ff90bf9351a92a266d527389790e9bf2a6,e7668ddd37e305db9052d4f208bb3b87d1e75956950739d5e9f1fd66f4c26267,,,,
auctus,Auctus,2022-03-26,f7eac2bb75803bc24ee13d8d49f11db7ecc7b5c5f45fde7d1c6c9cd88fdda442,e7668ddd37e305db9052d4f208bb3b87d1e75956950739d5e9f1fd66f4c26267,,,,
paraluni,Paraluni,2022-03-13,9afc49f7b502ddc859eb73df6ad44cc8f1978b85a461bd671cda557d2a71d35d,e7668ddd37e305db9052d4f208bb3b87d1e75956950739d5e9f1fd66f4c26267,,,,
qubit,Qubit Finance,2022-01-28,0f00e16a4a5b3ca0999697aa87fe5dca6316af20fddc2f9328ce37176b896972,e7668ddd37e305db9052d4f208bb3b87d1e75956950739d5e9f1fd66f4c26267,,,,
revest,Revest Finance,2022-03-27,88ae5e0c370c7e71164bf483fef14d13427ddda22572679a18b40123ff9d504d,e7668ddd37e305db9052d4f208bb3b87d1e75956950739d5e9f1fd66f4c26267,,,,
umbrella,Umbrella Network,2022-03-20,d2b545485a2576c627b6163d1b888de767cc3eb51fb52f4e390490d24c8d9900,e7668ddd37e305db9052d4f208bb3b87d1e75956950739d5e9f1fd66f4c26267,,,,
cream_2,CreamFinance,2021-10-27,1d701117ac3bc86137daa8d8de96c3bae95c064e19be5ee80d1e5ebbfb1bb0ae,93b19197192b409cf7360b9bfa564d474da5a115f9bf279a5b8cc61093dadab6,,,,
akutarnft,Akutar NFT,2022-04-23,9d1f7e9a307cec973ffd61b64f153f67af7aefa72480ca01dd85649d26d626e7,e7668ddd37e305db9052d4f208bb3b87d1e75956950739d5e9f1fd66f4c26267,,,,
rikkei,Rikkei Finance,2022-04-15,c85629486d43f7118174c99849721d472720c1f818639919c84a8eb795cc1a25,e7668ddd37e305db9052d4f208bb3b87d1e75956950739d5e9f1fd66f4c26267,,,,
gym_1,GYMNetwork,2022-04-09,f06c052bbed028dedfbce1e3573459fba13ecb030f95eeb27b06eaae14b9c7cb,e7668ddd37e305db9052d4f208bb3b87d1e75956950739d5e9f1fd66f4c26267,,,,
cftoken,Creat Future,2022-04-11,ef7aed77f0e27a0eba086a9d55b0a8defb7987fbb448c069472426995eb8aa43,e7668ddd37e305db9052d4f208bb3b87d1e75956950739d5e9f1fd66f4c26267,,,,
rari,Rari Capital/Fei Protocol,2022-04-30,bfdd6ad4dd398e473d0b99c4932aea070edf3d71517f6371def560e0ba3e6421,e7668ddd37e305db9052d4f208bb3b87d1e75956950739d5e9f1fd66f4c26267,,,,
wdoge,Wiener DOGE,2022-04-24,e3d5bf554f1f7886a068cfb63775d3ac3b2f0d2a810d5c9a10348df718f2eaaa,e7668ddd37e305db9052d4f208bb3b87d1e75956950739d5e9f1fd66f4c26267,,,,
zeed,Zeed Finance,2022-04-21,10d5d85a1d88c996ee2a736abc651bf9c2c782d201e43cea87beaefff942724f,e7668ddd37e305db9052d4f208bb3b87d1e75956950739d5e9f1fd66f4c26267,,,,
bayc_apecoin,ApeCoin (APE),2022-05-17,5fea314c8aa1c5d6be50e46582b4cd6e7c251019ff21bba772a724bf355614ca,e7668ddd37e305db9052d4f208bb3b87d1e75956950739d5e9f1fd66f4c26267,,,,
saddle,Saddle Finance,2022-04-30,cd185764b578e3785166a873b0e69b31c47f673aecf81d03316fdb06e58094be,e7668ddd37e305db9052d4f208bb3b87d1e75956950739d5e9f1fd66f4c26267,,,,
discover,Discover,2022-06-06,1bbd267da672f036dcb9cc6a5ccfd9125e402490153ded9ee9e6077892e33b65,e7668ddd37e305db9052d4f208bb3b87d1e75956950739d5e9f1fd66f4c26267,,,,
hackdao,HackDao,2022-05-24,7d0cc52ff2fd2f99672ff48476b9c21fa5a99820b342fed48eb46b2a5acba657,e7668ddd37e305db9052d4f208bb3b87d1e75956950739d5e9f1fd66f4c26267,,,,
inversefinance,InverseFinance,2022-06-16,565fe7dc83f785bb37b0d4a80b20879d5d6d810a44db5cf0bb79ed142b3743ba,e7668ddd37e305db9052d4f208bb3b87d1e75956950739d5e9f1fd66f4c26267,,,,
gym_2,GYMNetwork,2022-06-08,8fcc505a028f0a841ea7fbcb5965f7ef30463ae7e5022b0723605c4461c74cdf,e7668ddd37e305db9052d4f208bb3b87d1e75956950739d5e9f1fd66f4c26267,,,,
flippazone,FlippazOne NFT,2022-07-06,9b76e14eedbc5e1e1bb8150fb55eb2ccd8f63a0421870d6a30c18a9bbed3b064,e7668ddd37e305db9052d4f208bb3b87d1e75956950739d5e9f1fd66f4c26267,,,,
lpc,LPC,2022-07-25,965abc2879337609e714a13f9ca4dd468ede665cca9a0a0b1a678d2af876b20c,e7668ddd37e305db9052d4f208bb3b87d1e75956950739d5e9f1fd66f4c26267,,,,
spacegodzilla,SpaceGodzilla,2022-07-13,e552b812039f2df36678f729fde98abadeb3c982c781dbc0ebd563f2c12889be,e7668ddd37e305db9052d4f208bb3b87d1e75956950739d5e9f1fd66f4c26267,,,,
snood,SNOOD,2022-06-18,0dd39906bf8cb342ba822987ad463fcd9d4243bb6c670efe79a0943579d39811,e7668ddd37e305db9052d4f208bb3b87d1e75956950739d5e9f1fd66f4c26267,,,,
anch,ANCH,2022-08-09,df8cb6720f717f132b0d1444a83d99966a00010c95622096eabb37d9444fc3c7,e7668ddd37e305db9052d4f208bb3b87d1e75956950739d5e9f1fd66f4c26267,,,,
audius,Audius,2022-07-23,c5b1301a7820658065c0a37affe24ed15dfef662bf35206cc1e82edd86b5d1a4,e7668ddd37e305db9052d4f208bb3b87d1e75956950739d5e9f1fd66f4c26267,,,,
etnproduct,EtnProduct,2022-08-04,7bb776604651c2fab27ed51f637376921f2fdc64f1c691854bdbf1650c2578d2,e7668ddd37e305db9052d4f208bb3b87d1e75956950739d5e9f1fd66f4c26267,,,,
ddc,DDC,2022-08-28,6c34170b0b225ad4a601adeec68bbfd07c1119ed994bc793ea99e849d14eb665,e7668ddd37e305db9052d4f208bb3b87d1e75956950739d5e9f1fd66f4c26267,,,,
luckytiger,LuckyTiger NFT,2022-08-24,3d054af4b119ee50bc2daeb0461f8a75d3605ce2c395f77fd1d9e96ee4b8b615,e7668ddd37e305db9052d4f208bb3b87d1e75956950739d5e9f1fd66f4c26267,,,,
egd_finance,EGD Finance,2022-08-07,0a5382e2133b53dbb3e54f8d78724fd6d573222d192fc00b71c5e5519a84aa22,e7668ddd37e305db9052d4f208bb3b87d1e75956950739d5e9f1fd66f4c26267,,,,
badguysbyrpf,Bad Guys by RPF,2022-09-02,f63b98e0b885c4af1e21877846716e2bf1f4fb796d75674c929c382c0a628f82,e7668ddd37e305db9052d4f208bb3b87d1e75956950739d5e9f1fd66f4c26267,,,,
xst_2,XSTABLE Protocol,2022-08-10,ac980aa50936e743b521836e95229deb5e03a037f3e51a56bce508ae29842a7c,e7668ddd37e305db9052d4f208bb3b87d1e75956950739d5e9f1fd66f4c26267,,,,
nomadbridge,Nomad Bridge,2022-08-02,f0e573be780bf95556815ae6a155d116aa4254dfcd4a7c5269af5861099aa70d,e7668ddd37e305db9052d4f208bb3b87d1e75956950739d5e9f1fd66f4c26267,,,,
bxh,BXH,2022-09-28,a1060132f6e66172264c33da043d90c8cc843f22a10c916489986b84d49d9def,e7668ddd37e305db9052d4f208bb3b87d1e75956950739d5e9f1fd66f4c26267,,,,
dpc,DPC,2022-09-09,39fdd2dcab396ec29da33a0d4ccb40047cd6e46be431607901546351eb00b22b,e7668ddd37e305db9052d4f208bb3b87d1e75956950739d5e9f1fd66f4c26267,,,,
shadowfi,ShadowFi,2022-09-02,2674bd359af18771b2693c9eb18c461d64e49e1bff2cb37031a9c1f7353fce91,e7668ddd37e305db9052d4f208bb3b87d1e75956950739d5e9f1fd66f4c26267,,,,
atk,ATK,2022-10-12,c060298c8207aea642918805b16e34a6388f1cdff91137616c2376ab65aefa7f,e7668ddd37e305db9052d4f208bb3b87d1e75956950739d5e9f1fd66f4c26267,,,,
bego,BEGO,2022-10-20,58e9a445670a0e0c48d6d59284a10a8d17e71910bd1fb01d740c18be48ca6e61,e7668ddd37e305db9052d4f208bb3b87d1e75956950739d5e9f1fd66f4c26267,,,,
babyswap,BabySwap,2022-10-01,648b0e42186edd74db255dcbf89e94b86ef3204992ab4ef6515281ec8cb35351,e7668ddd37e305db9052d4f208bb3b87d1e75956950739d5e9f1fd66f4c26267,,,,
roi,Ragnarok Online Invasion,2022-09-08,bccbb202669b05e37194493de31af6ac45210bb1e2e41b89b2e016ed27d84076,e7668ddd37e305db9052d4f208bb3b87d1e75956950739d5e9f1fd66f4c26267,,,,
thb,Thunder Brawl,2022-10-01,7dca945bd8148fff011da7673f1abf279d12de9422033958c42671c508a3d844,e7668ddd37e305db9052d4f208bb3b87d1e75956950739d5e9f1fd66f4c26267,,,,
carrot,Carrot,2022-10-10,4d96e3a73a95448bc7213d2d443106421b0f7cd0bbcc86d258822892334817da,e7668ddd37e305db9052d4f208bb3b87d1e75956950739d5e9f1fd66f4c26267,,,,
eflevervault,EFLeverVault,2022-10-14,954dd3cff81e5096a937ca6ce685065912b871c4db14ebce49c6bec99fd6db35,e7668ddd37e305db9052d4f208bb3b87d1e75956950739d5e9f1fd66f4c26267,,,,
health,HEALTH,2022-10-20,9f8e580ec1be1398baaab429018b092e5549088e02adb2649e39678b7af87cca,e7668ddd37e305db9052d4f208bb3b87d1e75956950739d5e9f1fd66f4c26267,,,,
hpay,HPAY,2022-10-18,2399707e28f954727823461c14477892dff7efedc003879ddf5e67fed75a1a49,e7668ddd37e305db9052d4f208bb3b87d1e75956950739d5e9f1fd66f4c26267,,,,
n00d,N00d Token,2022-10-26,11ff444d4c0e8a4cd162e610148a408caa8130f4f785787c1e1207df8f189a5f,e7668ddd37e305db9052d4f208bb3b87d1e75956950739d5e9f1fd66f4c26267,,,,
inuko,INUKO,2022-10-14,125d4be47987e729fe46c75a14bc5efc7921bccc042bb535cceb2433d852a750,e7668ddd37e305db9052d4f208bb3b87d1e75956950739d5e9f1fd66f4c26267,,,,
pltd,PLTD,2022-10-18,cac8cf31fc6bc0b34a5b217125cd420c92052fdb5d6f45b969e30f2e005c3a36,e7668ddd37e305db9052d4f208bb3b87d1e75956950739d5e9f1fd66f4c26267,,,,
olympusdao,OlympusDAO,2022-10-21,9137bfb1f78624f22a987a5c813728ecf26db927f90914a81e97d62f7116241e,e7668ddd37e305db9052d4f208bb3b87d1e75956950739d5e9f1fd66f4c26267,,,,
res,RES-Token,2022-10-06,1dbbd04e37edbe1dd2ff9ede49ad8136d5b3d8d641db8a241146a66538204fe9,e7668ddd37e305db9052d4f208bb3b87d1e75956950739d5e9f1fd66f4c26267,,,,
rl,RL Token,2022-10-01,4bf47ce88fd3406cc0b17b04a55a21cee62f037f476c9839d360c277cb009026,e7668ddd37e305db9052d4f208bb3b87d1e75956950739d5e9f1fd66f4c26267,,,,
res_2,RES-Token,2022-10-06,1dbbd04e37edbe1dd2ff9ede49ad8136d5b3d8d641db8a241146a66538204fe9,e7668ddd37e305db9052d4f208bb3b87d1e75956950739d5e9f1fd66f4c26267,,,,
uerii,Uerii Token,2022-10-17,1654298690070fa195b28553bebcf03ed68b7e44ed406b797d80984bf8a0bafb,e7668ddd37e305db9052d4f208bb3b87d1e75956950739d5e9f1fd66f4c26267,,,,
templedao,Templedao,2022-10-11,6b76732e2c68a560ae8b5c0f0d15030848042afcd80136eb3b27d6ce55762cdc,e7668ddd37e305db9052d4f208bb3b87d1e75956950739d5e9f1fd66f4c26267,,,,
vtf,VTF Token,2022-10-27,5d36cdbaf2577149dee0157b6dfc3195d8ce58eab869241635489c9bbe703964,e7668ddd37e305db9052d4f208bb3b87d1e75956950739d5e9f1fd66f4c26267,,,,
ulme,ULME,2022-10-25,cdf407823e4e95f546434c59ec7012fb89c14ae363f85652580392d25971c807,e7668ddd37e305db9052d4f208bb3b87d1e75956950739d5e9f1fd66f4c26267,,,,
teamfinance,Team Finance,2022-10-27,6a0e8bd382922d81dcc1554154f4b378dd28d80882eaeb9867fcf36815ccb2f9,e7668ddd37e305db9052d4f208bb3b87d1e75956950739d5e9f1fd66f4c26267,,,,
ulme_2,ULME,2022-10-25,cdf407823e4e95f546434c59ec7012fb89c14ae363f85652580392d25971c807,e7668ddd37e305db9052d4f208bb3b87d1e75956950739d5e9f1fd66f4c26267,,,,
aur,AUR,2022-11-22,a1adaf41dd11076a0c6abe847a5a99f7c01768579fff99e51ec958f98aed2032,e7668ddd37e305db9052d4f208bb3b87d1e75956950739d5e9f1fd66f4c26267,,,,
annex,AnnexFinance,2022-11-19,e742a9533015d11cdc16dd7199f05e94aeb146693ddbbb56822682c4c62144a5,e7668ddd37e305db9052d4f208bb3b87d1e75956950739d5e9f1fd66f4c26267,,,,
xavefinance,Xave Finance,2022-10-09,450c1eed9cbbb389605b19e2b6ba170d61dbfe8eaf90ef0f3efb5111927f9f80,e7668ddd37e305db9052d4f208bb3b87d1e75956950739d5e9f1fd66f4c26267,,,,
bdex,BDEX,2022-11-05,d7356a5b6c7826496bf5c92e42ee8d41decc81ac2d426a9956fb48b508e80f61,e7668ddd37e305db9052d4f208bb3b87d1e75956950739d5e9f1fd66f4c26267,,,,
kashi,Kashi,2022-11-08,b77c60f150c5c25dd906c2a9903f85b1fafd528d087091821a1d60cdca30cde7,e7668ddd37e305db9052d4f208bb3b87d1e75956950739d5e9f1fd66f4c26267,,,,
mbc_zzsh,MBC & ZZSH,2022-11-29,a80a6cc927c627a9050079687a39fd6a54d9ea5e91c06e0f04c64bc526927f7a,e7668ddd37e305db9052d4f208bb3b87d1e75956950739d5e9f1fd66f4c26267,,,,
brahtopg,BrahTOPG,2022-11-09,064f316b99b0a1f98a34984d48a489c4eb79f0faa95bfe06d70834fea54d5b84,e7668ddd37e305db9052d4f208bb3b87d1e75956950739d5e9f1fd66f4c26267,,,,
num,NUM,2022-11-23,aeb636da37cd692bf6edbc12347f76d2dcc41adfe17e68a668154e54ecaa6626,e7668ddd37e305db9052d4f208bb3b87d1e75956950739d5e9f1fd66f4c26267,,,,
sdao,sDAO,2022-11-21,1a06914e310c71e938fe55a12bbae8cc4f3c4d41c7aba4319bef418e1d845a67,e7668ddd37e305db9052d4f208bb3b87d1e75956950739d5e9f1fd66f4c26267,,,,
dfx,DFXFinance,2022-11-10,0a764876626e11ef7fe89899ac826a198d0f8da9dd76a0a5e1b008a2ec10c3e3,e7668ddd37e305db9052d4f208bb3b87d1e75956950739d5e9f1fd66f4c26267,,,,
moocakectx,MooCAKECTX,2022-11-07,3af7845d9257437b50e85a2bc7125fe16b6e1bdd14a128ac6dd573a8c7326a75,e7668ddd37e305db9052d4f208bb3b87d1e75956950739d5e9f1fd66f4c26267,,,,
sheepfarm2,SheepFarm,2022-11-16,d355bf4da91ccdca71ac0b806670a9370d6a0f42380c325a563cb042fcc58b1a,e7668ddd37e305db9052d4f208bb3b87d1e75956950739d5e9f1fd66f4c26267,,,,
seaman,SEAMAN,2022-11-29,f1ca2231b820f53779c10bab341395bdc803710af2dfadecf2ae35f41b5c3af3,e7668ddd37e305db9052d4f208bb3b87d1e75956950739d5e9f1fd66f4c26267,,,,
aes,AES (Deflationary token),2022-12-07,d1c52ab22c1564e57e2b978ad5f398c573eae65f516da2002000fc89aa65dca8,e7668ddd37e305db9052d4f208bb3b87d1e75956950739d5e9f1fd66f4c26267,,,,
sheepfarm,SheepFarm,2022-11-16,d355bf4da91ccdca71ac0b806670a9370d6a0f42380c325a563cb042fcc58b1a,e7668ddd37e305db9052d4f208bb3b87d1e75956950739d5e9f1fd66f4c26267,,,,
uearnpool,UEarnPool,2022-11-17,59ef8f9e7fdcb10ddc15b1131e38f7cb854372e605a7e49b8de66d2a4821436e,e7668ddd37e305db9052d4f208bb3b87d1e75956950739d5e9f1fd66f4c26267,,,,
jay,JAY,2022-12-29,db1386515f5590d05f7541d5408962e432cf7a36b642148c7d48db338e720977,e7668ddd37e305db9052d4f208bb3b87d1e75956950739d5e9f1fd66f4c26267,,,,
dfs,DFS,2022-12-30,e765f32ba2f1e0a49a1197f2d14f219e54cc1ed2553a8e4fcb4837bb18023780,e7668ddd37e305db9052d4f208bb3b87d1e75956950739d5e9f1fd66f4c26267,,,,
bgld,BGLD (Deflationary token),2022-12-12,b4331ab675cd1aeda7e8523c81fb680ad14fb0ca68b8ac43567239d25d99bd1a,e7668ddd37e305db9052d4f208bb3b87d1e75956950739d5e9f1fd66f4c26267,,,,
rubic,Rubic,2022-12-25,da04e68c0f4514a328d8599802a7ac32ff9f8f776a7cd9d7234b41de7ff62a3c,e7668ddd37e305db9052d4f208bb3b87d1e75956950739d5e9f1fd66f4c26267,,,,
tifi,TIFIToken,2022-12-10,7f82c3b22f877b29e73579743e56feb968524e2feba88c81bc4782f118d40a27,e7668ddd37e305db9052d4f208bb3b87d1e75956950739d5e9f1fd66f4c26267,,,,
qixi,Qixi,2022-08-03,ecb01762f527766c39fe2d3f5372891ed460cf2be0f313effdfc71c9a565b929,e7668ddd37e305db9052d4f208bb3b87d1e75956950739d5e9f1fd66f4c26267,,,,
xcarnival,XCarnival,2022-06-26,88bf3e75a8bcebe33c14479d0616c9df90bd72e57b5190dbd7b85c8d5de477d1,e7668ddd37e305db9052d4f208bb3b87d1e75956950739d5e9f1fd66f4c26267,,,,
novo,NOVO Protocol,2022-05-29,80dbdee6522539fe7f9968d8aa1115f0501afebf84304c7d09a8cf60a4c01058,e7668ddd37e305db9052d4f208bb3b87d1e75956950739d5e9f1fd66f4c26267,,,,
xst,XSTABLE Protocol,2022-08-10,ac980aa50936e743b521836e95229deb5e03a037f3e51a56bce508ae29842a7c,e7668ddd37e305db9052d4f208bb3b87d1e75956950739d5e9f1fd66f4c26267,,,,
bbox,BBOX,2022-12-05,d515ed7adc9406e1fd4d2bb26fb010dcff10f5685bb1cbea64f5dc803bec1159,e7668ddd37e305db9052d4f208bb3b87d1e75956950739d5e9f1fd66f4c26267,,,,
nmbplatform,Nmbplatform,2022-12-14,37a693062e1c454bcdd647800fb3848ffca994e2e26dfb9c04d914e0e7986a0d,e7668ddd37e305db9052d4f208bb3b87d1e75956950739d5e9f1fd66f4c26267,,,,
rfb,RFB,2022-12-05,4c22db30e2907b87781834b816f73a5451ddbd78318b377367142737299a5f35,e7668ddd37e305db9052d4f208bb3b87d1e75956950739d5e9f1fd66f4c26267,,,,
shoco,SHOCO,2023-01-19,78592a7b3034c3c46902ecbef7e8880793d53f634d01dfcc4cb88973dcb92bae,1b5a1d9c3166c2b9d60fefc71f8e12d2c3d2f604b259d662e38310d39db6838b,,,,
qtn,QTNToken,2023-01-18,97f79379800de58b011883fb2a3b22ada9dfc6c648e72c2674a80e4344a5ddd0,1b5a1d9c3166c2b9d60fefc71f8e12d2c3d2f604b259d662e38310d39db6838b,,,,
tinu,TINU,2023-01-26,209b2350caa38b1ece628269e73da01c91e2584a7ea39cb8661f67cf821f0ca4,1b5a1d9c3166c2b9d60fefc71f8e12d2c3d2f604b259d662e38310d39db6838b,,,,
bra,BRA,2023-01-10,28c23d8c63daac50bc2d88fdd2e6da928eaad2ae14e15e393342b2bd7f5bdb60,1b5a1d9c3166c2b9d60fefc71f8e12d2c3d2f604b259d662e38310d39db6838b,,,,
bevo,BEVO,2023-01-30,466f574ba0b6138ad285df179e8ef8e1f47132c03f6f4cec1ce0c17360bb607a,1b5a1d9c3166c2b9d60fefc71f8e12d2c3d2f604b259d662e38310d39db6838b,,,,
omniestate,OmniEstate,2023-01-17,339c1cb46cb4b8dba4a69aabf4bd3ddcdf16695bb4c9db2873ed5067910fd5c3,1b5a1d9c3166c2b9d60fefc71f8e12d2c3d2f604b259d662e38310d39db6838b,,,,
gds,GDS,2023-01-03,f133bcf77115517e92a74eaa4862856160367c7dfa6ab0ce717703333d38ca93,1b5a1d9c3166c2b9d60fefc71f8e12d2c3d2f604b259d662e38310d39db6838b,,,,
ufdao,UFDao,2023-01-11,3f87a9969fbd9c3a46a8b56de964bbd87d555974a9361bf27e54e156e94b6108,1b5a1d9c3166c2b9d60fefc71f8e12d2c3d2f604b259d662e38310d39db6838b,,,,
upswing,UPSToken,2023-01-18,096a64991a7d2fc68aa16318ed16cec6cc60de825fa4e6de92de2b3425e4e1b3,1b5a1d9c3166c2b9d60fefc71f8e12d2c3d2f604b259d662e38310d39db6838b,,,,
roefinance,RoeFinance,2023-01-11,4038cc16dc764000e5540fd5f01aa745903eea938e4ed3a99a5455622162b49e,1b5a1d9c3166c2b9d60fefc71f8e12d2c3d2f604b259d662e38310d39db6838b,,,,
efvault,EFVault,2023-02-24,68edecb51d2fa2593e02e14f18e96fd9ea8769ae3611be1d4dabd888b636bd01,1b5a1d9c3166c2b9d60fefc71f8e12d2c3d2f604b259d662e38310d39db6838b,,,,
fdp,FDP,2023-02-06,3d906384ee936746d672dbfc3cad07972bb1e7119141ce312010671cf7c85581,1b5a1d9c3166c2b9d60fefc71f8e12d2c3d2f604b259d662e38310d39db6838b,,,,
dexible,Dexible,2023-02-17,4e6fd15f0c9f1255cfe205eaee2b040e69c0dac862c7bf768fe3fdc53312a057,1b5a1d9c3166c2b9d60fefc71f8e12d2c3d2f604b259d662e38310d39db6838b,,,,
dyna,DYNA,2023-02-22,0606d32d977bdc3f23dd05023c118ba7841cf5fb14bdec135b2b1d42c7952174,1b5a1d9c3166c2b9d60fefc71f8e12d2c3d2f604b259d662e38310d39db6838b,,,,
revertfinance,RevertFinance,2023-02-18,207d11063b53884c885c89aa548be4521d5744a7ac420e813021f072bcdb0eee,1b5a1d9c3166c2b9d60fefc71f8e12d2c3d2f604b259d662e38310d39db6838b,,,,
starlink,Starlink,2023-02-17,ce989f1533e653d024b528cbd95da156c293d2c4a813e73814fb2ef1e94b91a7,1b5a1d9c3166c2b9d60fefc71f8e12d2c3d2f604b259d662e38310d39db6838b,,,,
bigfi,BIGFI,2023-03-22,220300e58292c3d55d564b0788ae83fbcd7bb1b362e8625a43291b6ae713ac6e,1b5a1d9c3166c2b9d60fefc71f8e12d2c3d2f604b259d662e38310d39db6838b,,,,
sheep,Sheep,2023-02-10,1da2b0d5408a2ec990fa02df710580cd89676723591b068165339ad3e21faa13,1b5a1d9c3166c2b9d60fefc71f8e12d2c3d2f604b259d662e38310d39db6838b,,,,
orion,Orion Protocol,2023-02-03,230018610c21d80d51f87ee5b73442005156617f01ca4fe6120bf470660824b6,1b5a1d9c3166c2b9d60fefc71f8e12d2c3d2f604b259d662e38310d39db6838b,,,,
poolz,Poolz,2023-03-15,bda1ee287e1e98d03ba4f9d84d1de72a3bfe16cc8fcf2398cfbb174bc4ca86d1,1b5a1d9c3166c2b9d60fefc71f8e12d2c3d2f604b259d662e38310d39db6838b,,,,
allbridge,Allbridge,2023-04-02,9e6ba73f3f619cf65fc515389a80b649a51aa891855bd02aaed3938aad6973b1,1b5a1d9c3166c2b9d60fefc71f8e12d2c3d2f604b259d662e38310d39db6838b,,,,
dbw,DBW,2023-03-25,2d5fb42b8fb902aed9674385117e519fbbd3c9e74f81b581634bf8b73703dc1b,1b5a1d9c3166c2b9d60fefc71f8e12d2c3d2f604b259d662e38310d39db6838b,,,,
axioma,Axioma,2023-04-24,d1f57ab5d65e3870792251bb781cb24374339cd2c271c583bcb8d369468509d7,1b5a1d9c3166c2b9d60fefc71f8e12d2c3d2f604b259d662e38310d39db6838b,,,,
olife,OLIFE,2023-04-19,f45cb26ca206b4bde90938dde044e118066e680daef86e0ce52ad3c62684d22a,1b5a1d9c3166c2b9d60fefc71f8e12d2c3d2f604b259d662e38310d39db6838b,,,,
sushi_router,SushiSwap,2023-04-09,2f68d6a8ba91da88a2370a929db3676986a4819479ce27ecc2a31c56dd5f51aa,1b5a1d9c3166c2b9d60fefc71f8e12d2c3d2f604b259d662e38310d39db6838b,,,,
safemoon,SafeMoon Hack,2023-03-28,2498c583ba177edc37f363e0b54f95dce073d9cbc59359a1f1664f38071aecf5,1b5a1d9c3166c2b9d60fefc71f8e12d2c3d2f604b259d662e38310d39db6838b,,,,
swapos,Swapos V2,2023-04-16,e94fd586bd17e469d11f7ab540aff87a6383b37a90ab987fdfff7a54b73bf3fe,1b5a1d9c3166c2b9d60fefc71f8e12d2c3d2f604b259d662e38310d39db6838b,,,,
yearnfinance,yearnFinance,2023-04-13,37a56741b1b475a56725fe36565ad21976ef7d726b4c6ac3aa334aefa6aeadc9,1b5a1d9c3166c2b9d60fefc71f8e12d2c3d2f604b259d662e38310d39db6838b,,,,
babydogecoin,BabyDogeCoin,2023-05-29,f2cbefc8b122988a0ecb2a48794d7f5e6ab5a2843115be4493c3a46a8a5dd383,1b5a1d9c3166c2b9d60fefc71f8e12d2c3d2f604b259d662e38310d39db6838b,,,,
silo_finance,Silo finance,2023-04-27,9b884914f8626d2d99687e9e3de2268d1534ccdf70eaa31fbe6f3d47de80a7ec,1b5a1d9c3166c2b9d60fefc71f8e12d2c3d2f604b259d662e38310d39db6838b,,,,
bitpaidio,Bitpaidio,2023-05-13,4683251ff02b948ca7e6f187c76773c1ea70e778b8de50a96b27635c4b31ac62,1b5a1d9c3166c2b9d60fefc71f8e12d2c3d2f604b259d662e38310d39db6838b,,,,
fapen,FAPEN,2023-05-29,9903575470e05debdc8af3e0a6b38af77a955c68a506a6080e6e2db71618b7c7,1b5a1d9c3166c2b9d60fefc71f8e12d2c3d2f604b259d662e38310d39db6838b,,,,
erc20tokenbank,ERC20TokenBank,2023-05-31,cc25142537541b03e2a2cde009662c1a89939a7dc5ea5167e2596c16860eb0c3,1b5a1d9c3166c2b9d60fefc71f8e12d2c3d2f604b259d662e38310d39db6838b,,,,
cs,CS Token,2023-05-24,b1eac141e6770456816aef704a422069bc7c3d9376ce88023f987f73d9e03c31,1b5a1d9c3166c2b9d60fefc71f8e12d2c3d2f604b259d662e38310d39db6838b,,,,
hodlcapital,HODL,2023-05-09,be2766c06367f10ee7018421cb76febad2cd6cc091b52344bac9938ab3a02e15,1b5a1d9c3166c2b9d60fefc71f8e12d2c3d2f604b259d662e38310d39db6838b,,,,
melo,Melo,2023-05-06,1dc21648b7180b94668622e40e723ddb45f816a0b4db31f80c03b8227679254a,1b5a1d9c3166c2b9d60fefc71f8e12d2c3d2f604b259d662e38310d39db6838b,,,,
lw,LW,2023-05-12,49b6cafe686b7ed303e5c8fde8dcbd7aad87ef4c64f05c35cfd6166a6ee469de,1b5a1d9c3166c2b9d60fefc71f8e12d2c3d2f604b259d662e38310d39db6838b,,,,
multichaincapital,MCC,2023-05-09,e9c51537d22eb98fbcac694db0e01fbd86720b900728569d4afbb877e3ecd65a,1b5a1d9c3166c2b9d60fefc71f8e12d2c3d2f604b259d662e38310d39db6838b,,,,
level,Level,2023-05-02,a8fb16f1411330e130d3de965ab9566abad2bed4494b479d532b26982bf317cf,1b5a1d9c3166c2b9d60fefc71f8e12d2c3d2f604b259d662e38310d39db6838b,,,,
sellc02,SellToken03,2023-05-14,559eb4960b432d4fa1392e4d65cda28a014cefe0e6886c640cfd27582f00dcd9,1b5a1d9c3166c2b9d60fefc71f8e12d2c3d2f604b259d662e38310d39db6838b,,,,
neverfall,NeverFall,2023-05-03,24887d71d881e9b3355abe95a52ecaa0d0c74111a215a55236b2edc74bf19ec4,1b5a1d9c3166c2b9d60fefc71f8e12d2c3d2f604b259d662e38310d39db6838b,,,,
sellc,SellToken01,2023-05-11,924f1e34730cb2111ed37a8a768a7ddea30ac55a29e91ab340aea3daee14fbcd,1b5a1d9c3166c2b9d60fefc71f8e12d2c3d2f604b259d662e38310d39db6838b,,,,
selltoken,SellToken02,2023-05-13,6852a28aadb71748b01358c5c5ecddfedfacbfff88805eab506ad83398787569,1b5a1d9c3166c2b9d60fefc71f8e12d2c3d2f604b259d662e38310d39db6838b,,,,
snk,SNK,2023-05-10,164582ee842565517c67f992eb087dbae90c1c25f531e9c0ccee407de7f74bf6,1b5a1d9c3166c2b9d60fefc71f8e12d2c3d2f604b259d662e38310d39db6838b,,,,
bunn,BUNN,2023-06-21,a1bf8e860d6d88279b97d92e86cc3dd50fada2f0a5420c604e4257c427ca6a6a,1b5a1d9c3166c2b9d60fefc71f8e12d2c3d2f604b259d662e38310d39db6838b,,,,
babydogecoin02,BabyDogeCoin02,2023-06-21,3274443c97c0b04665c742a6dc2e8931686164c4c17094d6d6ce92e4b318746f,1b5a1d9c3166c2b9d60fefc71f8e12d2c3d2f604b259d662e38310d39db6838b,,,,
compounderfinance,CompounderFinance,2023-06-07,7b7f23fad9d05da732c442a167795dff9925e20fb9fd35a7e51ceee315284d01,1b5a1d9c3166c2b9d60fefc71f8e12d2c3d2f604b259d662e38310d39db6838b,,,,
cellframe,Cellframenet,2023-06-01,22ee8da702b8ec402db2753585e434341c06afac1d5137b85dd787333536c903,1b5a1d9c3166c2b9d60fefc71f8e12d2c3d2f604b259d662e38310d39db6838b,,,,
biswap,Biswap,2023-06-30,2dbbab18564e61d8aafe54c973def4ca29776e7066596137b180fb6ba04aaedd,1b5a1d9c3166c2b9d60fefc71f8e12d2c3d2f604b259d662e38310d39db6838b,,,,
ddcoin,DDCoin,2023-06-01,f54389af142259a1d51bfe6d43dee6fc3e2630eb614f674bffa8e09b53d529d4,1b5a1d9c3166c2b9d60fefc71f8e12d2c3d2f604b259d662e38310d39db6838b,,,,
mimspell,MIMSpell,2023-06-20,5588b17b13b02b52ec1d5dc496ee8f513ab1a96a29e0aa08fef4e1f025460eba,1b5a1d9c3166c2b9d60fefc71f8e12d2c3d2f604b259d662e38310d39db6838b,,,,
myai,MyAi,2023-06-30,26ab177fd8aa6159d63dc2dcf177a33812dc1f463cddc89c7e193751bce4ab6c,1b5a1d9c3166c2b9d60fefc71f8e12d2c3d2f604b259d662e38310d39db6838b,,,,
pawnfi,Pawnfi,2023-06-17,abd97bbc4468d7f191f15759d29ba60c3e6de6f4fe1b1321caa6f89e54871295,1b5a1d9c3166c2b9d60fefc71f8e12d2c3d2f604b259d662e38310d39db6838b,,,,
sellc03,SellToken04,2023-06-11,839b537d4aa211c9efda4aff91e88a02372dac45f571e651571af2b7155e80f4,1b5a1d9c3166c2b9d60fefc71f8e12d2c3d2f604b259d662e38310d39db6838b,,,,
depusdt_levusdc,DEPUSDT_LEVUSDC,2023-06-15,6a971e7ce95ebc37b0bcb21a660b18ac4e244428132e8656d35c7d71996b6aaf,1b5a1d9c3166c2b9d60fefc71f8e12d2c3d2f604b259d662e38310d39db6838b,,,,
shido_2,SHIDO,2023-06-23,02f500349f984568ee26a4a76e055cc50cee94249fb6cd64987772f0187ecf20,1b5a1d9c3166c2b9d60fefc71f8e12d2c3d2f604b259d662e38310d39db6838b,,,,
un,UN,2023-06-06,5e59953a48ff30c9425ea46eecccba2a7b34bea95cb1c670419d299b8e284700,1b5a1d9c3166c2b9d60fefc71f8e12d2c3d2f604b259d662e38310d39db6838b,,,,
vinu,VINU,2023-06-06,7333d38d149657163985aec162e91b923b8c2dc1908977b70fffc7501213525e,1b5a1d9c3166c2b9d60fefc71f8e12d2c3d2f604b259d662e38310d39db6838b,,,,
sturdy,Sturdy Finance,2023-06-12,08c49ad305591fa542ed64d287a0e685ac6065855a132ac2e3fe4e641f762e94,1b5a1d9c3166c2b9d60fefc71f8e12d2c3d2f604b259d662e38310d39db6838b,,,,
bno,BNO,2023-07-18,2d18e200f289b7d72ff413afe5f914eedde0485a4acf79e2c6764c2247ac413f,1b5a1d9c3166c2b9d60fefc71f8e12d2c3d2f604b259d662e38310d39db6838b,,,,
apedao,APEDAO,2023-07-18,c99bb520e3259748253f1c1e9e009d9c6768476d9c079b38ca973243badbcfa8,1b5a1d9c3166c2b9d60fefc71f8e12d2c3d2f604b259d662e38310d39db6838b,,,,
bamboo,BambooIA,2023-07-04,c71d97c2735917906643a53564faea9d5a5805ca719ba7903fd7d4fb38be65d1,1b5a1d9c3166c2b9d60fefc71f8e12d2c3d2f604b259d662e38310d39db6838b,,,,
conic02,Conic Finance 02,2023-07-22,cf3764f4bf28c89963a6b607dff63415f068aa0793595862d68f9bbfefe5d86f,1b5a1d9c3166c2b9d60fefc71f8e12d2c3d2f604b259d662e38310d39db6838b,,,,
bao,BaoCommunity,2023-07-04,cb83300719c4e75f585516f21ddcd63ac49f1639611a086e0b6c78ee3dd65350,1b5a1d9c3166c2b9d60fefc71f8e12d2c3d2f604b259d662e38310d39db6838b,,,,
conic,Conic Finance,2023-07-21,92faf7fca921c724faa4765490b269435efa0f219fc65bf10a8a8a0df73679b0,1b5a1d9c3166c2b9d60fefc71f8e12d2c3d2f604b259d662e38310d39db6838b,,,,
conic_2,Conic Finance,2023-07-21,92faf7fca921c724faa4765490b269435efa0f219fc65bf10a8a8a0df73679b0,1b5a1d9c3166c2b9d60fefc71f8e12d2c3d2f604b259d662e38310d39db6838b,,,,
gymnet,GYMNET,2023-07-31,d83705236c566e6d4bc746c7d9ec9e70e95fba4e11fdc324176dbd03d9522540,1b5a1d9c3166c2b9d60fefc71f8e12d2c3d2f604b259d662e38310d39db6838b,,,,
ffist,FFIST,2023-07-20,91117a056e2e76070a468985f0b482382a42f791ead704211d1644b8b87194b2,1b5a1d9c3166c2b9d60fefc71f8e12d2c3d2f604b259d662e38310d39db6838b,,,,
mintofinance,MintoFinance,2023-07-23,aba56dfc99b4e2a2467bd75f35a51d9efd2dd0eeb478472eadac1d73a8e4eaee,1b5a1d9c3166c2b9d60fefc71f8e12d2c3d2f604b259d662e38310d39db6838b,,,,
newfi,NewFi,2023-07-17,cb1487b55e66a8cc6f1141f460c6d0b2ef847804fe15fc2f69802176b33b80ba,1b5a1d9c3166c2b9d60fefc71f8e12d2c3d2f604b259d662e38310d39db6838b,,,,
usdtstakingcontract28,USDTStakingContract28,2023-07-15,161cf06028a9979f51a35374287d6d6933d27c92fd9433282f7373f6636d32e0,1b5a1d9c3166c2b9d60fefc71f8e12d2c3d2f604b259d662e38310d39db6838b,,,,
utopia,Utopia,2023-07-20,47783ad47bdd3130ee1173942685b908e13fc6969fcc99f6bef4f5a79a3022f1,1b5a1d9c3166c2b9d60fefc71f8e12d2c3d2f604b259d662e38310d39db6838b,,,,
palmswap,Palmswap,2023-07-24,f39a223dc58ce3fcffccdff63277c149a9b83e2401ebbd06b0dabc2683133178,1b5a1d9c3166c2b9d60fefc71f8e12d2c3d2f604b259d662e38310d39db6838b,,,,
sut,SUT,2023-07-21,379dfcd9ba9b4c5d2a7b0887728c275c714ac9bece967d28d754d6f50894a17a,1b5a1d9c3166c2b9d60fefc71f8e12d2c3d2f604b259d662e38310d39db6838b,,,,
wgpt,WGPT,2023-07-12,aa3190bfdfa1fadc9310c4995070c4d31c2c4c651a3ecbaf779cda51492c7b3c,1b5a1d9c3166c2b9d60fefc71f8e12d2c3d2f604b259d662e38310d39db6838b,,,,
btc20,BTC20,2023-08-19,22b121acbfcc40154c0f0b48bf818e2f4561667799dd1d2dfb0320f73d3655ca,1b5a1d9c3166c2b9d60fefc71f8e12d2c3d2f604b259d662e38310d39db6838b,,,,
ehive,EHIVE,2023-08-21,b90f303b9792c571423fdf6fa220a018f3664860d2b524f62b39f6b38fefc56b,1b5a1d9c3166c2b9d60fefc71f8e12d2c3d2f604b259d662e38310d39db6838b,,,,
balancer,Balancer,2023-08-27,2874efeac1f3c130d422c24d482bf435af39a7b71926151d92f622c65c415660,1b5a1d9c3166c2b9d60fefc71f8e12d2c3d2f604b259d662e38310d39db6838b,,,,
eac,EAC,2023-08-29,bc218962d9ef63f3067269968d51defc1f4697fe5b8bf49c19452d3c3506e6ef,1b5a1d9c3166c2b9d60fefc71f8e12d2c3d2f604b259d662e38310d39db6838b,,,,
earningfram,EarningFram,2023-08-09,a3fcad17a2ae54c366de182933eab1c3d9da6f56c4e43f54fcfcae5b1549da60,1b5a1d9c3166c2b9d60fefc71f8e12d2c3d2f604b259d662e38310d39db6838b,,,,
leetswap,LeetSwap,2023-08-01,d45baeffbd8d4563718fe12155d11b46aa61b423de459a48dc6418be9cc3ee0a,1b5a1d9c3166c2b9d60fefc71f8e12d2c3d2f604b259d662e38310d39db6838b,,,,
uwerx,Uwerx,2023-08-02,543b26507e1d92c59fbbd12c55f643a672513fa1842572a45e2c7fe3007251a1,1b5a1d9c3166c2b9d60fefc71f8e12d2c3d2f604b259d662e38310d39db6838b,,,,
bfctoken,BFCToken,2023-09-09,b56ad2e3b4b45b8a6c41e0d11b45ff86503c9df226cf61725c734618e17876c6,1b5a1d9c3166c2b9d60fefc71f8e12d2c3d2f604b259d662e38310d39db6838b,,,,
floordao,FloorDAO,2023-09-05,f2773ef985532853a323b49018a6a4b5179f58faa0047bea333da99ede24e52b,1b5a1d9c3166c2b9d60fefc71f8e12d2c3d2f604b259d662e38310d39db6838b,,,,
heavensgate,HeavensGate,2023-09-05,aa049f6cdd223fb06f152c2f09320a78f3fa35c374da4fc053a9b791699527e2,1b5a1d9c3166c2b9d60fefc71f8e12d2c3d2f604b259d662e38310d39db6838b,,,,
kub_split,KubSplit,2023-09-24,c9c6d07740584932bd2016947c05ff9461413cd000452d86872ed8c1b51c4b1e,1b5a1d9c3166c2b9d60fefc71f8e12d2c3d2f604b259d662e38310d39db6838b,,,,
jumpfarm,JumpFarm,2023-09-05,0d0b062e1f0d40d4e6726d6175a56edd8cf39ac6144c15cfeea698f6448ea4c7,1b5a1d9c3166c2b9d60fefc71f8e12d2c3d2f604b259d662e38310d39db6838b,,,,
quantumwn,QuantumWN,2023-09-05,9fea35e24fa664c421d81962af5106dfdcad6cd39baa4ee715401d096783263a,1b5a1d9c3166c2b9d60fefc71f8e12d2c3d2f604b259d662e38310d39db6838b,,,,
uniclynft,uniclyNFT,2023-09-16,0db0d6c9904687a9776a665c0520cd1a78c808142ec840b562f94e2f4cb60377,1b5a1d9c3166c2b9d60fefc71f8e12d2c3d2f604b259d662e38310d39db6838b,,,,
bh,BH,2023-10-11,d1106cb47b8157ac5f170d68d85ccd44b5f16f7588cf5d6e6c0dcd7c76d4fd18,1b5a1d9c3166c2b9d60fefc71f8e12d2c3d2f604b259d662e38310d39db6838b,,,,
depayrouter,DePayRouter,2023-10-05,678451b45a53f4ee384c87cc3134587e84b856c5e44a23003787abf1ad5908a3,1b5a1d9c3166c2b9d60fefc71f8e12d2c3d2f604b259d662e38310d39db6838b,,,,
astrid,AstridProtocol,2023-10-28,1df4c4dc2d6d91e85e110d98993c38b3ee183c950028cddbdca2bdb4c36bc11e,1b5a1d9c3166c2b9d60fefc71f8e12d2c3d2f604b259d662e38310d39db6838b,,,,
hopelend,Hopelend,2023-10-18,ac3363b2ee8827a619f153f254a699bb2ff1a671a64d2945ea708e69bd5e5908,1b5a1d9c3166c2b9d60fefc71f8e12d2c3d2f604b259d662e38310d39db6838b,,,,
openleverage,OpenLeverage,2023-10-22,654f68a7a2afa70319c628bab97c627cb470f2f69b7a6e866b13a5689fc30f3d,1b5a1d9c3166c2b9d60fefc71f8e12d2c3d2f604b259d662e38310d39db6838b,,,,
zs,ZS,2023-10-08,b503ee263e167bb1e9fc5c91e7df46904eb33a13d2a864d82f3035214dc0fbf4,1b5a1d9c3166c2b9d60fefc71f8e12d2c3d2f604b259d662e38310d39db6838b,,,,
wiselending,WiseLending,2023-10-13,fe4ed68a0d11da3971450e0fc0bfe4d199e0e390deb63e1df86381c1747e3f10,1b5a1d9c3166c2b9d60fefc71f8e12d2c3d2f604b259d662e38310d39db6838b,,,,
pseudoeth,pSeudoEth,2023-10-08,7367a892fb5af9fd9f54b20be34fbf9f07f2c20629b7196b40d75f65936feb46,1b5a1d9c3166c2b9d60fefc71f8e12d2c3d2f604b259d662e38310d39db6838b,,,,
ktaf,kTAF,2023-10-19,91ed447eedeac861483bcb32fe39cf0f028a35e3a80b97590af5d896965fb3b4,1b5a1d9c3166c2b9d60fefc71f8e12d2c3d2f604b259d662e38310d39db6838b,,,,
3913,3913Token,2023-11-02,20362fa28aa1bb400084b54890828ea4b8659ffc51d056fb6bba1172b04e8731,1b5a1d9c3166c2b9d60fefc71f8e12d2c3d2f604b259d662e38310d39db6838b,,,,
burntbubba,Burntbubba,2023-11-29,366337a679c5ba2ed9ef400c4d32ebc352b5fe185180f081b8914db6a7eada2b,1b5a1d9c3166c2b9d60fefc71f8e12d2c3d2f604b259d662e38310d39db6838b,,,,
fiberrouter,FiberRouter,2023-11-28,95e91dd1b0cd068b0894f826cee24f481cbae5f53f92b24d7f8f5720604ba795,1b5a1d9c3166c2b9d60fefc71f8e12d2c3d2f604b259d662e38310d39db6838b,,,,
carolprotocol,CAROLProtocol,2023-11-30,9033a03fb8b67fb19794406d2629035a33362c3189cedc26dc77bdb8cb78c188,1b5a1d9c3166c2b9d60fefc71f8e12d2c3d2f604b259d662e38310d39db6838b,,,,
ehx,EHX,2023-11-15,a18c1d9fe7bf05d142752c8e0f8f37630c645e3812628dd1b9fefbc27a7b7fbf,1b5a1d9c3166c2b9d60fefc71f8e12d2c3d2f604b259d662e38310d39db6838b,,,,
mahalend,MahaLend,2023-11-11,06a6d113019acfeb5d11061532075f5f388fa6e5707881f5ed656071edc3ced3,1b5a1d9c3166c2b9d60fefc71f8e12d2c3d2f604b259d662e38310d39db6838b,,,,
swampfinance,SwampFinance,2023-11-01,eb471c333ebe8db5610ae95946d94aed50d9c24c5cffc4db6f38a5d78fde763c,1b5a1d9c3166c2b9d60fefc71f8e12d2c3d2f604b259d662e38310d39db6838b,,,,
raft,Raft_fi,2023-11-10,cd2bdd74e5aee1be8cba6a272c1b7db7894120764fc783c363fdac039aff50fe,1b5a1d9c3166c2b9d60fefc71f8e12d2c3d2f604b259d662e38310d39db6838b,,,,
rbalancer,RBalancer,2023-11-07,f98b66442523d7382a3a7b7768fa85a68ce5e95cf5aa81f7e5e42c6e811bd5f2,1b5a1d9c3166c2b9d60fefc71f8e12d2c3d2f604b259d662e38310d39db6838b,,,,
shibatoken,ShibaToken,2023-11-17,b7cada09b59c506a4279b6085113710972cd4b2e987982fdf0cf8f66a2f23e9e,1b5a1d9c3166c2b9d60fefc71f8e12d2c3d2f604b259d662e38310d39db6838b,,,,
weco,WECO,2023-11-16,14401dcdb399156770a4d9b4ffb98d2e2a6944a63b11fa8b97a631fe80020e24,1b5a1d9c3166c2b9d60fefc71f8e12d2c3d2f604b259d662e38310d39db6838b,,,,
thenftv2,TheNFTV2,2023-11-25,19f81547a90b10e10774cc280d2fe983bd9e783d44d5a7e1c549a539e3c657de,1b5a1d9c3166c2b9d60fefc71f8e12d2c3d2f604b259d662e38310d39db6838b,,,,
onyxprotocol,OnyxProtocol,2023-11-01,7116148618bbe8823ac7a52bfaf220ce1b34c08acf031c7c8981600fbd92b5a2,1b5a1d9c3166c2b9d60fefc71f8e12d2c3d2f604b259d662e38310d39db6838b,,,,
bct,BCT,2023-12-09,d383d3e9c327db3e9d2a87f0fc215949e69191db48a244738eb1159f162ba6e7,1b5a1d9c3166c2b9d60fefc71f8e12d2c3d2f604b259d662e38310d39db6838b,,,,
trustpad,TrustPad,2023-11-06,4d6b4d45d86c9c069ff296c83604a785dfcc737cd3d9b51d7a8bc3506f41a170,1b5a1d9c3166c2b9d60fefc71f8e12d2c3d2f604b259d662e38310d39db6838b,,,,
grok,grok,2023-11-10,e6dfdd6d17f539627a862d0a82813a66ea958dab84e88a02b14a2b1ac525fd46,1b5a1d9c3166c2b9d60fefc71f8e12d2c3d2f604b259d662e38310d39db6838b,,,,
goodcompound,GoodCompound,2023-12-11,7dc5d204b5cb5a34028972db2983f76e1a720919fabdf794e811acb9d09a6488,1b5a1d9c3166c2b9d60fefc71f8e12d2c3d2f604b259d662e38310d39db6838b,,,,
bearndao,BEARNDAO,2023-12-05,5dee561336da19644235b4f8c44cb6d54b8c7dde9d4fe0591286868da1ec2627,1b5a1d9c3166c2b9d60fefc71f8e12d2c3d2f604b259d662e38310d39db6838b,,,,
hypr,HYPR,2023-12-13,e3739679326c6468745c0daeac1cce1d40126fb342045cebba0b2f68c218a8c9,1b5a1d9c3166c2b9d60fefc71f8e12d2c3d2f604b259d662e38310d39db6838b,,,,
floorprotocol,FloorProtocol,2023-12-17,d552f58095a5c1b67278afdd5a9f1346ae00d63ce1b4de551a6e1b351e2523ad,1b5a1d9c3166c2b9d60fefc71f8e12d2c3d2f604b259d662e38310d39db6838b,,,,
xai,XAI,2023-11-15,61aa313d22ea002b4b00c6a6de0a36276886e72679c6ddb006a2b8795deb1a33,1b5a1d9c3166c2b9d60fefc71f8e12d2c3d2f604b259d662e38310d39db6838b,,,,
mamo,MAMO,2023-12-05,b179fe0d475faa52efde723526c07cfa6d03e48171fb2fddb5afc889107b6a26,1b5a1d9c3166c2b9d60fefc71f8e12d2c3d2f604b259d662e38310d39db6838b,,,,
gooddollar,GoodDollar,2023-12-16,6a95eea8103582c2f5632f1537abceaed8eff172c0887c3cc15a60354a1fd7d3,1b5a1d9c3166c2b9d60fefc71f8e12d2c3d2f604b259d662e38310d39db6838b,,,,
kest,KEST,2023-12-16,99d06bdb5b484c933c76644cf093265b2be4def011b3434388bdd1481f20e471,1b5a1d9c3166c2b9d60fefc71f8e12d2c3d2f604b259d662e38310d39db6838b,,,,
nfttrader,NFTTrader,2023-12-16,55ef990ada51be5cab3dba4ee4608c297453af35b523388f7a3290b3bc02400f,1b5a1d9c3166c2b9d60fefc71f8e12d2c3d2f604b259d662e38310d39db6838b,,,,
pineprotocol,PineProtocol,2023-12-22,88724faa3deeba2c694b22a6f2b8f554d6a452e55f7d5866e7fb67bbe517c669,1b5a1d9c3166c2b9d60fefc71f8e12d2c3d2f604b259d662e38310d39db6838b,,,,
cfc,CFC,2023-06-15,77b3284608b7251b4ae0b068d00f1561974249a2e86071fcc807e3196eb56a83,1b5a1d9c3166c2b9d60fefc71f8e12d2c3d2f604b259d662e38310d39db6838b,,,,
shido,SHIDO,2023-06-23,02f500349f984568ee26a4a76e055cc50cee94249fb6cd64987772f0187ecf20,1b5a1d9c3166c2b9d60fefc71f8e12d2c3d2f604b259d662e38310d39db6838b,,,,
paraspace,ParaSpace NFT,2023-03-17,f76325e990b992d20458c0d86b7fa77bba088347856fc8cd9d4bb12e33b3dfc0,1b5a1d9c3166c2b9d60fefc71f8e12d2c3d2f604b259d662e38310d39db6838b,,,,
allbridge_2,Allbridge,2023-04-02,9e6ba73f3f619cf65fc515389a80b649a51aa891855bd02aaed3938aad6973b1,1b5a1d9c3166c2b9d60fefc71f8e12d2c3d2f604b259d662e38310d39db6838b,,,,
lusd,LUSD,2023-07-07,548fa2554a015e3e4ac4533680e800fbfed217cea5fb939376b2e620239adfc3,1b5a1d9c3166c2b9d60fefc71f8e12d2c3d2f604b259d662e38310d39db6838b,,,,
gss,GSS,2023-08-24,0122f962f73ed6d70d7072a745df25f84bcc6f37a84e727e4be922b835e36529,1b5a1d9c3166c2b9d60fefc71f8e12d2c3d2f604b259d662e38310d39db6838b,,,,
xsdwethpool,XSDWETHpool,2023-09-26,5171a72c631a0930c60cf394ca3b8b53732efe7023d737f87503743b37eb8dc8,1b5a1d9c3166c2b9d60fefc71f8e12d2c3d2f604b259d662e38310d39db6838b,,,,
laeeb,LaEeb,2023-10-30,5d8182089bda62f6d5bf44380c6d651479cecf5301f21a488a6128e18fef824e,1b5a1d9c3166c2b9d60fefc71f8e12d2c3d2f604b259d662e38310d39db6838b,,,,
ais,AIS,2023-11-29,201fb0e192b801dcf1d6a5bd5cb66779a4a53d0312239f571733153ff40c12c6,1b5a1d9c3166c2b9d60fefc71f8e12d2c3d2f604b259d662e38310d39db6838b,,,,
hct,HCT,2023-09-07,9f533b702a0b779e816436d168cac8002a4e871939e3c2589b2e6b0e106533dc,1b5a1d9c3166c2b9d60fefc71f8e12d2c3d2f604b259d662e38310d39db6838b,,,,
lqdx_alert,LQDX,2024-01-10,d30061a939fbd172dd528982a413b74d964553eaf8a2aa841dbf758a368fee8e,db3b13fa1cbf75bffec4662240ebd762c5af6c92d2608b9aecde80a8d7802b08,,,,
bmizapper,BmiZapper,2024-01-17,3639359f34a51931ad664ca625decddd72117909a07861077bb648ff94277c3c,db3b13fa1cbf75bffec4662240ebd762c5af6c92d2608b9aecde80a8d7802b08,,,,
mic,MIC,2024-01-02,949c8d012eb705b561f67c12fe8ae383cc1da5479537f8f136bc7ad1b38971ff,db3b13fa1cbf75bffec4662240ebd762c5af6c92d2608b9aecde80a8d7802b08,,,,
barleyfinance,BarleyFinance,2024-01-28,db29e517b67f809a29faeda998ccaf52c5c2cdbf28690ee42a52da070f9c0dbb,db3b13fa1cbf75bffec4662240ebd762c5af6c92d2608b9aecde80a8d7802b08,,,,
mimspell2,MIMSpell,2024-01-30,7d204cc7ae208880f66356502374e7a7f0f35543be63f2bbaca9a9a8da3c9dd3,db3b13fa1cbf75bffec4662240ebd762c5af6c92d2608b9aecde80a8d7802b08,,,,
peapodsfinance,PeapodsFinance,2024-01-29,c5deade4aaa511c50cb8d90d1504dd401639fdb69b10edcef3754925cfa6f6cf,db3b13fa1cbf75bffec4662240ebd762c5af6c92d2608b9aecde80a8d7802b08,,,,
wiselending02,WiseLending,2024-01-12,50b2a0eee9425c4ead1268ef12814a6a8221bd166b4753b3889b49cacf3d3f14,db3b13fa1cbf75bffec4662240ebd762c5af6c92d2608b9aecde80a8d7802b08,,,,
socketgateway,SocketGateway,2024-01-12,2b4ce27886dead1cc4ae34b1a0a69a1ea6dd8104f38a47c8116ef22a96daefe4,db3b13fa1cbf75bffec4662240ebd762c5af6c92d2608b9aecde80a8d7802b08,,,,
wiselending03,WiseLending,2024-01-12,50b2a0eee9425c4ead1268ef12814a6a8221bd166b4753b3889b49cacf3d3f14,db3b13fa1cbf75bffec4662240ebd762c5af6c92d2608b9aecde80a8d7802b08,,,,
xsij,XSIJ,2024-01-30,c97b25d36a3fef48ca7bc8103e8c1d6e579339f997e43c74bb817ab44d6c87e4,db3b13fa1cbf75bffec4662240ebd762c5af6c92d2608b9aecde80a8d7802b08,,,,
adc,ADC,2024-02-02,a6aa25024b5c3c0ca953e7b98316fd7bea7461755f9dd2af8526f13f007c4aa3,db3b13fa1cbf75bffec4662240ebd762c5af6c92d2608b9aecde80a8d7802b08,,,,
affinedefi,AffineDeFi,2024-02-01,eb180fbd5bee6ef5019e8e555a2c17119054757202ebb0bf4a43a0dacaf00618,db3b13fa1cbf75bffec4662240ebd762c5af6c92d2608b9aecde80a8d7802b08,,,,
compounduni,CompoundUni,2024-02-23,ffcee63a14befeae862132a30476945ce2fde227a46721041038e0787bacfa20,db3b13fa1cbf75bffec4662240ebd762c5af6c92d2608b9aecde80a8d7802b08,,,,
burnsdefi,BurnsDefi,2024-02-05,265e1eac745e43e9ee9a6276b6b6ee88b14f5fe4d6df50467ee5f484defad84c,db3b13fa1cbf75bffec4662240ebd762c5af6c92d2608b9aecde80a8d7802b08,,,,
bob,Bob,2023-12-17,17f5d16399b99744915e61ff799b26570429e1006f523638a7966750b038ecb5,1b5a1d9c3166c2b9d60fefc71f8e12d2c3d2f604b259d662e38310d39db6838b,,,,
blueberryprotocol,BlueberryProtocol,2024-02-23,60aabd122c2d8b0061099f513c14957a2e5da4068f4db46d6a27ca467556cc05,db3b13fa1cbf75bffec4662240ebd762c5af6c92d2608b9aecde80a8d7802b08,,,,
deeznutz404,DeezNutz 404,2024-02-21,f6952ee7e82c2330ee34a5e0523ea1c385dd30587c5e8642f85c77ea465cd7b8,db3b13fa1cbf75bffec4662240ebd762c5af6c92d2608b9aecde80a8d7802b08,,,,
bzx2,bZxProtocol,2023-12-02,9fc1c25f3ca0e8392d8d191c970f073b19918428eb969b4ed2297cb5018c42bf,1b5a1d9c3166c2b9d60fefc71f8e12d2c3d2f604b259d662e38310d39db6838b,,,,
game,Game,2024-02-11,94218a4c59634455733d1e133df7bc0e2f2748862665e422d3583a86c46770ca,db3b13fa1cbf75bffec4662240ebd762c5af6c92d2608b9aecde80a8d7802b08,,,,
dualpools,DualPools,2024-02-15,bcaaf111f622e5eeae5e08b76b369ca38ef7be3bee6d3114848f7104456432d9,db3b13fa1cbf75bffec4662240ebd762c5af6c92d2608b9aecde80a8d7802b08,,,,
miner_bsc,MINER,2024-02-13,27d1222a244c0e8696cf08e8ac3f932d4a07a63c654a26fa0b5ea764e5747c47,db3b13fa1cbf75bffec4662240ebd762c5af6c92d2608b9aecde80a8d7802b08,,,,
particletrade,ParticleTrade,2024-02-16,c17093906d9fddeb7232d9d0103a9478c8297d0a7f3a7cbcc76ce13c9f834755,db3b13fa1cbf75bffec4662240ebd762c5af6c92d2608b9aecde80a8d7802b08,,,,
pandora,Pandora,2024-02-08,16591f0b417fe89d668500391323f06f3915d4146bee27f6d215479ca4c7ceb0,db3b13fa1cbf75bffec4662240ebd762c5af6c92d2608b9aecde80a8d7802b08,,,,
ruggedart,RuggedArt,2024-02-19,b96e4beae540039d7e5eb0ee288ff680aeccac877eb67d614b67e34f9a989e54,db3b13fa1cbf75bffec4662240ebd762c5af6c92d2608b9aecde80a8d7802b08,,,,
miner,Miner,2024-02-15,0775a94dcf7643f9030636f2a55469244d0a21be30cdce0696e51ed46424a1bd,db3b13fa1cbf75bffec4662240ebd762c5af6c92d2608b9aecde80a8d7802b08,,,,
seneca,Seneca,2024-02-28,b05abcad1d388f6ff123057d5f2c3487ce8e1eec7726cd59dbbee28367ebe03c,db3b13fa1cbf75bffec4662240ebd762c5af6c92d2608b9aecde80a8d7802b08,,,,
alp,ALP,2024-03-06,0de79cc11a059ace9aefeb2886e4c5ffb713f2bb9621c23cb169bbba910783bd,db3b13fa1cbf75bffec4662240ebd762c5af6c92d2608b9aecde80a8d7802b08,,,,
ethfin,ETHFIN,2024-03-29,f01386ab0de755e57cfd0f723a643a2e766247e7fcafcb7f81cb5b11143c8a61,db3b13fa1cbf75bffec4662240ebd762c5af6c92d2608b9aecde80a8d7802b08,,,,
ark,ARK,2024-03-24,e50a7bb3c2733107603adfed5372d02745bd5174cb3fdd84c7e6353a471e22c9,db3b13fa1cbf75bffec4662240ebd762c5af6c92d2608b9aecde80a8d7802b08,,,,
bbt,BBT,2024-03-12,9f2f49493c72fe8ff43d79ef586532411912c67d0983cfb540131258f49b21da,db3b13fa1cbf75bffec4662240ebd762c5af6c92d2608b9aecde80a8d7802b08,,,,
binemon,Binemon,2024-03-11,e8a887a999b4b3b770c4e49747a6390331349d4a954b8ab626726e5a4c9039a1,db3b13fa1cbf75bffec4662240ebd762c5af6c92d2608b9aecde80a8d7802b08,,,,
juice,Juice,2024-03-09,edf95975a839530d3698c70183349a2307d95b1085ccd96ab1b1ddac7ed034be,db3b13fa1cbf75bffec4662240ebd762c5af6c92d2608b9aecde80a8d7802b08,,,,
tgbs,TGBS,2024-03-06,dada65ea568337224ab95364259cae8ae28d0a3c01c7af53d4e10f0632ab8863,db3b13fa1cbf75bffec4662240ebd762c5af6c92d2608b9aecde80a8d7802b08,,,,
atm,ATM,2024-04-01,95cee1d24d8650f9da0c59a2a9aff8afbd3fdd0f132af668b75a59c276d78c2e,db3b13fa1cbf75bffec4662240ebd762c5af6c92d2608b9aecde80a8d7802b08,,,,
chaingefinance,ChaingeFinance,2024-04-15,7177e57a26a75280777bdd502119c6fb1d38129c8dcb82e0eadb355285b1e5da,db3b13fa1cbf75bffec4662240ebd762c5af6c92d2608b9aecde80a8d7802b08,,,,
fil314,FIL314,2024-04-12,19e1ba93150df827693daea4c2be72ca054e7604db321bcee0f958405e98cbd2,db3b13fa1cbf75bffec4662240ebd762c5af6c92d2608b9aecde80a8d7802b08,,,,
gfa,GFA,2024-04-15,858e84f822ad2f3a83fe2fb90327c14e4d0b69f1378e126433c6d807044c7072,db3b13fa1cbf75bffec4662240ebd762c5af6c92d2608b9aecde80a8d7802b08,,,,
hackathon,Hackathon,2024-04-14,b5624d43a70c90edbd8c0bd3d1f0371f59b3cb0e663515cc394e09736f6d6fbb,db3b13fa1cbf75bffec4662240ebd762c5af6c92d2608b9aecde80a8d7802b08,,,,
hoppyfrogerc,HoppyFrogERC,2024-04-02,bf3fd47a10acdd2313a5c52a3c1e2043ba7f7f250781dcd166ed5a2a7824c939,db3b13fa1cbf75bffec4662240ebd762c5af6c92d2608b9aecde80a8d7802b08,,,,
hedgeyfinance,HedgeyFinance,2024-04-19,da054823043fabcbaea1af2633f5fbfd808347c1eed7abc0810e4f2d10ddff04,db3b13fa1cbf75bffec4662240ebd762c5af6c92d2608b9aecde80a8d7802b08,,,,
ngfs,NGFS,2024-04-25,cdc98e342b5f20196760b8f3f3fa386d8ace8de704cd4376f967a19581aea5ff,db3b13fa1cbf75bffec4662240ebd762c5af6c92d2608b9aecde80a8d7802b08,,,,
satx,SATX,2024-04-16,175d3783beef60cdcf7797db25f9faa90f4ff8539e9df558f3bb259ec23aa21a,db3b13fa1cbf75bffec4662240ebd762c5af6c92d2608b9aecde80a8d7802b08,,,,
squid,SQUID,2024-04-08,9aeb0332c8dd2dcc094ae6b2e1d3d8e3ea2429456e4b640a45aea0a323a2fc94,db3b13fa1cbf75bffec4662240ebd762c5af6c92d2608b9aecde80a8d7802b08,,,,
ups,UPS,2024-04-09,51f78c033326ec8fd168324bd0ac45d36c26d4f1f940e092aad883cd7af4b139,db3b13fa1cbf75bffec4662240ebd762c5af6c92d2608b9aecde80a8d7802b08,,,,
openleverage2,OpenLeverage,2024-04-01,8928afa376159d465de3d9059561b81929a7a6678a01ddfd9373bddab7bfc12a,db3b13fa1cbf75bffec4662240ebd762c5af6c92d2608b9aecde80a8d7802b08,,,,
wsm,wsm,2024-04-04,6ebf183070e1711164de4a9e5441d20d49ab6642ebfb907bbad78b3ab459f279,db3b13fa1cbf75bffec4662240ebd762c5af6c92d2608b9aecde80a8d7802b08,,,,
z123,Z123,2024-04-22,e6a272d372505fb0eb121b5577cad10ae7ee0fe1346ec4cc2ff01c9d29be86b5,db3b13fa1cbf75bffec4662240ebd762c5af6c92d2608b9aecde80a8d7802b08,,,,
yiedl,YIEDL,2024-04-24,76033ec824db565b5b708643aaf40a4d7a0541b1c1fb24f9c12e012870dc58b7,db3b13fa1cbf75bffec4662240ebd762c5af6c92d2608b9aecde80a8d7802b08,,,,
burner,Burner,2024-05-22,9dd327b708361039ad9eae2dc3d7fcf60cbf785ebdb2c4212f6a6a3c93a1493a,db3b13fa1cbf75bffec4662240ebd762c5af6c92d2608b9aecde80a8d7802b08,,,,
excommunity,EXcommunity,2024-05-28,26d6230ac9333918e343cfd541228c24d7433528e51810166077f16609a20473,db3b13fa1cbf75bffec4662240ebd762c5af6c92d2608b9aecde80a8d7802b08,,,,
sumermoney,SumerMoney,2024-04-12,6cc89722848c536bcd753f43891230e7b3a988e74cdc7d55656ff1fc0078e409,db3b13fa1cbf75bffec4662240ebd762c5af6c92d2608b9aecde80a8d7802b08,,,,
metadragon,MetaDragon,2024-05-29,1e9b3302b8ae889be71e7956627b95c3c1ab4311ce3571bab3ad4d931b13ebd2,db3b13fa1cbf75bffec4662240ebd762c5af6c92d2608b9aecde80a8d7802b08,,,,
gpu,GPU,2024-05-08,027e56e1e787248ceae2146fecdfdac737957ba29b3ebceb2270e2aaee7c6622,db3b13fa1cbf75bffec4662240ebd762c5af6c92d2608b9aecde80a8d7802b08,,,,
liquiditytokens,Liquiditytokens,2024-05-31,a4cea0dac6a525cc4a4cce0b03ddd11e80fcb5432ec49be30d50c2300f1584ae,db3b13fa1cbf75bffec4662240ebd762c5af6c92d2608b9aecde80a8d7802b08,,,,
redkeyscoin,RedKeysCoin,2024-05-27,672316711fec40f5ea6c201714b27271557d853c8e4ab5fcd177a9e7d3210d23,db3b13fa1cbf75bffec4662240ebd762c5af6c92d2608b9aecde80a8d7802b08,,,,
normie,NORMIE,2024-05-26,1668476350face84c4047a54866f1d20196edb0343f825c46251fd24fff24262,db3b13fa1cbf75bffec4662240ebd762c5af6c92d2608b9aecde80a8d7802b08,,,,
osn,OSN,2024-05-06,878a5450867bc251fd18574d2e3f1a024904b760638fb6c3d600f58ca029b29e,db3b13fa1cbf75bffec4662240ebd762c5af6c92d2608b9aecde80a8d7802b08,,,,
tsuru,TSURU,2024-05-10,607e6288b33aa05c4c1e86e9ee60b010e010f81d934b22d13ecbb02d6185dde0,db3b13fa1cbf75bffec4662240ebd762c5af6c92d2608b9aecde80a8d7802b08,,,,
apemaga,APEMAGA,2024-06-27,1cc128736e14561a77c3b37726783777bcab7d3d2a38aa2eafa21d68ef076c79,db3b13fa1cbf75bffec4662240ebd762c5af6c92d2608b9aecde80a8d7802b08,,,,
crb2,Crb2,2024-06-16,d4776b2c0dd3e41c587fb086e813a82db68119563fed2cb7d67be2fad17ea62b,db3b13fa1cbf75bffec4662240ebd762c5af6c92d2608b9aecde80a8d7802b08,,,,
incufi,INcufi,2024-06-18,6250ecba3d8bd005ba1e2ac25a675355ca4c85f81f40c89b9498b2ba1c9d56fb,db3b13fa1cbf75bffec4662240ebd762c5af6c92d2608b9aecde80a8d7802b08,,,,
ncd,NCD,2024-06-04,6f85029f0b72cbbaa1d0fc7fbb5c18028f0421d573a709a115fe205e2ef5777b,db3b13fa1cbf75bffec4662240ebd762c5af6c92d2608b9aecde80a8d7802b08,,,,
tradeonorion,Tradeonorion,2024-05-28,ee395b7b8664604d26884bba4950beb883014e652e33621ab703f2e428213d69,db3b13fa1cbf75bffec4662240ebd762c5af6c92d2608b9aecde80a8d7802b08,,,,
dyson_money,Dyson_money,2024-06-17,6b70b83131463d105ba87674979eb794bf78d0434383b305cfcdbc206f5f160a,db3b13fa1cbf75bffec4662240ebd762c5af6c92d2608b9aecde80a8d7802b08,,,,
steamswap,SteamSwap,2024-06-06,865b131d37abdd3846e5b68ace04d63088c6bd7499aac7910abb432badb87bbe,db3b13fa1cbf75bffec4662240ebd762c5af6c92d2608b9aecde80a8d7802b08,,,,
wifcoin_eth,WIFCOIN_ETH,2024-06-16,02e5f7cd9678ba36d0bafc211d04a7af173bf52b2902e344ab64554d4d14f45d,db3b13fa1cbf75bffec4662240ebd762c5af6c92d2608b9aecde80a8d7802b08,,,,
jokinthebox,JokInTheBox,2024-06-11,5f333e23531dbcee19db71cc3769d32f1c42dd82ba38dbf97100e7a86fe6bf61,db3b13fa1cbf75bffec4662240ebd762c5af6c92d2608b9aecde80a8d7802b08,,,,
minestm,MineSTM,2024-06-06,05d9d847af27f132d31bcedb1a64626b948ace826f48da0b88ba16b91587cc7e,db3b13fa1cbf75bffec4662240ebd762c5af6c92d2608b9aecde80a8d7802b08,,,,
will,Will,2024-06-28,16d88ba48c4ac6c996656b8ca27e6b2073306268e38ddfcc41f9d4646377261a,db3b13fa1cbf75bffec4662240ebd762c5af6c92d2608b9aecde80a8d7802b08,,,,
lifiprotocol,Lifiprotocol,2024-07-16,e8e121d5de7030d1d274a4972ebd892379d40c8837495806c74495f2a9274b4d,db3b13fa1cbf75bffec4662240ebd762c5af6c92d2608b9aecde80a8d7802b08,,,,
uwulend_first,UwULend,2024-06-10,7e27bb03655f190748615cafa04070180604951c35d0f02142118ca72f5ed9d1,db3b13fa1cbf75bffec4662240ebd762c5af6c92d2608b9aecde80a8d7802b08,,,,
lw2,LW,2024-07-08,562c2bf8251f39c743b041c6b3317e9ce092efcd8a832b03b709dcaef35dd5da,db3b13fa1cbf75bffec4662240ebd762c5af6c92d2608b9aecde80a8d7802b08,,,,
uwulend_second,UwULend,2024-06-10,7e27bb03655f190748615cafa04070180604951c35d0f02142118ca72f5ed9d1,db3b13fa1cbf75bffec4662240ebd762c5af6c92d2608b9aecde80a8d7802b08,,,,
doughfina,DoughFina,2024-07-12,2335acf0887a379586c363fec975ab864083cce6a7c2c3a8ad7fbedb715b8130,db3b13fa1cbf75bffec4662240ebd762c5af6c92d2608b9aecde80a8d7802b08,,,,
mrp,MRP,2024-07-02,e060c2a1d41dd6c4682fc33ab0cb9e7939af9badf6cc1d0f328cda0621ffa293,db3b13fa1cbf75bffec4662240ebd762c5af6c92d2608b9aecde80a8d7802b08,,,,
defiplaza,DeFiPlaza,2024-07-05,2d8afd77adac1ebdad1aeb4157172d3a0f28b5d2d79d1dfe49808a1b97d6b8f5,db3b13fa1cbf75bffec4662240ebd762c5af6c92d2608b9aecde80a8d7802b08,,,,
sbt,SBT,2024-07-11,17405e0bf5a7276d789d4514a7423a4b31e180f06ff259581982046810c6efc3,db3b13fa1cbf75bffec4662240ebd762c5af6c92d2608b9aecde80a8d7802b08,,,,
yodlrouter,YodlRouter,2024-08-14,36acc17e9643c2cee1d7676b67516a6e87845f34933179f859fcd4b5de32b665,db3b13fa1cbf75bffec4662240ebd762c5af6c92d2608b9aecde80a8d7802b08,,,,
ompxcontract,OMPx Contract,2024-08-16,ad9ffb6dea1f9d35dbdc975d55d68981e8b91afebeb3862781d6042c530da459,db3b13fa1cbf75bffec4662240ebd762c5af6c92d2608b9aecde80a8d7802b08,,,,
ivestdao,iVest,2024-08-12,3e9d05606143ba2e59f912faca07eac1de876f180a999935f818fd4d5588d987,db3b13fa1cbf75bffec4662240ebd762c5af6c92d2608b9aecde80a8d7802b08,,,,
spectra_finance,Spectra_finance,2024-07-24,87023fdb4a96cd88d008c1da77ba300aff39d330f447d3aaa157166628821278,db3b13fa1cbf75bffec4662240ebd762c5af6c92d2608b9aecde80a8d7802b08,,,,
zenterest,Zenterest,2024-08-16,2a448a612293c9d84ff9cbe27ad819a7d38ad525d20b1906a248715619aed9ad,db3b13fa1cbf75bffec4662240ebd762c5af6c92d2608b9aecde80a8d7802b08,,,,
convergence,Convergence,2024-08-01,b8311c732b7cebbbb253467cc6bdb4cc1cbc33dedae240f24d6305d42124358e,db3b13fa1cbf75bffec4662240ebd762c5af6c92d2608b9aecde80a8d7802b08,,,,
bankroll,Bankroll_Network,2024-09-23,3c39a86665ecc26c9982889d59c366c58a1bdf8a29ae0c6b4be700b22fbc8666,db3b13fa1cbf75bffec4662240ebd762c5af6c92d2608b9aecde80a8d7802b08,,,,
caterpillar_coin_cut,Caterpillar_Coin_CUT,2024-09-10,cf32cd5a5a6b4da42050cc415153314d929909395b95937ca1248f0c79b71774,db3b13fa1cbf75bffec4662240ebd762c5af6c92d2608b9aecde80a8d7802b08,,,,
otseastaking,OTSeaStaking,2024-09-13,658f99af8543e5f9c74db757b63c9621b283f8d91aed1805b3a1f953901553e9,db3b13fa1cbf75bffec4662240ebd762c5af6c92d2608b9aecde80a8d7802b08,,,,
bedrock_defi,Bedrock_DeFi,2024-09-26,9aa197eace1fcf522dfd1ee2eebc75a566d3b810cb51e7b136536c595df81301,db3b13fa1cbf75bffec4662240ebd762c5af6c92d2608b9aecde80a8d7802b08,,,,
aizpttoken,AIZPTToken,2024-10-05,72807c8cebe2203904864485f9f63f2014d9c4a22a65b77ffbae3fd31b5786ac,db3b13fa1cbf75bffec4662240ebd762c5af6c92d2608b9aecde80a8d7802b08,,,,
onyxdao,OnyxDAO,2024-09-26,9313f6a01a70788eb7e77125e1eb2cf6cd2391d272fec34298301bd064e99f73,db3b13fa1cbf75bffec4662240ebd762c5af6c92d2608b9aecde80a8d7802b08,,,,
firetoken,FireToken,2024-10-01,6a099adc701f693ef503888008c6d702fd8ede71d6ddbb4d14f8845bf61f566c,db3b13fa1cbf75bffec4662240ebd762c5af6c92d2608b9aecde80a8d7802b08,,,,
hydt,HYDT,2024-10-10,d03b733d95e5e35cab9dba563e3ecb4185c482f5b3b124ebcce29958df36e9fa,db3b13fa1cbf75bffec4662240ebd762c5af6c92d2608b9aecde80a8d7802b08,,,,
sashatoken,SASHAToken,2024-10-06,ff95f733a3492e41e8a2411bcfdcba000fe21f3315c857351d3d8c346b3b903a,db3b13fa1cbf75bffec4662240ebd762c5af6c92d2608b9aecde80a8d7802b08,,,,
morphoblue,MorphoBlue,2024-10-13,d183dfa70752be760bff13a307b62b2dd981f393011e68cb3abffe1f99a43fa8,db3b13fa1cbf75bffec4662240ebd762c5af6c92d2608b9aecde80a8d7802b08,,,,
penpiexyzio,Penpiexyz_io,2024-09-03,718b51fd914b292ad81f374f7b05f598beb46923d3d6438ea5bf80ed0aa91bac,db3b13fa1cbf75bffec4662240ebd762c5af6c92d2608b9aecde80a8d7802b08,,,,
vista,Vista,2024-10-22,f7ec459e7280d79f1fa7ab6dd7bc9ad362da13664762a503ad3aec7309b64cd9,db3b13fa1cbf75bffec4662240ebd762c5af6c92d2608b9aecde80a8d7802b08,,,,
labubu,LABUBU Token,2024-12-10,19e682e9dfe45d9fa00557e81932420636f4a0abfa95a4b365c985496020ff07,db3b13fa1cbf75bffec4662240ebd762c5af6c92d2608b9aecde80a8d7802b08,,,,
pledge,Pledge,2024-12-03,bbd7857a04b61866f20b3ae8c1b80afc2339103d3359a42af7253db0c510a94b,db3b13fa1cbf75bffec4662240ebd762c5af6c92d2608b9aecde80a8d7802b08,,,,
veth,vETH,2024-11-14,fc813b43840d85f7d8d31498638a4b8e2ab8afb5d76cd912d0b9d119fb604418,db3b13fa1cbf75bffec4662240ebd762c5af6c92d2608b9aecde80a8d7802b08,,,,
gain,GAIN,2024-02-21,8481bf88380d95cfcd6dd0107aceb38157f92251d744f439b8d8322b5a858b82,db3b13fa1cbf75bffec4662240ebd762c5af6c92d2608b9aecde80a8d7802b08,,,,
it,IT,2024-03-13,24b3ff5aa8ea66c76b0175a2eb51abdd7641c659bb0e57687f8f765b165ca5bc,db3b13fa1cbf75bffec4662240ebd762c5af6c92d2608b9aecde80a8d7802b08,,,,
cloberdex,CloberDEX,2024-12-10,30394d79e505bad575a4eab456ad11a0e72a8b0db7dbae41a6053522f0f35850,db3b13fa1cbf75bffec4662240ebd762c5af6c92d2608b9aecde80a8d7802b08,,,,
98_token,98Token,2025-01-04,d7cab897fa212182e113a8929d53405302ae17d87f7911c1e92e29a44c417d82,d3b80fe4ed7198fc900616b269408c1d0485ef8f000f46d37adb75be862a4a9c,,,,
ast,Ast,2025-01-21,7b7a89fd412d9b417ccc04f2de16350b219139c4e166ff7202a34b4a7e9aae50,d3b80fe4ed7198fc900616b269408c1d0485ef8f000f46d37adb75be862a4a9c,,,,
ipc,IPC Incorrect burn pairs,2025-01-07,ddc79cd55c305763b5718c12d1e60770fa5b11982bab363fd06156b14c7cb62a,d3b80fe4ed7198fc900616b269408c1d0485ef8f000f46d37adb75be862a4a9c,,,,
xbridge,XBridge,2024-04-24,70e2ab58742aaf9a4e662227327ef2ae7b16b5e08895955bd63d80b4c12066b9,db3b13fa1cbf75bffec4662240ebd762c5af6c92d2608b9aecde80a8d7802b08,,,,
idols_nft,IdolsNFT,2025-01-14,868b9be18a0789554d921c0844e28292c78530ef4c77e73c58e41c2895ef3742,d3b80fe4ed7198fc900616b269408c1d0485ef8f000f46d37adb75be862a4a9c,,,,
j_pulsepot,JPulsepot,2025-01-10,3ee5050bda4d0e1f19bba7164803941d3b2da80284574919148fa049305d9bf3,d3b80fe4ed7198fc900616b269408c1d0485ef8f000f46d37adb75be862a4a9c,,,,
lp_mine,LPMine,2025-01-08,ec6abfb622ba7cade51ab49c3950a4d05f635e22cd6da425fb166d0a96b3ba0b,d3b80fe4ed7198fc900616b269408c1d0485ef8f000f46d37adb75be862a4a9c,,,,
laura_token,LAURAToken,2025-01-01,72269dc14a594a1f4452e72d8ea001033d3f1be142f70f99b4027eafc10a0124,d3b80fe4ed7198fc900616b269408c1d0485ef8f000f46d37adb75be862a4a9c,,,,
mosca2,Mosca2,2025-01-13,70bb53ada5ecbb7f223462e11d68819d493a025d0fc4181128e2a89cfe49358b,d3b80fe4ed7198fc900616b269408c1d0485ef8f000f46d37adb75be862a4a9c,,,,
roulette_pot_v2,RoulettePotV2,2025-01-11,310131f5e2fe880e77c795bd5b8dd0eaf979778a71f68e90b67e1720c300dcb4,d3b80fe4ed7198fc900616b269408c1d0485ef8f000f46d37adb75be862a4a9c,,,,
mosca,Mosca,2025-01-06,031f9fa4dfe59c92fb254ee28043c78e1b726a847fbdbb7eb3339c96b1e6a2b5,d3b80fe4ed7198fc900616b269408c1d0485ef8f000f46d37adb75be862a4a9c,,,,
unilend,Unilend,2025-01-12,8b1235715702a6ae2a395a08d4488b218dabd360ec651856bf11719a1229d1e6,d3b80fe4ed7198fc900616b269408c1d0485ef8f000f46d37adb75be862a4a9c,,,,
sorra_staking,SorStaking,2025-01-04,72a50ee9c275149333cffe99d7b140ed1c513f1e9e1e6e6dbf77a36c06971c18,d3b80fe4ed7198fc900616b269408c1d0485ef8f000f46d37adb75be862a4a9c,,,,
hegic_options,HegicOptions,2025-02-23,3c5be337e658080d19945815a4acf5adce8c404702901f9e3a3c48f7a173333c,d3b80fe4ed7198fc900616b269408c1d0485ef8f000f46d37adb75be862a4a9c,,,,
bbx_token,BBXToken,2025-03-20,7a596dfc7f7a7ad38424153f28bee003ce1597d2b2e33f59b7f5030d4d628d5d,d3b80fe4ed7198fc900616b269408c1d0485ef8f000f46d37adb75be862a4a9c,,,,
alkimiya_io,Alkimiya_IO,2025-03-28,3fae7e8ac1496e86223530df97c7bc816a2095404217ea01bd2e6db853d4db42,d3b80fe4ed7198fc900616b269408c1d0485ef8f000f46d37adb75be862a4a9c,,,,
dcf_token,DCFToken,2025-03-18,2cceae84d4d22dec183db761411df55b7c469d510ece8fcd3fd55973d0b0a91b,d3b80fe4ed7198fc900616b269408c1d0485ef8f000f46d37adb75be862a4a9c,,,,
h2o,H2O,2025-03-14,e04619f112b171c057a18685bf25f254c2c0f75f4324ac7e0ef535c288b06430,d3b80fe4ed7198fc900616b269408c1d0485ef8f000f46d37adb75be862a4a9c,,,,
one_inch_fusion_v1_settlement_hack,1inch FusionV1 Settlement,2025-03-05,c0e73fc9ba355b62bc560d2500f911f82ebe98ec7f52c7207c5ac3be26e252b2,d3b80fe4ed7198fc900616b269408c1d0485ef8f000f46d37adb75be862a4a9c,,,,
uni,UNI,2025-03-07,6b31614b83fddc60c8a340f80c4f42c9fd5b4bff989d430596b100e6397fa167,d3b80fe4ed7198fc900616b269408c1d0485ef8f000f46d37adb75be862a4a9c,,,,
pump,Pump,2025-03-04,fc2f2cdffec0ec51c4ae3a2e29e5deb1d0fce361ccb8fd7f569c0f526660743c,d3b80fe4ed7198fc900616b269408c1d0485ef8f000f46d37adb75be862a4a9c,,,,
yzi_ai_token,YziAI,2025-03-27,40b9f5217525ed17be6ee0941c1345c8f752f4d1dbf543b943c3d22018b74ecb,d3b80fe4ed7198fc900616b269408c1d0485ef8f000f46d37adb75be862a4a9c,,,,
btnft,BTNFT,2025-04-18,fa981b293f7e9d358d5a6f8216bfbd98bfe1b7ebf616d72d04b5e4e0fa161273,d3b80fe4ed7198fc900616b269408c1d0485ef8f000f46d37adb75be862a4a9c,,,,
lifeprotocol,Lifeprotocol,2025-04-26,e1faccda5bff74461c84c1bfde7a75781382f17ee9699a67d98ca046abda2277,d3b80fe4ed7198fc900616b269408c1d0485ef8f000f46d37adb75be862a4a9c,,,,
w_key_dao,wKeyDAO,2025-03-16,08b9cc6c8bbb81a82d7e3a613773bb8c5d1e9753e406079010d28524e7504c0d,d3b80fe4ed7198fc900616b269408c1d0485ef8f000f46d37adb75be862a4a9c,,,,
irys_ai,IRYSAI,2025-05-20,2c35d2c1397633cd9944e9d941c9f3aeec3f392166f4f97eb8f3f517a4c6841a,d3b80fe4ed7198fc900616b269408c1d0485ef8f000f46d37adb75be862a4a9c,,,,
krc_token_pair,KRC,2025-05-18,68ca49b7b394795a6e23aa81647e2241177135da090857b73976cd82755e9263,d3b80fe4ed7198fc900616b269408c1d0485ef8f000f46d37adb75be862a4a9c,,,,
ydt_token,YDT,2025-05-26,ff0f4c88f1d45384f5f7b78f1a8b7831af818f893dda537f8fbba0c6d087ca8b,d3b80fe4ed7198fc900616b269408c1d0485ef8f000f46d37adb75be862a4a9c,,,,
aave_boost,AAVEBoost,2025-06-12,74d7d330347502a2dbcdfaaddd850f3ae98c9dc9429a81679f2c8c859b27dd69,d3b80fe4ed7198fc900616b269408c1d0485ef8f000f46d37adb75be862a4a9c,,,,
usual_money,UsualMoney,2025-05-27,34ef2701e724d343ca2baba110514c4767a6eed9978461500dde7c8d7f3f17b7,d3b80fe4ed7198fc900616b269408c1d0485ef8f000f46d37adb75be862a4a9c,,,,
bankroll_network,BankrollNetwork,2025-06-19,327bf3cd443ea430ba68422dbd8cc422628addaca9efbdca3694a975b09c4cd1,d3b80fe4ed7198fc900616b269408c1d0485ef8f000f46d37adb75be862a4a9c,,,,
bankroll_stack,BankrollStack,2025-06-19,e91a6652ba97314bbdc6d92f2eccd85dd7bf20be172d47ca45491c3c72d2e58c,d3b80fe4ed7198fc900616b269408c1d0485ef8f000f46d37adb75be862a4a9c,,,,
gangsterfinance,Gangsterfinance,2025-06-20,baa0f2c2134ef6738578bf18ceb471d7dd9687170ab7de7fa6f360562b45ea6e,d3b80fe4ed7198fc900616b269408c1d0485ef8f000f46d37adb75be862a4a9c,,,,
gradient_maker_pool,GradientMakerPool,2025-06-23,80325a42bce63c4a8d42c098e71f7c71997a99f0bfd6283a04966b1ae295d8e1,d3b80fe4ed7198fc900616b269408c1d0485ef8f000f46d37adb75be862a4a9c,,,,
resupply_fi,ResupplyFi,2025-06-26,37ec9d57ee20099707c557a21daf7c4dadd7235e6de1408b9b96cb980421696c,d3b80fe4ed7198fc900616b269408c1d0485ef8f000f46d37adb75be862a4a9c,,,,
fpc,FPC,2025-07-02,faab9558aca606fac98dead93ef37b59a55acdf63bf0fe991966e4fd88cfc60e,d3b80fe4ed7198fc900616b269408c1d0485ef8f000f46d37adb75be862a4a9c,,,,
meta_pool,MetaPool,2025-06-17,6488e54ab448d35c1cc6772ca8b9c354721cba5273631dc569eed1b1c0d9e0f2,d3b80fe4ed7198fc900616b269408c1d0485ef8f000f46d37adb75be862a4a9c,,,,
multicall_with_eth,MulticallWithETH,2025-07-26,22e73698911b6cd456118a566e0b5ddece2b9e7defebea99680701d9070d7e2b,d3b80fe4ed7198fc900616b269408c1d0485ef8f000f46d37adb75be862a4a9c,,,,
rant_token,RANT,2025-07-05,42c9dfc3539948eff7d589cd59d879163020e3d8462343776b80b42f9329b4cc,d3b80fe4ed7198fc900616b269408c1d0485ef8f000f46d37adb75be862a4a9c,,,,
swapp_staking,SWAPPStaking,2025-07-24,e97c7209a78e10c67dc32776dab9db5078811a1918f43419341b3bb935852e2c,d3b80fe4ed7198fc900616b269408c1d0485ef8f000f46d37adb75be862a4a9c,,,,
stepp2p,Stepp2p,2025-07-20,85cc9dd27d13f97d2ca212b7c15e4cabaf13a6c77ae2e6c65ddda9ffdc2668f2,d3b80fe4ed7198fc900616b269408c1d0485ef8f000f46d37adb75be862a4a9c,,,,
abcc_app,ABCCApp,2025-08-23,191c4358b620a824bc91ec0f61d42b889fcd1400d64dc9304649c348cc66ed08,d3b80fe4ed7198fc900616b269408c1d0485ef8f000f46d37adb75be862a4a9c,,,,
grizzifi,Grizzifi,2025-08-13,a4ea865cb526c45e99f892fe9bc81a317a3e5ac8f59714be222a1511c830cd2a,d3b80fe4ed7198fc900616b269408c1d0485ef8f000f46d37adb75be862a4a9c,,,,
hexotic,Hexotic,2025-08-31,03be5bc6713f79673187842cfba7e4e83a030915ca5a31d8ab02bc52cfc8fe6f,d3b80fe4ed7198fc900616b269408c1d0485ef8f000f46d37adb75be862a4a9c,,,,
multicall_with_xera,MulticallWithXera,2025-08-20,287791b78eeddaf68d34134a19dbe1ed0aa6b70e77643c02c89aaef1b44370a4,d3b80fe4ed7198fc900616b269408c1d0485ef8f000f46d37adb75be862a4a9c,,,,
pdz,PDZ,2025-08-15,14d7899b0f759905857996a3f567b9eeb968588de7966661cd6cd811fcda2087,d3b80fe4ed7198fc900616b269408c1d0485ef8f000f46d37adb75be862a4a9c,,,,
size_credit,SizeCredit,2025-08-15,a0697c79c1d7b372a44805a85ce7b120686e946caca56e5748b803be2c328244,d3b80fe4ed7198fc900616b269408c1d0485ef8f000f46d37adb75be862a4a9c,,,,
mim_spell3,MIMSpell3,2025-10-04,9350c2c30f8f0aeeb3861f0101447586179cc71daacffb0b5af0b336f6a0918b,d3b80fe4ed7198fc900616b269408c1d0485ef8f000f46d37adb75be862a4a9c,,,,
prxvt,PRXVT,2026-01-01,57697fd15baa86700a16f2b49bb8ec5426225bf76709ec9ae98bebd29b40cd64,295e8ad6c3709d47a0489069bf9c7b1da50ff4d5b0e5c255dab0127f208db5c3,,,,
truebit,Truebit,2026-01-09,669c6b7030c49f285a5bb75c3e322a01c790aefa74c7227262a115eff585e049,295e8ad6c3709d47a0489069bf9c7b1da50ff4d5b0e5c255dab0127f208db5c3,,,,
mttoken,MTToken,2026-01-12,8b426ae0f356aa0cf3a92e974c64cd9e0e5ab0c4f7d085c257c4fde313396aa4,295e8ad6c3709d47a0489069bf9c7b1da50ff4d5b0e5c255dab0127f208db5c3,,,,
synaplogic,SynapLogic,2026-01-20,095cfb4d88c5fd72946d211ac489afaca9274134fda74d7ece0dbf2825bb5e55,295e8ad6c3709d47a0489069bf9c7b1da50ff4d5b0e5c255dab0127f208db5c3,,,,
makina,Makina,2026-01-20,b7451113225462d8efc9dad7190e230e03838e0717cd85888a2657d480916ac2,295e8ad6c3709d47a0489069bf9c7b1da50ff4d5b0e5c255dab0127f208db5c3,,,,
moonwell,Moonwell,2025-11-04,c8cd6b62d65e95dc4652d82b503ef54b45fe3ce22eb9cf23b0725d44cd090be5,d3b80fe4ed7198fc900616b269408c1d0485ef8f000f46d37adb75be862a4a9c,,,,
laxo_token,LAXO Token,2026-02-22,94135b68846d6daebe6329c49a8008f89f9a1e0d4d6dd866073cc807f1cb743b,295e8ad6c3709d47a0489069bf9c7b1da50ff4d5b0e5c255dab0127f208db5c3,,,,
curve_llamalend,Curve LlamaLend,2026-03-02,a9d92e0a4e28ff120c0f4565e6993a44b3e4da3ddf44bb0bdd442630ca6fede9,295e8ad6c3709d47a0489069bf9c7b1da50ff4d5b0e5c255dab0127f208db5c3,,,,
alkemi_earn,AlkemiEarn,2026-03-10,aaa1d6e33055c30a099f54a19913a83dbc55e9ea6dcea9a910b72c7b37fa373c,295e8ad6c3709d47a0489069bf9c7b1da50ff4d5b0e5c255dab0127f208db5c3,,,,
venus_the,Venus THE,2026-03-15,0c2a3805ebc0bad3c52911cdd15bffc0384f339dcd7c7d2708ab7b5f411e7b26,295e8ad6c3709d47a0489069bf9c7b1da50ff4d5b0e5c255dab0127f208db5c3,,,,
futureswap,FutureSwap,2026-01-10,861b38b464ba5520b3ac5295c4763b0a5f3a477bc63f6e32f82b60a533d5a9f4,295e8ad6c3709d47a0489069bf9c7b1da50ff4d5b0e5c255dab0127f208db5c3,,,,
est,EST Token,2026-03-27,cdca6d55c31db9b4fb2eaa5e627cd2b80177fb3488d3cf59357bd48bdd4ccdeb,295e8ad6c3709d47a0489069bf9c7b1da50ff4d5b0e5c255dab0127f208db5c3,,,,
