case_name,incident_name,protocol_candidate,mechanism_raw,mechanism_candidate,protocol_family,primary_root_cause,confidence,evidence_references
bancor,Bancor Protocol,bancor,Access Control,authorization_failure,,,,
opyn,Opyn Protocol,opyn,msgValue in loop,unassigned,,,,
bzx,bzx,bzx,Incorrect transfer,unassigned,,,,
cover,Cover Protocol,cover,Incorrect calculation via cached data,unassigned,,,,
pickle,Pickle Finance,pickle,Insufficient validation,unassigned,,,,
harvestfinance,Harvest Finance,harvestfinance,Flashloan Attack,unassigned,,,,
sushi_badger_digg,Sushi Badger Digg,sushi_badger_digg,Sandwich attack,transaction_ordering_or_mev,,,,
lendfme,LendfMe,lendfme,ERC777 Reentrancy,unassigned,,,,
yearn_ydai,Yearn YDai,yearn_ydai,Slippage proection absent,unassigned,,,,
uranium,Uranium,uranium,Miscalculation,unassigned,,,,
spartan,Spartan,spartan,Logic Flaw,business_logic_failure,,,,
dodo_flashloan,DODO,dodo_flashloan,Flashloan Attack,unassigned,,,,
pancakebunny,PancakeBunny,pancakebunny,Price Oracle Manipulation,unassigned,,,,
burgerswap,BurgerSwap,burgerswap,Mathematical flaw + Reentrancy,unassigned,,,,
88mph,88mph NFT,88mph,Access control,authorization_failure,,,,
eleven,Eleven Finance,eleven,Doesn’t burn shares,unassigned,,,,
xwin,xWin Finance,xwin,subscription-incentive-mechanism,unassigned,,,,
cream,Cream Finance,cream,Flashloan Attack + Reentrancy,unassigned,,,,
xsurge,XSURGE,xsurge,Flashloan Attack + Reentrancy,unassigned,,,,
nowswap,NowSwap Platform,nowswap,Incorrect calculation,unassigned,,,,
nimbus,Nimbus Platform,nimbus,Incorrect calculation,unassigned,,,,
waultfinance,WaultFinace,waultfinance,FlashLoan price manipulation,unassigned,,,,
sushimiso,SushiSwap Miso,sushimiso,Insufficient validation,unassigned,,,,
balancer_20200628,Balancer Protocol,balancer,Token Incompatible,token_semantics_mismatch,,,,
mono,MonoX Finance,mono,Price Manipulation,oracle_or_market_manipulation,,,,
ploutoz,Ploutoz,ploutoz,Flash Loan,unassigned,,,,
nervebridge,Nerve Bridge,nervebridge,Swap Metapool Attack,economic_state_manipulation,,,,
indexedfinance,Indexed Finance,indexedfinance,Price Manipulation,oracle_or_market_manipulation,,,,
visor,Visor Finance,visor,Reentrancy,unassigned,,,,
julswap,JulSwap,julswap,Flash Loan,unassigned,,,,
pancakehunny,PancakeHunny,pancakehunny,Incorrect calculation,unassigned,,,,
valuedefi,Value Defi,valuedefi,Cross Contract Reentrancy,unassigned,,,,
tecraspace,TecraSpace,tecraspace,Any token is destroyed,unassigned,,,,
sandbox,Sandbox LAND,sandbox,Access control,authorization_failure,,,,
compoundtusd,CompoundTUSDSweepTokenBypass,compoundtusd,Insufficient validation,unassigned,,,,
bearn,bEarn,bearn,Logic Flaw,business_logic_failure,,,,
anyswap,Multichain (Anyswap),anyswap,Insufficient Token Validation,unassigned,,,,
auctus,Auctus,auctus,Arbitrary Call,authorization_failure,,,,
paraluni,Paraluni,paraluni,Flashloan & Reentrancy,unassigned,,,,
qubit,Qubit Finance,qubit,Bridge address(0).safeTransferFrom() does not revert,unassigned,,,,
revest,Revest Finance,revest,Reentrancy,unassigned,,,,
umbrella,Umbrella Network,umbrella,Underflow,unassigned,,,,
cream_2,CreamFinance,cream,Price Manipulation,oracle_or_market_manipulation,,,,
akutarnft,Akutar NFT,akutarnft,Denial of Service,availability_failure,,,,
rikkei,Rikkei Finance,rikkei,Access control & Price Oracle Manipulation,unassigned,,,,
gym_1,GYMNetwork,gym,Flashloan + token migrate flaw,unassigned,,,,
cftoken,Creat Future,cftoken,Overflow,arithmetic_failure,,,,
rari,Rari Capital/Fei Protocol,rari,Flashloan Attack + Reentrancy,unassigned,,,,
wdoge,Wiener DOGE,wdoge,Flashloan,unassigned,,,,
zeed,Zeed Finance,zeed,Incorrect calculation,unassigned,,,,
bayc_apecoin,ApeCoin (APE),bayc_apecoin,Flashloan,unassigned,,,,
saddle,Saddle Finance,saddle,Swap Metapool Attack,economic_state_manipulation,,,,
discover,Discover,discover,Flashloan & Price Oracle Manipulation,unassigned,,,,
hackdao,HackDao,hackdao,Skim token balance,unassigned,,,,
inversefinance,InverseFinance,inversefinance,Flashloan & Price Oracle Manipulation,unassigned,,,,
gym_2,GYMNetwork,gym,Accesscontrol,unassigned,,,,
flippazone,FlippazOne NFT,flippazone,Accesscontrol,unassigned,,,,
lpc,LPC,lpc,"Business Logic Flaw : Incorrect recipient balance check, did not check sender!=recipient in transfer",unassigned,,,,
spacegodzilla,SpaceGodzilla,spacegodzilla,Flashloans & Price Manipulation,unassigned,,,,
snood,SNOOD,snood,Miscalculation on \_spendAllowance,unassigned,,,,
anch,ANCH,anch,Skim token balance,unassigned,,,,
audius,Audius,audius,Storage Collision & Malicious Proposal,unassigned,,,,
etnproduct,EtnProduct,etnproduct,Business Logic Flaw,unassigned,,,,
ddc,DDC,ddc,Unchecked External Calls,unassigned,,,,
luckytiger,LuckyTiger NFT,luckytiger,Predicting Random Numbers,unassigned,,,,
egd_finance,EGD Finance,egd_finance,Flashloans & Price Manipulation,unassigned,,,,
badguysbyrpf,Bad Guys by RPF,badguysbyrpf,Business Logic Flaw : Missing Check For Number of NFT to Mint,unassigned,,,,
xst_2,XSTABLE Protocol,xst,Incorrect Logic Check,unassigned,,,,
nomadbridge,Nomad Bridge,nomadbridge,Business Logic Flaw : Incorrect acceptable merkle-root checks,unassigned,,,,
bxh,BXH,bxh,Flashloan & Price Oracle Manipulation,unassigned,,,,
dpc,DPC,dpc,Incorrect Reward calculation,unassigned,,,,
shadowfi,ShadowFi,shadowfi,Access Control,authorization_failure,,,,
atk,ATK,atk,FlashLoan manipulate price,unassigned,,,,
bego,BEGO,bego,Incorrect signature verification,unassigned,,,,
babyswap,BabySwap,babyswap,Parameter Access Control,unassigned,,,,
roi,Ragnarok Online Invasion,roi,Broken Access Control,unassigned,,,,
thb,Thunder Brawl,thb,Reentrancy,unassigned,,,,
carrot,Carrot,carrot,Public functionCall,unassigned,,,,
eflevervault,EFLeverVault,eflevervault,Verify flashLoan Callback,unassigned,,,,
health,HEALTH,health,Transfer Logic Flaw,unassigned,,,,
hpay,HPAY,hpay,Access Control,authorization_failure,,,,
n00d,N00d Token,n00d,Reentrancy,unassigned,,,,
inuko,INUKO,inuko,FlashLoan price manipulation,unassigned,,,,
pltd,PLTD,pltd,Transfer Logic Flaw,unassigned,,,,
olympusdao,OlympusDAO,olympusdao,No input validation,unassigned,,,,
res,RES-Token,res,pair manipulate,unassigned,,,,
rl,RL Token,rl,Incorrect Reward calculation,unassigned,,,,
res_2,RES-Token,res,pair manipulate,unassigned,,,,
uerii,Uerii Token,uerii,Access Control,authorization_failure,,,,
templedao,Templedao,templedao,Insufficient access control,unassigned,,,,
vtf,VTF Token,vtf,Incorrect Reward calculation,unassigned,,,,
ulme,ULME,ulme,Access Control,authorization_failure,,,,
teamfinance,Team Finance,teamfinance,Liquidity Migration Exploit,unassigned,,,,
ulme_2,ULME,ulme,Access Control,authorization_failure,,,,
aur,AUR,aur,Lack of Permission Check,unassigned,,,,
annex,AnnexFinance,annex,Verify flashLoan Callback,unassigned,,,,
xavefinance,Xave Finance,xavefinance,Malicious Proposal Mint & Transfer Ownership,unassigned,,,,
bdex,BDEX,bdex,Business Logic Flaw,unassigned,,,,
kashi,Kashi,kashi,Price-caching Design Defect,unassigned,,,,
mbc_zzsh,MBC & ZZSH,mbc_zzsh,Business Logic Flaw & Access Control,unassigned,,,,
brahtopg,BrahTOPG,brahtopg,Arbitrary External Call Vulnerability,unassigned,,,,
num,NUM,num,Protocol Token incompatible,unassigned,,,,
sdao,sDAO,sdao,Business Logic Flaw,unassigned,,,,
dfx,DFXFinance,dfx,Reentrancy,unassigned,,,,
moocakectx,MooCAKECTX,moocakectx,FlashLoan Attack,unassigned,,,,
sheepfarm2,SheepFarm,sheepfarm,No input validation,unassigned,,,,
seaman,SEAMAN,seaman,Business Logic Flaw,unassigned,,,,
aes,AES (Deflationary token),aes,Business Logic Flaw & FlashLoan price manipulation,unassigned,,,,
sheepfarm,SheepFarm,sheepfarm,No input validation,unassigned,,,,
uearnpool,UEarnPool,uearnpool,FlashLoan Attack,unassigned,,,,
jay,JAY,jay,Insufficient validation + Reentrancy,unassigned,,,,
dfs,DFS,dfs,Insufficient validation + flashloan,unassigned,,,,
bgld,BGLD (Deflationary token),bgld,FlashLoan price manipulation,unassigned,,,,
rubic,Rubic,rubic,Arbitrary External Call Vulnerability,unassigned,,,,
tifi,TIFIToken,tifi,FlashLoan price manipulation,unassigned,,,,
qixi,Qixi,qixi,Underflow,unassigned,,,,
xcarnival,XCarnival,xcarnival,Infinite Number of Loans,unassigned,,,,
novo,NOVO Protocol,novo,Flashloan & Price Oracle Manipulation,unassigned,,,,
xst,XSTABLE Protocol,xst,Incorrect Logic Check,unassigned,,,,
bbox,BBOX,bbox,FlashLoan price manipulation,unassigned,,,,
nmbplatform,Nmbplatform,nmbplatform,FlashLoan price manipulation,unassigned,,,,
rfb,RFB,rfb,Predicting Random Numbers,unassigned,,,,
shoco,SHOCO,shoco,Reflection token,unassigned,,,,
qtn,QTNToken,qtn,business logic flaw,unassigned,,,,
tinu,TINU,tinu,Reflection token,unassigned,,,,
bra,BRA,bra,Business Logic Flaw,unassigned,,,,
bevo,BEVO,bevo,Reflection token,unassigned,,,,
omniestate,OmniEstate,omniestate,No Input Parameter Check,unassigned,,,,
gds,GDS,gds,Business Logic Flaw,unassigned,,,,
ufdao,UFDao,ufdao,Incorrect Parameter Setting,unassigned,,,,
upswing,UPSToken,upswing,business logic flaw,unassigned,,,,
roefinance,RoeFinance,roefinance,FlashLoan price manipulation,unassigned,,,,
efvault,EFVault,efvault,Storage Collision,unassigned,,,,
fdp,FDP,fdp,Reflection token,unassigned,,,,
dexible,Dexible,dexible,Arbitrary External Call Vulnerability,unassigned,,,,
dyna,DYNA,dyna,Business Logic Flaw,unassigned,,,,
revertfinance,RevertFinance,revertfinance,Arbitrary External Call Vulnerability,unassigned,,,,
starlink,Starlink,starlink,Business Logic Flaw,unassigned,,,,
bigfi,BIGFI,bigfi,Reflection token,unassigned,,,,
sheep,Sheep,sheep,Reflection token,unassigned,,,,
orion,Orion Protocol,orion,Reentrancy,unassigned,,,,
poolz,Poolz,poolz,integer overflow,unassigned,,,,
allbridge,Allbridge,allbridge,FlashLoan price manipulation,unassigned,,,,
dbw,DBW,dbw,Business Logic Flaw,unassigned,,,,
axioma,Axioma,axioma,Business Logic Flaw,unassigned,,,,
olife,OLIFE,olife,Reflection token,unassigned,,,,
sushi_router,SushiSwap,sushi_router,Unchecked User Input,unassigned,,,,
safemoon,SafeMoon Hack,safemoon,Access Control,authorization_failure,,,,
swapos,Swapos V2,swapos,error k value Attack,unassigned,,,,
yearnfinance,yearnFinance,yearnfinance,Misconfiguration,unassigned,,,,
babydogecoin,BabyDogeCoin,babydogecoin,Lack Slippage Protection,unassigned,,,,
silo_finance,Silo finance,silo_finance,Business Logic Flaw,unassigned,,,,
bitpaidio,Bitpaidio,bitpaidio,Business Logic Flaw,unassigned,,,,
fapen,FAPEN,fapen,Wrong balance check,unassigned,,,,
erc20tokenbank,ERC20TokenBank,erc20tokenbank,Price Manipulation,oracle_or_market_manipulation,,,,
cs,CS Token,cs,Outdated Global Variable,unassigned,,,,
hodlcapital,HODL,hodlcapital,Reflection token,unassigned,,,,
melo,Melo,melo,Access Control,authorization_failure,,,,
lw,LW,lw,FlashLoan Price Manipulation,unassigned,,,,
multichaincapital,MCC,multichaincapital,Reflection token,unassigned,,,,
level,Level,level,Business Logic Flaw,unassigned,,,,
sellc02,SellToken03,sellc,Unchecked User Input,unassigned,,,,
neverfall,NeverFall,neverfall,Price Manipulation,oracle_or_market_manipulation,,,,
sellc,SellToken01,sellc,Business Logic Flaw,unassigned,,,,
selltoken,SellToken02,selltoken,Price Manipulation,oracle_or_market_manipulation,,,,
snk,SNK,snk,Reward Calculation Error,unassigned,,,,
bunn,BUNN,bunn,Reflection tokens,unassigned,,,,
babydogecoin02,BabyDogeCoin02,babydogecoin,Lack Slippage Protection,unassigned,,,,
compounderfinance,CompounderFinance,compounderfinance,Manipulation of funds through fluctuations in the amount of exchangeable assets,unassigned,,,,
cellframe,Cellframenet,cellframe,Calculation issues during liquidity migration,unassigned,,,,
biswap,Biswap,biswap,V3Migrator Exploit,unassigned,,,,
ddcoin,DDCoin,ddcoin,Flashloan attack and smart contract vulnerability,unassigned,,,,
mimspell,MIMSpell,mimspell,Arbitrary External Call Vulnerability,unassigned,,,,
myai,MyAi,myai,Business Logic,unassigned,,,,
pawnfi,Pawnfi,pawnfi,Business Logic Flaw,unassigned,,,,
sellc03,SellToken04,sellc,Price Manipulation,oracle_or_market_manipulation,,,,
depusdt_levusdc,DEPUSDT_LEVUSDC,depusdt_levusdc,Incorrect access control,unassigned,,,,
shido_2,SHIDO,shido,Business Logic,unassigned,,,,
un,UN,un,Price Manipulation,oracle_or_market_manipulation,,,,
vinu,VINU,vinu,Price Manipulation,oracle_or_market_manipulation,,,,
sturdy,Sturdy Finance,sturdy,Read-Only-Reentrancy,unassigned,,,,
bno,BNO,bno,Invalid emergency withdraw mechanism,unassigned,,,,
apedao,APEDAO,apedao,Business Logic Flaw,unassigned,,,,
bamboo,BambooIA,bamboo,Price manipulation attack,unassigned,,,,
conic02,Conic Finance 02,conic,Price Manipulation,oracle_or_market_manipulation,,,,
bao,BaoCommunity,bao,Donate Inflation ExchangeRate && Rounding Error,unassigned,,,,
conic,Conic Finance,conic,Read-Only-Reentrancy && MisConfiguration,unassigned,,,,
conic_2,Conic Finance,conic,Read-Only-Reentrancy && MisConfiguration,unassigned,,,,
gymnet,GYMNET,gymnet,Insufficient validation,unassigned,,,,
ffist,FFIST,ffist,Business Logic Flaw,unassigned,,,,
mintofinance,MintoFinance,mintofinance,Signature Replay,unassigned,,,,
newfi,NewFi,newfi,Lack Slippage Protection,unassigned,,,,
usdtstakingcontract28,USDTStakingContract28,usdtstakingcontract,Lack of access control,unassigned,,,,
utopia,Utopia,utopia,Business Logic Flaw,unassigned,,,,
palmswap,Palmswap,palmswap,Business Logic Flaw,unassigned,,,,
sut,SUT,sut,Business Logic Flaw,unassigned,,,,
wgpt,WGPT,wgpt,Business Logic Flaw,unassigned,,,,
btc20,BTC20,btc,Price Manipulation,oracle_or_market_manipulation,,,,
ehive,EHIVE,ehive,Business Logic Flaw,unassigned,,,,
balancer,Balancer,balancer,Rounding Error && Business Logic Flaw,unassigned,,,,
eac,EAC,eac,Price Manipulation,oracle_or_market_manipulation,,,,
earningfram,EarningFram,earningfram,Reentrancy,unassigned,,,,
leetswap,LeetSwap,leetswap,Access Control,authorization_failure,,,,
uwerx,Uwerx,uwerx,Fault logic,unassigned,,,,
bfctoken,BFCToken,bfctoken,Business Logic Flaw,unassigned,,,,
floordao,FloorDAO,floordao,Rebasing logic issue,unassigned,,,,
heavensgate,HeavensGate,heavensgate,Rebasing logic issue,unassigned,,,,
kub_split,KubSplit,kub_split,Pool manipulation,unassigned,,,,
jumpfarm,JumpFarm,jumpfarm,Rebasing logic issue,unassigned,,,,
quantumwn,QuantumWN,quantumwn,Rebasing logic issue,unassigned,,,,
uniclynft,uniclyNFT,uniclynft,Reentrancy,unassigned,,,,
bh,BH,bh,Price manipulation,oracle_or_market_manipulation,,,,
depayrouter,DePayRouter,depayrouter,Business Logic Flaw,unassigned,,,,
astrid,AstridProtocol,astrid,Business Logic Flaw,unassigned,,,,
hopelend,Hopelend,hopelend,Div Precision Loss,unassigned,,,,
openleverage,OpenLeverage,openleverage,Business Logic Flaw,unassigned,,,,
zs,ZS,zs,Business Logic Flaw,unassigned,,,,
wiselending,WiseLending,wiselending,Donate Inflation ExchangeRate && Rounding Error,unassigned,,,,
pseudoeth,pSeudoEth,pseudoeth,Pool manipulation,unassigned,,,,
ktaf,kTAF,ktaf,CompoundV2 Inflation Attack,unassigned,,,,
3913,3913Token,unknown,Deflationary Token Attack,unassigned,,,,
burntbubba,Burntbubba,burntbubba,Price Manipulation,oracle_or_market_manipulation,,,,
fiberrouter,FiberRouter,fiberrouter,input validation,unassigned,,,,
carolprotocol,CAROLProtocol,carolprotocol,Price Manipulation Via Reentrancy,unassigned,,,,
ehx,EHX,ehx,Lack of Slippage Control,unassigned,,,,
mahalend,MahaLend,mahalend,Donate Inflation ExchangeRate & Rounding Error,unassigned,,,,
swampfinance,SwampFinance,swampfinance,Business Logic Flaw,unassigned,,,,
raft,Raft_fi,raft,Donate Inflation ExchangeRate & Rounding Error,unassigned,,,,
rbalancer,RBalancer,rbalancer,Business Logic Flaw,unassigned,,,,
shibatoken,ShibaToken,shibatoken,Business Logic Flaw,unassigned,,,,
weco,WECO,weco,Business Logic Flaw,unassigned,,,,
thenftv2,TheNFTV2,thenft,logic flaw,business_logic_failure,,,,
onyxprotocol,OnyxProtocol,onyxprotocol,Precission Loss Vulnerability,unassigned,,,,
bct,BCT,bct,Price Manipulation,oracle_or_market_manipulation,,,,
trustpad,TrustPad,trustpad,Lack of msg.sender address verification,unassigned,,,,
grok,grok,grok,Lack of slippage protection,unassigned,,,,
goodcompound,GoodCompound,goodcompound,Price Manipulation,oracle_or_market_manipulation,,,,
bearndao,BEARNDAO,bearndao,Business Logic Flaw,unassigned,,,,
hypr,HYPR,hypr,Business Logic Flaw,unassigned,,,,
floorprotocol,FloorProtocol,floorprotocol,Business Logic Flaw,unassigned,,,,
xai,XAI,xai,Business Logic Flaw,unassigned,,,,
mamo,MAMO,mamo,Price Manipulation,oracle_or_market_manipulation,,,,
gooddollar,GoodDollar,gooddollar,Lack of Input Validation & Reentrancy,unassigned,,,,
kest,KEST,kest,Business Logic Flaw,unassigned,,,,
nfttrader,NFTTrader,nfttrader,Reentrancy,unassigned,,,,
pineprotocol,PineProtocol,pineprotocol,Business Logic Flaw,unassigned,,,,
cfc,CFC,cfc,Uniswap Skim() token balance attack,unassigned,,,,
shido,SHIDO,shido,Business Logic,unassigned,,,,
paraspace,ParaSpace NFT,paraspace,Flashloan + scaledBalanceOf Manipulation,unassigned,,,,
allbridge_2,Allbridge,allbridge,FlashLoan price manipulation,unassigned,,,,
lusd,LUSD,lusd,Price manipulation attack,unassigned,,,,
gss,GSS,gss,skim token balance,unassigned,,,,
xsdwethpool,XSDWETHpool,xsdwethpool,Reentrancy,unassigned,,,,
laeeb,LaEeb,laeeb,Lack Slippage Protection,unassigned,,,,
ais,AIS,ais,Insufficient validation,unassigned,,,,
hct,HCT,hct,Price Manipulation,oracle_or_market_manipulation,,,,
lqdx_alert,LQDX,lqdx_alert,Unauthorized TransferFrom,unassigned,,,,
bmizapper,BmiZapper,bmizapper,Arbitrary external call vulnerability,unassigned,,,,
mic,MIC,mic,Business Logic Flaw,unassigned,,,,
barleyfinance,BarleyFinance,barleyfinance,Reentrancy,unassigned,,,,
mimspell2,MIMSpell,mimspell,Precission Loss,unassigned,,,,
peapodsfinance,PeapodsFinance,peapodsfinance,Reentrancy,unassigned,,,,
wiselending02,WiseLending,wiselending,Bad HealthFactor Check,unassigned,,,,
socketgateway,SocketGateway,socketgateway,Lack of calldata validation,unassigned,,,,
wiselending03,WiseLending,wiselending,Bad HealthFactor Check,unassigned,,,,
xsij,XSIJ,xsij,Business Logic Flaw,unassigned,,,,
adc,ADC,adc,incorrect-access-control,unassigned,,,,
affinedefi,AffineDeFi,affinedefi,lack of validation userData,unassigned,,,,
compounduni,CompoundUni,compounduni,Oracle bad price,unassigned,,,,
burnsdefi,BurnsDefi,burnsdefi,Price Manipulation,oracle_or_market_manipulation,,,,
bob,Bob,bob,Price Manipulation,oracle_or_market_manipulation,,,,
blueberryprotocol,BlueberryProtocol,blueberryprotocol,logic flaw,business_logic_failure,,,,
deeznutz404,DeezNutz 404,deeznutz,lack of validation,unassigned,,,,
bzx2,bZxProtocol,bzx,Inflation Attack,unassigned,,,,
game,Game,game,Reentrancy && Business Logic Flaw,unassigned,,,,
dualpools,DualPools,dualpools,precision truncation,unassigned,,,,
miner_bsc,MINER,miner_bsc,Price Manipulation,oracle_or_market_manipulation,,,,
particletrade,ParticleTrade,particletrade,lack of validation data,unassigned,,,,
pandora,Pandora,pandora,Integer Underflow,unassigned,,,,
ruggedart,RuggedArt,ruggedart,reentrancy,unassigned,,,,
miner,Miner,miner,lack of validation dst address,unassigned,,,,
seneca,Seneca,seneca,Arbitrary External Call Vulnerability,unassigned,,,,
alp,ALP,alp,Public internal function,unassigned,,,,
ethfin,ETHFIN,ethfin,lack of access control,unassigned,,,,
ark,ARK,ark,business logic flaw,unassigned,,,,
bbt,BBT,bbt,business logic flaw,unassigned,,,,
binemon,Binemon,binemon,precission-loss,unassigned,,,,
juice,Juice,juice,Business Logic Flaw,unassigned,,,,
tgbs,TGBS,tgbs,Business Logic Flaw,unassigned,,,,
atm,ATM,atm,business logic flaw,unassigned,,,,
chaingefinance,ChaingeFinance,chaingefinance,Arbitrary External Call,unassigned,,,,
fil314,FIL314,fil,Insufficient Validation And Price Manipulation,unassigned,,,,
gfa,GFA,gfa,business-logic-flaw,unassigned,,,,
hackathon,Hackathon,hackathon,business logic flaw,unassigned,,,,
hoppyfrogerc,HoppyFrogERC,hoppyfrogerc,business logic flaw,unassigned,,,,
hedgeyfinance,HedgeyFinance,hedgeyfinance,Logic Flaw,business_logic_failure,,,,
ngfs,NGFS,ngfs,Bad Access Control,unassigned,,,,
satx,SATX,satx,Logic Flaw,business_logic_failure,,,,
squid,SQUID,squid,sandwich attack,transaction_ordering_or_mev,,,,
ups,UPS,ups,business logic flaw,unassigned,,,,
openleverage2,OpenLeverage,openleverage,business logic flaw,unassigned,,,,
wsm,wsm,wsm,manipulating price,unassigned,,,,
z123,Z123,z,price manipulation,oracle_or_market_manipulation,,,,
yiedl,YIEDL,yiedl,Input Validation,unassigned,,,,
burner,Burner,burner,sandwich ack,unassigned,,,,
excommunity,EXcommunity,excommunity,Business Logic Flaw,unassigned,,,,
sumermoney,SumerMoney,sumermoney,Reentrancy,unassigned,,,,
metadragon,MetaDragon,metadragon,Lack of Access Control,unassigned,,,,
gpu,GPU,gpu,self transfer,unassigned,,,,
liquiditytokens,Liquiditytokens,liquiditytokens,Business Logic Flaw,unassigned,,,,
redkeyscoin,RedKeysCoin,redkeyscoin,Weak RNG,unassigned,,,,
normie,NORMIE,normie,Business Logic Flaw,unassigned,,,,
osn,OSN,osn,Reward Distribution Problem,unassigned,,,,
tsuru,TSURU,tsuru,Insufficient Validation,unassigned,,,,
apemaga,APEMAGA,apemaga,business logic flaw,unassigned,,,,
crb2,Crb2,crb,business logic flaw,unassigned,,,,
incufi,INcufi,incufi,business logic flaw,unassigned,,,,
ncd,NCD,ncd,Business Logic Flaw,unassigned,,,,
tradeonorion,Tradeonorion,tradeonorion,Business Logic Flaw,unassigned,,,,
dyson_money,Dyson_money,dyson_money,business logic flaw,unassigned,,,,
steamswap,SteamSwap,steamswap,Logic Flaw,business_logic_failure,,,,
wifcoin_eth,WIFCOIN_ETH,wifcoin_eth,business logic flaw,unassigned,,,,
jokinthebox,JokInTheBox,jokinthebox,business logic flaw,unassigned,,,,
minestm,MineSTM,minestm,Business Logic Flaw,unassigned,,,,
will,Will,will,business logic flaw,unassigned,,,,
lifiprotocol,Lifiprotocol,lifiprotocol,Incorrect input validation,unassigned,,,,
uwulend_first,UwULend,uwulend,Price Manipulation,oracle_or_market_manipulation,,,,
lw2,LW,lw,Integer Underflow,unassigned,,,,
uwulend_second,UwULend,uwulend,Price Manipulation,oracle_or_market_manipulation,,,,
doughfina,DoughFina,doughfina,Incorrect input validation,unassigned,,,,
mrp,MRP,mrp,Reentrancy,unassigned,,,,
defiplaza,DeFiPlaza,defiplaza,loss of precision,unassigned,,,,
sbt,SBT,sbt,business logic flaw,unassigned,,,,
yodlrouter,YodlRouter,yodlrouter,Arbitrary Call,authorization_failure,,,,
ompxcontract,OMPx Contract,ompxcontract,FlashLoan,unassigned,,,,
ivestdao,iVest,ivestdao,Business logic flaw,unassigned,,,,
spectra_finance,Spectra_finance,spectra_finance,Incorrect input validation,unassigned,,,,
zenterest,Zenterest,zenterest,Price Out Of Date,unassigned,,,,
convergence,Convergence,convergence,Incorrect input validation,unassigned,,,,
bankroll,Bankroll_Network,bankroll,Incorrect input validation,unassigned,,,,
caterpillar_coin_cut,Caterpillar_Coin_CUT,caterpillar_coin_cut,Price Manipulation,oracle_or_market_manipulation,,,,
otseastaking,OTSeaStaking,otseastaking,Logic Flaw,business_logic_failure,,,,
bedrock_defi,Bedrock_DeFi,bedrock_defi,Swap ETH/BTC 1/1 in mint function,unassigned,,,,
aizpttoken,AIZPTToken,aizpttoken,Wrong Price Calculation,unassigned,,,,
onyxdao,OnyxDAO,onyxdao,Fake Market,unassigned,,,,
firetoken,FireToken,firetoken,Pair Manipulation With Transfer Function,unassigned,,,,
hydt,HYDT,hydt,Oracle Price Manipulation,unassigned,,,,
sashatoken,SASHAToken,sashatoken,Price Manipulation,oracle_or_market_manipulation,,,,
morphoblue,MorphoBlue,morphoblue,Overpriced Asset in Oracle,unassigned,,,,
penpiexyzio,Penpiexyz_io,penpiexyzio,Reentrancy and Reward Manipulation,unassigned,,,,
vista,Vista,vista,flashmint receive error,unassigned,,,,
labubu,LABUBU Token,labubu,Logic Flaw,business_logic_failure,,,,
pledge,Pledge,pledge,Access Control,authorization_failure,,,,
veth,vETH,veth,Vulnerable Price Dependency,unassigned,,,,
gain,GAIN,gain,bad function implementation,unassigned,,,,
it,IT,it,business logic flaw,unassigned,,,,
cloberdex,CloberDEX,cloberdex,Reentrancy,unassigned,,,,
98_token,98Token,98_token,Unprotected public function,unassigned,,,,
ast,Ast,ast,Price-Manipulation,unassigned,,,,
ipc,IPC Incorrect burn pairs,ipc,Logic Flaw,business_logic_failure,,,,
xbridge,XBridge,xbridge,Logic Flaw,business_logic_failure,,,,
idols_nft,IdolsNFT,idols_nft,Logic Flaw,business_logic_failure,,,,
j_pulsepot,JPulsepot,j_pulsepot,Logic Flaw,business_logic_failure,,,,
lp_mine,LPMine,lp_mine,Incorrect reward calculation,unassigned,,,,
laura_token,LAURAToken,laura_token,Pair Balance Manipulation,unassigned,,,,
mosca2,Mosca2,mosca,Logic Flaw,business_logic_failure,,,,
roulette_pot_v2,RoulettePotV2,roulette_pot,Price Manipulation,oracle_or_market_manipulation,,,,
mosca,Mosca,mosca,Logic Flaw,business_logic_failure,,,,
unilend,Unilend,unilend,Logic Flaw,business_logic_failure,,,,
sorra_staking,SorStaking,sorra_staking,Incorrect reward calculation,unassigned,,,,
hegic_options,HegicOptions,hegic_options,Business Logic Flaw,unassigned,,,,
bbx_token,BBXToken,bbx_token,Price Manipulation,oracle_or_market_manipulation,,,,
alkimiya_io,Alkimiya_IO,alkimiya_io,unsafecast,unassigned,,,,
dcf_token,DCFToken,dcf_token,Lack of Slippage Protection,unassigned,,,,
h2o,H2O,h2o,Weak Random Mint,unassigned,,,,
one_inch_fusion_v1_settlement_hack,1inch FusionV1 Settlement,one_inch_fusion_v1_settlement_hack,Arbitrary Yul Calldata,unassigned,,,,
uni,UNI,uni,Logic Flaw,business_logic_failure,,,,
pump,Pump,pump,Not Slippage Protection,unassigned,,,,
yzi_ai_token,YziAI,yzi_ai_token,Rug Pull,unassigned,,,,
btnft,BTNFT,btnft,Claim Rewards Without Protection,unassigned,,,,
lifeprotocol,Lifeprotocol,lifeprotocol,Price Manipulation,oracle_or_market_manipulation,,,,
w_key_dao,wKeyDAO,w_key_dao,unprotected function,unassigned,,,,
irys_ai,IRYSAI,irys_ai,rug pull,unassigned,,,,
krc_token_pair,KRC,krc_token_pair,deflationary token,unassigned,,,,
ydt_token,YDT,ydt_token,Logic Flaw,business_logic_failure,,,,
aave_boost,AAVEBoost,aave_boost,Logic Flaw,business_logic_failure,,,,
usual_money,UsualMoney,usual_money,Arbitrage,unassigned,,,,
bankroll_network,BankrollNetwork,bankroll_network,Incorrect dividends calculation,unassigned,,,,
bankroll_stack,BankrollStack,bankroll_stack,Incorrect dividends calculation,unassigned,,,,
gangsterfinance,Gangsterfinance,gangsterfinance,Incorrect dividends,unassigned,,,,
gradient_maker_pool,GradientMakerPool,gradient_maker_pool,Price Oracle Manipulation,unassigned,,,,
resupply_fi,ResupplyFi,resupply_fi,Share price manipulation,unassigned,,,,
fpc,FPC,fpc,Logic Flaw,business_logic_failure,,,,
meta_pool,MetaPool,meta_pool,Access Control,authorization_failure,,,,
multicall_with_eth,MulticallWithETH,multicall_with_eth,arbitrary-call,unassigned,,,,
rant_token,RANT,rant_token,Logic Flaw,business_logic_failure,,,,
swapp_staking,SWAPPStaking,swapp_staking,Incorrect Reward calculation,unassigned,,,,
stepp2p,Stepp2p,stepp2p,Logic Flaw,business_logic_failure,,,,
abcc_app,ABCCApp,abcc_app,Lack of Access Control,unassigned,,,,
grizzifi,Grizzifi,grizzifi,Logic Flaw,business_logic_failure,,,,
hexotic,Hexotic,hexotic,Incorrect Input Validation,unassigned,,,,
multicall_with_xera,MulticallWithXera,multicall_with_xera,Access Control,authorization_failure,,,,
pdz,PDZ,pdz,Price Manipulation,oracle_or_market_manipulation,,,,
size_credit,SizeCredit,size_credit,Access Control,authorization_failure,,,,
mim_spell3,MIMSpell3,mim_spell,Bypassed Insolvency Check,unassigned,,,,
prxvt,PRXVT,prxvt,Bussiness Logic Flaw,unassigned,,,,
truebit,Truebit,truebit,OverFlow,arithmetic_failure,,,,
mttoken,MTToken,mttoken,Incorrect Fee Logic,unassigned,,,,
synaplogic,SynapLogic,synaplogic,Business Logic Flaw,unassigned,,,,
makina,Makina,makina,Price Oracle Manipulation,unassigned,,,,
moonwell,Moonwell,moonwell,Faulty Oracle,unassigned,,,,
laxo_token,LAXO Token,laxo_token,Incorrect Burn Logic,unassigned,,,,
curve_llamalend,Curve LlamaLend,curve_llamalend,Share price manipulation,unassigned,,,,
alkemi_earn,AlkemiEarn,alkemi_earn,Business Logic,unassigned,,,,
venus_the,Venus THE,venus_the,BorrowBehalf + Donation Attack,unassigned,,,,
futureswap,FutureSwap,futureswap,Unit Mismatch,unassigned,,,,
est,EST Token,est,Incorrect Token Burn Mechanism,unassigned,,,,
