case_id,case_name,chain,input_row_sha256,envelope_path,envelope_sha256,counter_authority,historical_snapshot_status,historical_snapshot_source_receipt_sha256,historical_snapshot_identity_receipt_sha256,historical_snapshot_source_provider_family,historical_snapshot_identity_provider_family,historical_snapshot_schema_valid,historical_snapshot_hash_bound,case_artifact_path,case_artifact_sha256
ca2-a315156294181711e836,3913,bsc,0719471917216b1401db1b7fe750fc68921416a75bd7bf289c8fcb46044ef328,,,false,,,,,,false,false,,
ca2-c9c1817a98610ef26f01,88mph,ethereum,7cf631ddad3b80c72d2b8812a4d71f4850c19aa3091c9a1b0664b5332c33c079,,,false,,,,,,false,false,,
ca2-399010b287f06a594153,98_token,bsc,248a223bd2f5bee51fc7f2b9ed33ce81f3e2d7c587ebc6a7a79936320480313b,,,false,,,,,,false,false,,
ca2-3c88785c0f3b4867d7f4,aave_boost,ethereum,d2a8682780592a52a280befd4266674221d3eaeb026fd2f7f3901c35d9ecb1bc,,,false,,,,,,false,false,,
ca2-7727ada64ae1e882eaac,abcc_app,bsc,aa8f433fbc725528ce800424fc9b7d5dca716347229ee059897b1bef2afffbbb,,,false,,,,,,false,false,,
ca2-bd6decf7c8f8dfbaca40,adc,ethereum,92654fab5374f7c1d8d82cae2568891c28b688def53dfc61d7f8f11ff6780adf,,,false,,,,,,false,false,,
ca2-d936d709679fed1fbeae,aes,bsc,f0bbc63ee599f1a90b54889a3f0eb39e8ae524327b68b76d6f9b049a9566652e,,,false,,,,,,false,false,,
ca2-3f7bb52435313429cfa7,affinedefi,ethereum,9497d9294a499b1d104343b3716b3b6c0e181b2f134a66a1c137598e386508a6,,,false,,,,,,false,false,,
ca2-c5f49d371d24304e62b2,ais,bsc,001ab3b037dac3a97af0cd91eb6e8ec0bafba1ae28cc41242724f643f0e74fa1,,,false,,,,,,false,false,,
ca2-9ccf44443a293b02fdd3,aizpttoken,bsc,a585ae6f3d7166a71d17aa6d13bae21eb059921d635219336b0217117ca3ea26,,,false,,,,,,false,false,,
ca2-8c2839dc60456ec95380,akutarnft,ethereum,f3993adf03af0e6d8298e72dc77ff390f6a0ab81dfdd6ae5688269ebf59873a8,,,false,,,,,,false,false,,
ca2-ad9d57e62841ea9096b7,alkemi_earn,ethereum,75b2289c4113f8cf4bc2b1f32ad90abda0deac450b98b29a26538374973fe068,,,false,,,,,,false,false,,
ca2-feebcd26919bea5b0014,alkimiya_io,ethereum,93657560bfeb582737de11bc95433bde49b084f07a76674955780b744df64128,,,false,,,,,,false,false,,
ca2-c3da8c67aae06b7ecce1,allbridge,bsc,d710abe7bdebb64fe9b7f286dfae4962fa1d015d5b02146edf7a9342828a0853,,,false,,,,,,false,false,,
ca2-3ef6014a26a0b205a68e,allbridge_2,bsc,bc47e11218336a6d470f9c8f615941f953e0ca294e26bf7e21c213b293764768,,,false,,,,,,false,false,,
ca2-b5a8e682aba465a7a0f6,alp,bsc,0aa718577648685ef90829e3aaae7ca0b3f913b229656120bbd57da8231f1d7a,,,false,,,,,,false,false,,
ca2-627fce499908ff82ad6d,anch,bsc,6e30e3a88cb576ad0d25b47f4e95a402aeb37c815eea38bc0d870360333bb075,,,false,,,,,,false,false,,
ca2-a13694fcc2f9f05dda72,annex,bsc,2c954b467b441b9991eebecb45b534ae3694a8e640ba3fe9b7cfb1c91ea5b019,,,false,,,,,,false,false,,
ca2-a3eb07131d27e069a3d8,anyswap,ethereum,0c52d4d5420a3850edd8f4c40e25e8335db60ddc327e8545e0ffcd8294fc9274,,,false,,,,,,false,false,,
ca2-7e2e4e06ad319c9c87c0,apedao,bsc,d0eec9429543ca72e4e8a52c6c3a7d3c3bdaa09a1e10043da2560ffd185204ee,,,false,,,,,,false,false,,
ca2-1d880dd41ec2f04c67b7,apemaga,ethereum,4db785aca5f55a8f6d9eaff6e2e074e8bf48bc36cbd35164f96df6a9156dc53e,,,false,,,,,,false,false,,
ca2-eaff56dcacef885f96a2,ark,bsc,4456fab7b531128bcae9f7501383ff93e93da45ca23716a6280aca38a63a115b,,,false,,,,,,false,false,,
ca2-f869139a8dcac0542bd9,ast,bsc,959cfca3933844454d31e7a281c2e7a5c413821ec3c3f183ea5729c3ee077768,,,false,,,,,,false,false,,
ca2-746ec2d0566ffbda9c0f,astrid,ethereum,67be1ab4c686788a5373481e05ce37789e00bbe122903984e8a266a5f6a37a92,,,false,,,,,,false,false,,
ca2-8f02fa85c8202388bdf3,atk,bsc,297072f7a7472d97c2499c34957f5ce379ef896da38e001e26bf1d87c6dcaa48,,,false,,,,,,false,false,,
ca2-d6ba3397ed249bc3a420,atm,bsc,8177560fd3d13817a1ef7217de8d94cc5aa61a269838d559000b682a41fce1da,,,false,,,,,,false,false,,
ca2-a6061f6cad3a5884d6d4,auctus,ethereum,212f71d7c8b73698c9bf658664ff321157a8b784aaa7c43bc489aae75ee0aa35,,,false,,,,,,false,false,,
ca2-96f82ac8ed9b6f3e4f14,audius,ethereum,8799f23c7892648bbbbee0f08d448cb80adff7bf188a93db0e8c6d3986959062,,,false,,,,,,false,false,,
ca2-b141324cdd440e7feb3e,aur,bsc,6dd8f967b432bb6bbad62cd03d943dd3371d85a0578122118b42244652d56174,,,false,,,,,,false,false,,
ca2-31fe70569e5c85e1450b,axioma,bsc,476b10513819bc732f8c1a3aaa6679487133215fd870e8bb520df1eeb33695b1,,,false,,,,,,false,false,,
ca2-1a73db8dcf62dc8e4419,babydogecoin,bsc,b8abf9f3333f9c7eaaf5a20337902a1f060f32d25dc4841364e15574a88e7078,,,false,,,,,,false,false,,
ca2-26661d7a70b3c3c3ab9e,babydogecoin02,bsc,c9a6110d5837192c9dc7b2c3bacb348faeec5b530e916a967e29068d566ca50e,,,false,,,,,,false,false,,
ca2-e5a8dccafb3c4f63fdb2,babyswap,bsc,a7ec92368bfab363181bcc556c8709f9cbba5fe90916b48e7c9ee2a3a82b95b6,,,false,,,,,,false,false,,
ca2-1dbdc2611cd24dc765b2,badguysbyrpf,ethereum,fde50e2f65604cc17be6a5f0d66bb3ae4be84e0a84ba609bfbe66b2f032bc8c0,,,false,,,,,,false,false,,
ca2-3049d2889726467cfdcb,balancer,ethereum,4feb89bd49aa89a9f1192ed7a17cc198f7a49a7c1caa57c2b28a1f80b558576a,,,false,,,,,,false,false,,
ca2-f056a955a865b551a342,balancer_20200628,ethereum,cfc5ee2a4485670ccf608212ef6f04beaeca1b00dd4279a0b3c7b0a4929b0191,,,false,,,,,,false,false,,
ca2-3ea99bf48860cd3d90e9,bamboo,bsc,e968640200ffaef6322052fb548b4ee92af90570f4f788a5d3f1eff4fa4cb62d,,,false,,,,,,false,false,,
ca2-0e06e67c5c9253228751,bancor,ethereum,805067949815c296dbd5eeaf83d48050e172027a6ab71f4a059a1bd5724ef36c,,,false,,,,,,false,false,,
ca2-003bb3e01f9c7c13410b,bankroll,bsc,9348a2ca0eb59d0d3e40895784afed363720dfe586027215f468deca49bec102,,,false,,,,,,false,false,,
ca2-98b03a49b7d20591238a,bankroll_network,bsc,f414b4af93cbd930c434c3e038ecab8f7d161417fe3bfd284ca7fedd7a36df41,,,false,,,,,,false,false,,
ca2-76efd7743f4d9234ff8d,bankroll_stack,bsc,d02c6a786722605bbe65bcfce884fb1d10628a5edf59e509f31b74c16bc674dd,,,false,,,,,,false,false,,
ca2-47d01daca3ef9c1ed2f1,bao,ethereum,09d2ab75248eec71035e2cafe2ee1833b816c71014404bc37acbf28dd9bbae32,,,false,,,,,,false,false,,
ca2-4f5a0a76d69326e4c2cd,barleyfinance,ethereum,e1d954249137ad6a8562e37310fd7006c33e0f0cd693265821bf1affcb8ad1df,,,false,,,,,,false,false,,
ca2-3ec8cb61677cb453af73,bayc_apecoin,ethereum,1eaf7dc8d8d87cff49374fb13c4ce75efd7755d101218c2224f5937a59970726,,,false,,,,,,false,false,,
ca2-7063be755a02e6e0df10,bbox,bsc,a37343cee79a42c3f288853b481777e611b318d4d84a99b8aa409918bc0599ec,,,false,,,,,,false,false,,
ca2-ba0418d74fad65f2483c,bbt,ethereum,5c4ed3a5f4c3c37934acc4dda805c8ebbb7b6d1aa95c7567bd3b0beb377df0ce,,,false,,,,,,false,false,,
ca2-10778b0afde298700715,bbx_token,bsc,7949477b5c6b52521259a88b0371b56327e8025e14479c68a491a866a08c6d40,,,false,,,,,,false,false,,
ca2-6673e21002a8af6f4d12,bct,bsc,81c4c76dea9a9ebb5eb1af7fa6a22cf60a613326a565a0c3e5a531fc4f3fbbeb,,,false,,,,,,false,false,,
ca2-d21da7d9fce0924660dc,bdex,bsc,745916eee490641e6182e73936794b0d81333ce519de69f2869e849d22b1cfd7,,,false,,,,,,false,false,,
ca2-3d8e91015c9360a5a76f,bearn,bsc,17715443bd2e9b7a4a6081f650a942c8ade2342564ac61621719e69cd960bb1a,,,false,,,,,,false,false,,
ca2-56bcc5cdf2d34dd9c4fb,bearndao,bsc,e92502edbdaa98057000acfe2820eafda66a6aa465434a1348498f95f69866c3,,,false,,,,,,false,false,,
ca2-297229c8f057f9088676,bedrock_defi,ethereum,4379f79ff3bda72ee1c18bd6a0582e0b7c641af1c1bc5616c7c921ab6a736a35,,,false,,,,,,false,false,,
ca2-8ad0e7849cd27bf47eab,bego,bsc,16b7118f63e4ee34addddfb32b73d088570d8e7619f2b35bef210f67c919345d,,,false,,,,,,false,false,,
ca2-b9cedafde58efbfc26fe,bevo,bsc,8725c1a226d748acc38a721ec4cb381d97b6ed53d1dd6ecd51f34ebd60506f30,,,false,,,,,,false,false,,
ca2-5aa3d29494fdde461d33,bfctoken,bsc,c923a309c01590ab0abf5423e078c286bab02bc6557a1bcded29340b93115e72,,,false,,,,,,false,false,,
ca2-d0b1ccc1d33cfcce8cbb,bgld,bsc,a981106cf5af40387fbd516e9abc933d51cfa5ee945567565c8cbfd6ca65c73b,,,false,,,,,,false,false,,
ca2-8827a43c9b16b94734ae,bh,bsc,f6db7377e56f24f428812d3b2e09848ad20a09694b6e7a9aa347f137bebed78e,,,false,,,,,,false,false,,
ca2-d78f4dfccb15753abb19,bigfi,bsc,32cb64377965d501f8629a5b92a89ebbf4073c4fef63ff06c2d33b71ccefb900,,,false,,,,,,false,false,,
ca2-adacb53105e39eebae4d,binemon,bsc,f88f683f3e3250220f283f73e90f709edf75d47674a147423711461d05bd5148,,,false,,,,,,false,false,,
ca2-41967b2b5f0bb253dcc3,biswap,bsc,355df05c3a16b173c8afd09e1ae16c897d6348e4d557ed4d8d7094381cfec2e2,,,false,,,,,,false,false,,
ca2-59a1cba91e5790395c7b,bitpaidio,bsc,5dcdb8ad92e3027ee51a00e27152fa9505a9cd29e73596a8f7e27a42db784c5c,,,false,,,,,,false,false,,
ca2-608fc098c08911f51783,blueberryprotocol,ethereum,4dbb82bd940a2d546a0598ca90f97b7e960e6b75deb6737da8b698483056e866,,,false,,,,,,false,false,,
ca2-5a019aa2bc528c73de90,bmizapper,ethereum,8c038a4dc1c1142c5cc8c3f5eb8aee582e1e58bb0bd902749b0d4268ff95a75d,,,false,,,,,,false,false,,
ca2-5011063427fa6a95c108,bno,bsc,b1f636d50a1e5f977b14bf2ff33c3f0d5e663c5e46635ff98d6f8d8e7f9a2234,,,false,,,,,,false,false,,
ca2-0119280f82385cf56670,bob,bsc,f7b3391a91d4b7ebd50f9385bb91403e3670d27d80bc847564886f4430e965b0,,,false,,,,,,false,false,,
ca2-71d01a519d5b777ca8d5,bra,bsc,118334c263af66d41acdd89d70459f6c310cade59e33de8c7dcedc0e1ba4fc7b,,,false,,,,,,false,false,,
ca2-a25eb49dc8b847fae718,brahtopg,ethereum,417efd5f3bd6642dd9940a0d77a98334c8241b9e7835579202c6cd0d28c7ee7d,,,false,,,,,,false,false,,
ca2-9035062d2e632d8ca752,btc20,ethereum,853c4f01c93673362213b54eadcac8148f4bee9ea40730c27eab36d792c3cbd7,,,false,,,,,,false,false,,
ca2-c5014cea82de5130aa96,btnft,bsc,0a42dcb3435e7e9469e61675136b0ade3fbf766e28985ed6c2105c219dd725eb,,,false,,,,,,false,false,,
ca2-fa0880968324b82371e6,bunn,bsc,c190c27d7f31b6bdef1da8adfd8cac09d0130675e87ea02d7e5b62fb2b0ba93b,,,false,,,,,,false,false,,
ca2-28489e4d5123e702b7a8,burgerswap,bsc,68e9e313e03502fbe880b69af2f3ade7030a7e9fb0c5e9f6123303760f68efe3,,,false,,,,,,false,false,,
ca2-8521e5ce73f00a1df2b0,burner,ethereum,63325caa504de7b24160c055b1d46a6027a3443d4f93fc4cc7ba338826787ca2,,,false,,,,,,false,false,,
ca2-9afe6d86753053b06534,burnsdefi,bsc,302d6420bca6ae46bb01e2e67ccfc598e218271b232341393c85c1bd3d880ad8,,,false,,,,,,false,false,,
ca2-87c7a2d034157234fe09,burntbubba,ethereum,6794c81c1f49cb6323f082ca4cff731bd03bc3319b37bf76afc06061ab8ff2b3,,,false,,,,,,false,false,,
ca2-60b7a39b3acbf3ed1937,bxh,bsc,e90296a80ba65e8fb47f414d80595d336bf7765303714cc01dbcf1b44a8d90b9,,,false,,,,,,false,false,,
ca2-22e8cd13c63b74bc9bbc,bzx,ethereum,4cd3fdf4340248aade426f2c4d6505cff01c7c6ab14452897b100bc857e912fe,,,false,,,,,,false,false,,
ca2-9f2e70a7938c45f70a82,bzx2,ethereum,a6e3c7b149bbcfe3e908572eae54723d7b7a7cdd2ce896c2ec0a1bc561ea4ddd,,,false,,,,,,false,false,,
ca2-e726d15fcadb675a6a84,carolprotocol,base,1b3404ad3b574e7467827c02d06da066edb73988a4703fd0f1a181e401001c34,,,false,,,,,,false,false,,
ca2-f6ff26fef2c7c8239a54,carrot,bsc,409412b9df71171f13b6cc33393ce747b5c01ecbd6deb4c99aeec9fdfd5e4df5,,,false,,,,,,false,false,,
ca2-9aabe02b00ee6b15427c,caterpillar_coin_cut,bsc,08c95d87996616915296b909091a8015fa6f344b5e74759a5835facb2adc1c54,,,false,,,,,,false,false,,
ca2-0fab25d3b5b764c482c5,cellframe,bsc,f2e53412218aa0e4049005b42197e085bcb911be6fb8fa5fcd15d6cf3821fc67,,,false,,,,,,false,false,,
ca2-d08064284319f9724001,cfc,bsc,367f29054d49b3fc28370f6e1f84b7f3f984177959214224a952c202482a16b2,,,false,,,,,,false,false,,
ca2-9975357170a08c396c9a,cftoken,bsc,b90a9581a90b8c1c3ff45fb5d60c7080eecce469a13157b72c9db4fef0776a1a,,,false,,,,,,false,false,,
ca2-c5a01f6581922c612fa6,chaingefinance,bsc,8e5ea220ff45bfacab75da0c16ea5efb2b4f554d03e8e141d510bc048bf34c16,,,false,,,,,,false,false,,
ca2-5b927b3791414bdc410e,cloberdex,base,505b108ee605d9012891146b5b2ce3a4a351667a279f048ae1293a99889fdee6,,,false,,,,,,false,false,,
ca2-8920d085a4a666414df5,compounderfinance,ethereum,58ced864848212e88f19f90e1601142b5836386483780116025b41e08dc09836,,,false,,,,,,false,false,,
ca2-5b4e3baaff7190f2f54d,compoundtusd,ethereum,f3c3d3846a098631c834e44c9208db8df68482f80079ce8ba843cd73b0b17e90,,,false,,,,,,false,false,,
ca2-14b9ffae56e7c9bfb04e,compounduni,ethereum,aa6892e72b60ad0268947ecf60eac80c9c40808820df206da802f993cbf52763,,,false,,,,,,false,false,,
ca2-ed5ea743787aecff1e56,conic,ethereum,d279582243d405eceb20468bebd4485ac846677206352968c232d56479967ee5,,,false,,,,,,false,false,,
ca2-22667ec3b73bf4e3f29e,conic02,ethereum,5fe611a9b99d50d9aea3ea358d32e2a1da7fe25cabbbfc691b2e165903bd7433,,,false,,,,,,false,false,,
ca2-4b9009f78d24b677e07e,conic_2,ethereum,28d7234558bd4ab03ca3b098a7c9a3d0a7ec045fad9465058ad884d39ea54b87,,,false,,,,,,false,false,,
ca2-5c90f11e08cf22426454,convergence,ethereum,3e107432a785f9b13e646bd1709e74711dc78772da566909d14f82bfea9dfd90,,,false,,,,,,false,false,,
ca2-2d1d603841d5194ab452,cover,ethereum,27db21d5637c73ca6e1874ef05e2dcab619a56f3fc6312bcc483b565e2f8b02c,,,false,,,,,,false,false,,
ca2-9a214e9ce45a57c562e3,crb2,bsc,cf39ff72a6e2a7b1068f3811220c47a954b58ce83453def47c07f365b5cc3b03,,,false,,,,,,false,false,,
ca2-8c56561fae063cde5971,cream,ethereum,2f88b544dca8f6acc54b189947afde95adf86634fd3f65ddc559fbae9fad6513,,,false,,,,,,false,false,,
ca2-2f808fc768214bcb9f7d,cream_2,ethereum,7409367ad5c6c0c2ec37ed5d882907cd255bb888f45b079a112ba79901ea14b8,,,false,,,,,,false,false,,
ca2-22ca428502dddf9f2871,cs,bsc,e241f4a1a55f9c9e0519e3941672c4ad3550893eca2fedbcbc30fa85fe029fed,,,false,,,,,,false,false,,
ca2-aa939f9f7f959ce19c8f,curve_llamalend,ethereum,83af2a6a9a81184164d374eaebd958136dfc1c81c08b7d01e9e01c502af70f6f,,,false,,,,,,false,false,,
ca2-33375f53486ac02fc6d2,dbw,bsc,9a802710abea3c54bf652e95fdfe66ecb6bad7103b5edfbb724ea4ae33701eb8,,,false,,,,,,false,false,,
ca2-e92eb18ffd5cb5150b66,dcf_token,bsc,f080a31eede86f4ae474a32f11277d4357526fbed0bfbf8be519fa70b1d33b6d,,,false,,,,,,false,false,,
ca2-001604d480f953df5322,ddc,bsc,8c9775aee2bbeac9eff03614951ef6013f8e20ef5ff236db00885a15b7f51d1b,,,false,,,,,,false,false,,
ca2-0d94b0dee68d0b41352e,ddcoin,bsc,ddca3a4ff7c9258a8010649d0bc80e3db5819eb46cfe0215802af321fa51786c,,,false,,,,,,false,false,,
ca2-5c37ff6ef20c8e1183dd,deeznutz404,ethereum,131f067d69b599ebe2075b8353221441903ce42cbca40f9b876bcc58df7eb7ab,,,false,,,,,,false,false,,
ca2-0998fb22a8fcd705afbc,defiplaza,ethereum,03380b8e3d7a835d2a21e81a7d05214caa0fdac6b7dc36fd5cddd183f4e3ef41,,,false,,,,,,false,false,,
ca2-4c0faea601ab4a95ced8,depayrouter,ethereum,584105bcb690ecc60f3fb85d27b253c14b51d5163573539502f14d6d6582b440,,,false,,,,,,false,false,,
ca2-c7f02a40db88500f3ae5,depusdt_levusdc,ethereum,bd95af34e8ddb99f1567bf41f315db3fb25194b1f1a3136d8ab0f80f066e4847,,,false,,,,,,false,false,,
ca2-12f0d5e40474ef0de502,dexible,ethereum,de57a051770ef4d5ba0f00d59537c9490618594ec693aaa4639bea84ef946b03,,,false,,,,,,false,false,,
ca2-e488b8f22881b9feaedd,dfs,bsc,8c399b130d6c8c789601c14e4bc08133e90ec97d29eb0320be28953de61e9735,,,false,,,,,,false,false,,
ca2-7ab9ecf055348c803def,dfx,ethereum,b20218773a1ea3bd133a273e44bc3618e92afe959ab6cb11516467920e10ea2a,,,false,,,,,,false,false,,
ca2-59b9ab9a48493aa5ebce,discover,bsc,66ce4eea94394a091e1e8c271ef2747ee0709e56d47b1bad23a0a56a9912db56,,,false,,,,,,false,false,,
ca2-61c7c0bc0fd854fd8541,dodo_flashloan,ethereum,0b61e9c1e3e66381481e241987f96fd71c05fadce24d54e135c75318d01a4c5b,,,false,,,,,,false,false,,
ca2-0d308a16f604ed495788,doughfina,ethereum,dd2259181505bf5f9b0a9720cc5fa7dbe2988cb5babad2c9fae142c7d1e95e0a,,,false,,,,,,false,false,,
ca2-0aa20008e0303e8a5201,dpc,bsc,e55777669a7a97cbfa876f621b11ab1817a8c60ec83933cfe907110ac8608804,,,false,,,,,,false,false,,
ca2-9b3232b290b3e5a209ad,dualpools,bsc,4b9fdf5f5f0c298b0500f1624d5d08e105b808e5e8d8c617bff518c83a4c59fa,,,false,,,,,,false,false,,
ca2-d5206e281e59cc007b02,dyna,bsc,8f2b121fb3ac1a6ecc5d35ba548b68819c61bc78871bfe1a874c891217f698fa,,,false,,,,,,false,false,,
ca2-5e2d8f30a0d9b1dc548d,dyson_money,bsc,70d5cb57cfd614c843fb104ea3c643dc5ad7552868d25bda22725f4accf17a63,,,false,,,,,,false,false,,
ca2-e017525389c5fba3ce28,eac,bsc,cd8fb68f5d86d5c80479ada977e03f31f21ecda180fac701653d06313fd97f39,,,false,,,,,,false,false,,
ca2-a21e3c90faf447e22997,earningfram,ethereum,27ffbb33ec659f909bb3dae864be2245d3055a8ccbd21ce889fc6a6a13644e34,,,false,,,,,,false,false,,
ca2-5c189b8bf9f7db29dd4e,eflevervault,ethereum,ee1b536756685f9038c6f7c48fa96e71bd0467779671f7a8e0c85cc6b9934919,,,false,,,,,,false,false,,
ca2-99c425ac31ee8abd76f2,efvault,ethereum,dc1914eac6fb07ca6a2acf382489790e461e41f3a17e83330b2cdb7327e09537,,,false,,,,,,false,false,,
ca2-29064c97bd3050d5cc0b,egd_finance,bsc,995fca57e898599afef02a14b25743cf784937da31add1f5b0ea17ff0af508c3,,,false,,,,,,false,false,,
ca2-82c63f4f3f31559be9a8,ehive,ethereum,4f178443b7c46b9aa4d946d514cd5e19ccf619cded495c432f980f2df5c6e562,,,false,,,,,,false,false,,
ca2-14bd5d42e2f704e2cc65,ehx,bsc,84e285ca1f5b44b8d75d01cf2092cee81113e38c24ad6038c0a9816fbc4a4ba3,,,false,,,,,,false,false,,
ca2-411b50fea47298d98579,eleven,bsc,62dac13e27e3297bd1a39f91a06634b092f65ecca6f94a1876c9023423e4cf0a,,,false,,,,,,false,false,,
ca2-2f764ff5c7c146ad35b3,erc20tokenbank,ethereum,22794bbe3f403be385d32a69350d28de002a6466eb5ac44f0478b7a7e53ec38d,,,false,,,,,,false,false,,
ca2-6829820c6abb9fe3a566,est,bsc,6abce2b56c49520e82989d1ca2a21578319dbdff4b0f0a5743ebeba271024aa9,,,false,,,,,,false,false,,
ca2-9b437de06c56cc873e8a,ethfin,bsc,a06bb5dd399d9eebcd8d554af8e82973e9f0b63abf803ed5b4750f7cbb1393de,,,false,,,,,,false,false,,
ca2-2d415ee24d090e5e26dc,etnproduct,bsc,d30c41bf4946bb6c3aa098209b41041c23fa9d6208c372435eac34a144760410,,,false,,,,,,false,false,,
ca2-3503e03a9a7fd4a87fe3,excommunity,bsc,adc784ea40c5b7e0b61604430a3db3b8f5597989318e1da82b462b6d22ee990e,,,false,,,,,,false,false,,
ca2-2204bc187116e38ab9eb,fapen,bsc,cce4b12bdd97287b57492d5a6a6758185598b098cc8d420f89cd9f4e50a8b48a,,,false,,,,,,false,false,,
ca2-6d220be49d90b51ca6fd,fdp,bsc,413d305eac9715a9b2837f9320a85f20d9a971195e2bc35fca05897d5ad0dda8,,,false,,,,,,false,false,,
ca2-5d29f9c5eb314dcba612,ffist,bsc,149ea2d33e63c0477f763e26178094ca62f8c2e4d12d6746c5d8165e900ec096,,,false,,,,,,false,false,,
ca2-efd162261d7f42c2343b,fiberrouter,bsc,3d6c9c8dfe770da25996d7d3237890bfee66fa95d009d8ea8947a92781e8b7a8,,,false,,,,,,false,false,,
ca2-bef5f7af9a50d2f1687c,fil314,bsc,508a1e25f062a858dfa11042f32669ef8d62f25487d4434da19cca325111fb3b,,,false,,,,,,false,false,,
ca2-0fa9395ce4552eadc7fb,firetoken,ethereum,f76b1d027a06c2a3a4881cf184457b167397e98120abb95266735861abc6b056,,,false,,,,,,false,false,,
ca2-a5a309e0af5cc1aa7b9b,flippazone,ethereum,9a0052e53006a5fd24900fd3485e2d6f232efe90f0e059bd5c1ac0e46c8b4a0c,,,false,,,,,,false,false,,
ca2-81ae1f51e833bf23db49,floordao,ethereum,0245840ce8c16551af7abba26e1f49bb6077987f29c380ad579370d2e9fea702,,,false,,,,,,false,false,,
ca2-a03b0bc9fabb86e707cb,floorprotocol,ethereum,f8515e67de67ad7ff257301f6d779b9a0fe2f458bc9c405c7bc5209fa6dfd352,,,false,,,,,,false,false,,
ca2-8a1aed9c839187cc890c,fpc,bsc,62e023a5056100424ddf34e0cc6edb9e52a90278f042ebadfd429e0aaaa099e9,,,false,,,,,,false,false,,
ca2-40ca8a9aca77ecfbfe71,futureswap,arbitrum,bfb12059fdc948f071d1bcb1b60efb486e55c40fe190a7ecbe2ae8946621eb95,cases/ca2-40ca8a9aca77ecfbfe71.json,d7d908858a4cd085fd9eefa967176cb5ffcb7ae8d5655188f3202d902fddcb7d,true,HISTORICAL_SNAPSHOT_VERIFIED,0fd1f2e0934f3720d9aadc972214e05c156b36108bf306be8e5cc750c88d887e,0fd1f2e0934f3720d9aadc972214e05c156b36108bf306be8e5cc750c88d887e,alchemy,infura,true,true,cases/ca2-40ca8a9aca77ecfbfe71.json,40b8b79e40f3c4af3f4e6de7626bf820d713b6cd7ad0e0cc76c0ce1344bf528d
ca2-7a01249aabcf9ab600cc,gain,ethereum,7781ea0d97c3acae81610cfec5267f407fba5cc31d197a0e7eddd719be07a4f3,,,false,,,,,,false,false,,
ca2-d5c35ace73f1e0970aba,game,ethereum,1bc15c6a18502a00faba9e1c905daf31c830f111ad2e741dad9e6e79ef1a196c,,,false,,,,,,false,false,,
ca2-a5e7a267cfa0aa860481,gangsterfinance,bsc,a70f9edb3730df038ec15e1516f18113a178cc70be876976ffd34c3afbb982a7,,,false,,,,,,false,false,,
ca2-21e1af0751214952c72b,gds,bsc,85e04af27c1560b27b2eef348f15cfbbef4f90b7ed7e80d614afd27d07b5d5df,,,false,,,,,,false,false,,
ca2-a04834244778519abaa1,gfa,bsc,45a39710e6af2467b834b1bc07d605b584b67d64dc7500d39639be8016b5daf4,,,false,,,,,,false,false,,
ca2-40ac2c3e107d3d88709a,goodcompound,ethereum,972c82ae07ce7fbbc707eb038a999f5e34fbba2d0efe4d9596b085a6214168a0,,,false,,,,,,false,false,,
ca2-77cd38b96a68c54afe71,gooddollar,ethereum,7321ac450ceebbfff09b630302f7da5d915230ea5eb522d377b441551a08c1d3,,,false,,,,,,false,false,,
ca2-197017d8b5918b4ce2c0,gpu,bsc,5a2bc61eb73a27d752d3e34445e15c3cf4e7cb7483b5ca71389bc13104f04d3a,,,false,,,,,,false,false,,
ca2-7a492e8008e940fab9d5,gradient_maker_pool,ethereum,91266617e0c1eb5d93019e5c38883241cba65e0c15106d5d63c25e502afecedb,,,false,,,,,,false,false,,
ca2-ce552f38ab8199ed551d,grizzifi,bsc,a04f42b8707c202611b454e3e975ded9f809e498fcda79b7fa69adc23b83bb30,,,false,,,,,,false,false,,
ca2-e095e5dbb9687595e5ee,grok,ethereum,6af690fd8b18a307bb35f001b7555c70aed6e9b73413c366939fe0e38b91d710,,,false,,,,,,false,false,,
ca2-0b66d50e994cba1798e2,gss,bsc,f7ced2701467fcf6e4826aa6891ae1463a148993b408c1e506ab5da63d9b0231,,,false,,,,,,false,false,,
ca2-2c7f349f1a1765272f4b,gym_1,bsc,ff1a47bc38bb90b3eb3dfcc13287744bfc87cd3bf6828ddd54f3ade5d47b2d75,,,false,,,,,,false,false,,
ca2-a20ccf47b4d8c4cfab79,gym_2,bsc,fbc9f63a0d5a81b371eb51ccec52a90d1a924818acddf1be85f20c0402898337,,,false,,,,,,false,false,,
ca2-62fc7b9b9ac57e1b7351,gymnet,bsc,28c76dae47411151ec1263ea4b673c67c89ff115470c361d07a14f1e1472312d,,,false,,,,,,false,false,,
ca2-3e63d905e3ed3178d5fb,h2o,bsc,3e66dade10accb0810768f99419bf29a15e8d8d9b73db74535a86c74b41371fc,,,false,,,,,,false,false,,
ca2-63262288a02b8ba46129,hackathon,bsc,65350f6e2df2236684eaa93e795a6b2e02b85f1c76e3e9e61650b82577bab268,,,false,,,,,,false,false,,
ca2-36def0144d519bbc5d86,hackdao,bsc,bc2511427b307f2c51e638f9c56d267734586bb3f4c4c7439eca135aafec087a,,,false,,,,,,false,false,,
ca2-03a929a60d6ca387d4bb,harvestfinance,ethereum,aeeae38f4d34dc8b04d42b85a4a84150d25f24cb673a80eb767dca5e39f321ad,,,false,,,,,,false,false,,
ca2-573d346bb7ac970e759a,hct,bsc,82d3f54eb9a7f2b6b8f9e7590eabe2637812446b7a9797a5ed4109bfe3cd99c8,,,false,,,,,,false,false,,
ca2-024816e85dcbd941c181,health,bsc,12f9b3e8dea10bf8624ccaf6ebdf4c39220ea5121f688fc3820bd36ea306b515,,,false,,,,,,false,false,,
ca2-0214cb74200856148943,heavensgate,ethereum,625cd330e432ab1a36f41d10685914dacf343c4fc7d8f1c3781c1b79aa49efb0,,,false,,,,,,false,false,,
ca2-4e64c62c912196653625,hedgeyfinance,ethereum,209631f9206116e533b74d480a57c4fcbc5843fb6eb3e1a08e5f9fca53b37f63,,,false,,,,,,false,false,,
ca2-4d6568a7691d786971d0,hegic_options,ethereum,7c59e1027194b3ecc0128f8c3167aa9d675726d319587d6b72c2d35bab11fca2,,,false,,,,,,false,false,,
ca2-ba88d4267adf9e3ccd48,hexotic,ethereum,6c1ee167ff16770128b5091104ae6b160681219e7a3696b1269fa898ea969804,,,false,,,,,,false,false,,
ca2-347a5ac7c8586f3866c1,hodlcapital,ethereum,60468c371274147bc0f59e157fd519bd1d38ddc95aa3f362171f5bfdcd71af6e,,,false,,,,,,false,false,,
ca2-6e5acd680aa3d14315b9,hopelend,ethereum,af5f4c234faf050bdea812b43eb1cd098cb69ce6bfd93da8e5e8024b903298b8,,,false,,,,,,false,false,,
ca2-d52c28a988ebe002c21b,hoppyfrogerc,ethereum,8dd124b9482cb4862b0a2ce1c6019d280880410b713f0813ec777363580dd786,,,false,,,,,,false,false,,
ca2-a04b6477783c9f312b9f,hpay,bsc,cc21f3d0be8e124615282f269769ed79169c1f02d4190db43458a6acc58a7454,,,false,,,,,,false,false,,
ca2-196bde1bc084a841e794,hydt,bsc,fd5822874daf6325b2d9681d4e3c84d229f7c6e58c8c15b7974e6b00a3e87ae0,,,false,,,,,,false,false,,
ca2-f52d9b4393b86654cabd,hypr,ethereum,9ebb6284d8d4998907a8ff9aa35765b1bc31fbd43b3e0a64f50de3028f0e6ca2,,,false,,,,,,false,false,,
ca2-5675dfa92c14429a4b9f,idols_nft,ethereum,c5c91e22ea594bd084613e4695ae418c13eed8f590ab0c131abe87b023b3a11a,,,false,,,,,,false,false,,
ca2-42413804b9b826875275,incufi,bsc,f0a4cfe06d238045e8c840b0ef32816fd5be60420cc77e6bea96859dd58dd9d0,,,false,,,,,,false,false,,
ca2-9f5117e07b7b2d16ed22,indexedfinance,ethereum,b5870da7bc6d122cd139aac2ba6ea388e212d4aaf519857fb7074c2fd90aaea3,,,false,,,,,,false,false,,
ca2-7741e8a9a71601f098a4,inuko,bsc,690c7463cb9acf6cd9294e6ae8271c86465d8102407ff1a9e03c42077916d377,,,false,,,,,,false,false,,
ca2-de6d0211681a69ea1f52,inversefinance,ethereum,0153bb8199d3ea37ce8ac49701eb841eb1ea421126fd295beffbd9a86e62fef4,,,false,,,,,,false,false,,
ca2-dc0f5864cf0c7c7db3d8,ipc,bsc,1438abbb8262bbd3024ff224899945c7cd7a5d09baa486161db6be8ab29d4388,,,false,,,,,,false,false,,
ca2-f1d9fe96345245fcc08f,irys_ai,bsc,fdf9b4259328f601ba2fd079e4bc0660027f7a2f9e4c4ba6f8e76fa48fb4243b,,,false,,,,,,false,false,,
ca2-5293bf48f2bcc29baaff,it,bsc,419511ac282d94b17faffac361aedccee25648d0c669c102df3092bea9e1d51d,,,false,,,,,,false,false,,
ca2-00003c2c7afe8e9ef32d,ivestdao,bsc,20461079d66ebc19cc62543b704fbd2dfd100728065208b28fa87b3aad88aff6,,,false,,,,,,false,false,,
ca2-bc3880c8e3766b6a9ca4,j_pulsepot,bsc,dd9ddab6f2682fe7b015693f5a8c0635c07279f92bc6fc158a51328f293eb0f7,,,false,,,,,,false,false,,
ca2-3d7964746397bc97e185,jay,ethereum,3ed79f4f1f4cbb254b75ae339b4b3052d826dd83a180a0c86288402f6f33f00f,,,false,,,,,,false,false,,
ca2-eaf1e84be2ca5fa8830a,jokinthebox,ethereum,a9790ed9af353aeb965d6881dfaaea809ddbdaafa93be394e9e729d3135bdd82,,,false,,,,,,false,false,,
ca2-d5a550e862cee1efa2a8,juice,ethereum,26910024659538e03dc4d68fdae41eb69bf1bdc8e889a67c839a370649180401,,,false,,,,,,false,false,,
ca2-a517ebcd851bcd0a26cd,julswap,bsc,6d7b5fec8085ac6cf96b12d6835b6d006e28c2729bd9b80e06ffff80c8f68c13,,,false,,,,,,false,false,,
ca2-f4910903d7134e1d631f,jumpfarm,ethereum,9572db0c5831a4025e9af19f1d059de35e00bc9a2639048dbc7e225240c2825f,,,false,,,,,,false,false,,
ca2-2ba749707a4aa17e7fd0,kashi,ethereum,8b5cda7e219a571e8f215ce2b886be708f81991b97e32b9ce5414e32fb9d59d1,,,false,,,,,,false,false,,
ca2-1769b603523b156d5e27,kest,bsc,10c4853ce458f35ad9cb12ae13f14450482a0c66f24f5ced4b3f31cac18dfe58,,,false,,,,,,false,false,,
ca2-30c70897da96155884e4,krc_token_pair,bsc,98ef4d8b82c05db7ecec1a2abf01234742a99192308c4e7b26d79783c7cc3eaa,,,false,,,,,,false,false,,
ca2-5c6b3bca3311000683b6,ktaf,ethereum,d15bf5eca897ba6dbb3cd2d874a363ffbc263ba0dc7a949eb3e505c7c4dd592d,,,false,,,,,,false,false,,
ca2-7455b4981f74c1b4c51e,kub_split,bsc,441b0671dc4dfe837680e4e3fa4e2e59a010da8c410b3ef22f82c913444608c1,,,false,,,,,,false,false,,
ca2-8dd7451bbe256eb45bfb,labubu,bsc,5354fd55c1c1908dda36870fcf345e2d0ae777af12044d3ff90dd0063717f653,,,false,,,,,,false,false,,
ca2-99439e8d086734a4e7a2,laeeb,bsc,e5ae4e5d7ec34362924e46e5c6fdb5f3e93cd41ea90b92f140e92730843d4572,,,false,,,,,,false,false,,
ca2-b47e7dc1b2b6c8992cce,laura_token,ethereum,63b7133501148f3eb8d921a1c40f98769b9f005d34ab8cdd61c0ba90d22b1802,,,false,,,,,,false,false,,
ca2-f4a91ff1efea083dedab,laxo_token,bsc,8a66e26afb84ee3ebd4a896ce81062b210c3b277421aafae0811f7ec100cfb2d,,,false,,,,,,false,false,,
ca2-d5e2d826f6d08f10011e,leetswap,base,7281336fdd8f09cc99391be3cd0ca9c11ecd67026ffb2154c040d9b5070a6717,,,false,,,,,,false,false,,
ca2-57582b3e77f95ed74d3f,lendfme,ethereum,8e3ad296184bd47799672c3ffb1056f1bb5e37938c7e15484c6719eef6ec881e,,,false,,,,,,false,false,,
ca2-001b14467ef9b84b416a,level,bsc,8593f6ebfadd0ce4c71b05c6d4e566190089f87692ad006b415ced7c71383a53,,,false,,,,,,false,false,,
ca2-b917178685db1ed39d90,lifeprotocol,bsc,45671d1341e2bbd7a85abf4049d56b82dc8cac5735dcef30f0dfc901129d6d07,,,false,,,,,,false,false,,
ca2-deb8f1653a1510fb4c48,lifiprotocol,ethereum,4ae3a1d2fc97c844790a4bc2074260e8bae1c2ba782cd9f0fd36c55fa144eadb,,,false,,,,,,false,false,,
ca2-33876c68131f30cf0f4a,liquiditytokens,bsc,2132019dee582fed34c990e9b1d824e20cbcbc4cd2a364e5c1b64a5efc8ad16b,,,false,,,,,,false,false,,
ca2-969e97a830e1fdab4f58,lp_mine,bsc,7be71a3bf3b10229a6258dbc57c4177b54761e85d806da98be46c3155353cdc1,,,false,,,,,,false,false,,
ca2-14f7f1899d2468d3cabf,lpc,bsc,e70418d703e1a3cebcd9f3b089eb7371fc6fa09433f8b1da0e08155138b988e7,,,false,,,,,,false,false,,
ca2-dcbeec1a974442a079de,lqdx_alert,ethereum,4568a79605bf018bf6c7c7aefaccb2ad804968419a55695e9f52253733934f18,,,false,,,,,,false,false,,
ca2-da248926cc32b52fc5ad,luckytiger,ethereum,23878a940cdfea9397f3f7893e0866137d61f7253e8f59be60ac8389e141eb37,,,false,,,,,,false,false,,
ca2-eafba3ad227d4a51d107,lusd,bsc,cf31523acb4243d93938e66963ed126fbefaf4c20b08f94d516a2840754d4154,,,false,,,,,,false,false,,
ca2-e54f2002a25549da55ac,lw,bsc,db82505db0693728a6e5745898cb9808b7eed374f895291922f08a07ae4ff058,,,false,,,,,,false,false,,
ca2-c68ae49271ecb40a17be,lw2,bsc,f7fb8071d42fb6bf73986f8cd0caf20370122be406416600348ea0869aad9e8f,,,false,,,,,,false,false,,
ca2-af464f834697310f7d30,mahalend,ethereum,2ffa5c4b6f90e6902a1170b4dfe75fac14f31d05bfab4a94def0478e554189a8,,,false,,,,,,false,false,,
ca2-f39ef961ac91c6d34016,makina,ethereum,cdc1cf3609dd1724573d12c3191c856d0e818a72a2ec7997de1701f41083038b,,,false,,,,,,false,false,,
ca2-6bc7737cc67404ed8f62,mamo,bsc,38fb3f8cdeec21c9bff60993630c18e8dce2e293606dff8749b5f571d617fc45,,,false,,,,,,false,false,,
ca2-5c60ed4125f7ab7d31ea,mbc_zzsh,bsc,6f3f619e497a8632457d6467a6840c2b505a3061f9f21a06558505dc3010a680,,,false,,,,,,false,false,,
ca2-bdda6e92a5771cd2e1b7,melo,bsc,88eba0ce902996906112ec20505b156b6c71493200e3829039ed3afa15b01a97,,,false,,,,,,false,false,,
ca2-aa4fa44d86c046a9915f,meta_pool,ethereum,b79e022efbf413b0b87ac796aebc135219d6848bd2eb427c7b4522c2bf54ddc2,,,false,,,,,,false,false,,
ca2-9896be8cb2fd2c2b336c,metadragon,bsc,2dd7b3a39aa45411b1947cc583b4f836e1b37f9cbcac4e70aa64b54c7e68461d,,,false,,,,,,false,false,,
ca2-a17aa054e6a4e68a65d6,mic,bsc,3461310b9b0cb8ca1b4f101ad942f375b74ee04e12ecdb839109d13e320e4f40,,,false,,,,,,false,false,,
ca2-e24739584c716694ba60,mim_spell3,ethereum,aeb2b37ea71b0fd2340e6891fe198c4087bd8cc44c6680676f6e09bc380cd7fd,,,false,,,,,,false,false,,
ca2-21ac1c8056ff7df162a8,mimspell,ethereum,8f2bfca4ddd883330ed7ab0b75bb13f4553d49a525a2da118fba656c4e5ae127,,,false,,,,,,false,false,,
ca2-be2ba09219e40ecb6cb2,mimspell2,ethereum,91051f64df888985bd47b0e8bb39fc0b8bc45ace37731a5859cda59b91fa11d8,,,false,,,,,,false,false,,
ca2-122f147da75159901ea0,miner,ethereum,09a348334e3b00bf83028ee5bda27a4f3a174dcdc6d756199fa072ac3b583563,,,false,,,,,,false,false,,
ca2-98f2e78eb7b0c6b2a380,miner_bsc,bsc,3ebaf6abed0ce74fb84ae41ac8d3501d3d2d403fe41422d1b75804fbfa744101,,,false,,,,,,false,false,,
ca2-04c30f824141f500c195,minestm,bsc,ea9be00f798fd99e816be2ba7693514420124b52927ae045d8455576756339ff,,,false,,,,,,false,false,,
ca2-02e1298629b75e4dec93,mintofinance,bsc,cacc731f14fc50d38cd33416187d5fc5108cc4407ee6aaeb722aa6aef3215079,,,false,,,,,,false,false,,
ca2-6123dfbf4db930b4d1d5,mono,ethereum,a105a7b4528981be4f959d22f1e973884cfb9819bb79427f17830fb7a8874916,,,false,,,,,,false,false,,
ca2-8eea98fa7851e4eaf7d3,moocakectx,bsc,c4b336627473586fd2482b0a5603e51ada3dfa769e8e07019087d23063e01502,,,false,,,,,,false,false,,
ca2-b4208a8c5bb1d965b99f,moonwell,base,d073dc98762eb40c32b0b44d786d746c66f00a01e009eb8e3f070976fabc5912,,,false,,,,,,false,false,,
ca2-2656a778ab34f3a823cd,morphoblue,ethereum,216221a4f3c3a67e1769748659a254c4ebdb65e23cd4838f2cef11a6817a8c88,,,false,,,,,,false,false,,
ca2-786342530794b2d0e951,mosca,bsc,6da69d254a484dad69d09db838aa9f94989c5661c928bb1c68e1fcc41ed7978c,,,false,,,,,,false,false,,
ca2-b6847d12944e5dba551b,mosca2,bsc,6c822406400925a54884c50b29655a52be0e634bff3808568d86a4555364be75,,,false,,,,,,false,false,,
ca2-17240c1cdca17b758810,mrp,bsc,7cc37c4efb1124496130506dca0d2dbbd8a04b902354148923841ca3648c1dfd,,,false,,,,,,false,false,,
ca2-0a80356999aee511c6c7,mttoken,bsc,6a383c8636bbe2f617960e28f20ade988470cf1e25167b2e48208d9841d77e36,,,false,,,,,,false,false,,
ca2-c6f760eb216df807a29b,multicall_with_eth,bsc,e3d3c5f0901f8239dc2b96dd0948f1eff434836da3fcf794128db1ebac955de8,,,false,,,,,,false,false,,
ca2-3b5e98c9b74a83f683a0,multicall_with_xera,bsc,1f63172fdeb840ff0da7063653ddda0a45b184c1f2a876eb5a9538fdc28e2587,,,false,,,,,,false,false,,
ca2-11635f2908fcc175e7c9,multichaincapital,ethereum,b051666e60d4214dc7730f5d9be03f93e54f364682a4df192f6a45b6da01e8fa,,,false,,,,,,false,false,,
ca2-522ebe1e13a3ab2c2fe8,myai,bsc,ceb601a9341f74b4c4a9e97d68425ddaeec3ed5e30275b97b43523fd5b8a19aa,,,false,,,,,,false,false,,
ca2-702749959585da21f48a,n00d,ethereum,f790b264348b015c74b060f2f612461f230a8ce1e1048bf7825d934d8792f281,,,false,,,,,,false,false,,
ca2-0727c8432700660b91c2,ncd,bsc,94dce5a6db02a5b887d13b4dce5e047f5f2693d97e027b19548ec4c850e2c43e,,,false,,,,,,false,false,,
ca2-4146cf0ae387533d1340,nervebridge,bsc,7fe47302c85fb608a9a0b436f7fb8268682cf03a2b2dbf51fc6f36822de43059,,,false,,,,,,false,false,,
ca2-10135a96af2e104eb4a4,neverfall,bsc,88bca10dc167f84fba1b8d1151753430f2505c37196dbccf4347a4ccb5b6ae98,,,false,,,,,,false,false,,
ca2-23403cb09827b5b8f43e,newfi,bsc,a1fa62e3095c2a5e10f333a384305bb6f179dcc35662ca0c4dacb90db210fb0b,,,false,,,,,,false,false,,
ca2-a9052dd43a76ce42a994,nfttrader,ethereum,fa4eec9c291311f445b3e2bf05f61ea8eba283193a4919431dde8142f17bf1ae,,,false,,,,,,false,false,,
ca2-b76182b1e2e51faa9428,ngfs,bsc,f676535f249bc55eb556a06c7316db1df4d0b478886fe1d9a818b868d4744779,,,false,,,,,,false,false,,
ca2-54094307591338d2b28a,nimbus,ethereum,f9ced5a321102eff3ae2e2b2b669882709617856cb18015520382e59fa4d24ca,,,false,,,,,,false,false,,
ca2-3a72b153af20c2c77bb7,nmbplatform,bsc,a59459d715c94c6a7ca64349e85c422787e80675d1acb8e97c630aa5fd98a007,,,false,,,,,,false,false,,
ca2-cf529333b32b69e4842e,nomadbridge,ethereum,f97ae143892c3979f91c4b49694dbc35764c288dade88b5a4891caa95d4436cc,,,false,,,,,,false,false,,
ca2-470ed35ca97a31cab7dd,normie,base,9c37d81a0bf3116d83d75e0686965c85d7d6c2c3057727bf08dce7e851a11462,,,false,,,,,,false,false,,
ca2-441ed1a86d9edadc1707,novo,bsc,bb53d11924d9de94927bc6f8b3e80da8509279ce2cd4bc5f092aaac962befd37,,,false,,,,,,false,false,,
ca2-bef4fd38f1af5d45d83a,nowswap,ethereum,e3bc6de7d0720279d053cdacae0af0864201cf6b5fb7b916c9559f096f750719,,,false,,,,,,false,false,,
ca2-759d84cb92c4b203c71e,num,ethereum,45f7c0767a8edeeca8bbdf6886c7bb3c62d0aad12d5f9dd56ad1647ce3b578c4,,,false,,,,,,false,false,,
ca2-444479add25939f22fc7,olife,bsc,f92d35bb953de55dc6822c909f46ef75ec1ee7877878ce7d1c9dbab9b4050f38,,,false,,,,,,false,false,,
ca2-60a0988512bfa1f54c2e,olympusdao,ethereum,24e82d5c426f2e24863a8a6fd73ba2c89fde210d50933a76d6c81d55e996b1d9,,,false,,,,,,false,false,,
ca2-9ed4dcb42bc3e395722f,omniestate,bsc,f80d61fa31a044cd588446a65964a516898935ff8357750297ca03c2f7bb89df,,,false,,,,,,false,false,,
ca2-1fe777829f28c3e02e1c,ompxcontract,ethereum,71c3e4641c79ce09dd5f2466b585038412df501032d6031d214907a35f763ac1,,,false,,,,,,false,false,,
ca2-8e3ab047548dade505e8,one_inch_fusion_v1_settlement_hack,ethereum,c0a1900c5c2e34b689d77854c10c329e7bff35a11c210707ec9cb1f7db6fb571,,,false,,,,,,false,false,,
ca2-194c50c55dd95140a294,onyxdao,ethereum,7892abddf6e0beeece8d14feae100df563a5f3309843ce6ad0f945d51ae9255b,,,false,,,,,,false,false,,
ca2-252276d076fbf17cb546,onyxprotocol,ethereum,5583e145297ebee6eca4fc38690db5fcb79fba54e847b40922b288881ed84e10,,,false,,,,,,false,false,,
ca2-ca180b9c5c90165fb523,openleverage,bsc,46f4741934f93e454ce89e9b40b3978f9e207db3d6183684fa3b03e51ef9fc20,,,false,,,,,,false,false,,
ca2-35c4477f5ae385f13b96,openleverage2,bsc,3d86293077b77e57b535a64daebdcc69f86501feb29ea3c770fe93d4ff594277,,,false,,,,,,false,false,,
ca2-b7ed9e346aa4cb6ca834,opyn,ethereum,3f4667941a17a6a0d2d14764d8221c25fb6066aab5586d375f6662981e7ca12c,,,false,,,,,,false,false,,
ca2-ee795333beb4dcb94cce,orion,ethereum,b7a6c67d7fbc3567279f84c8a963d945c5b5ab2a41bc2589af6a1b2e90c4c7c2,,,false,,,,,,false,false,,
ca2-351de4f0c9d0919d5212,osn,bsc,2105a6145295afd9d4d32f2a085e21a1b4c7146bba3daebe26cebc7c59adfe75,,,false,,,,,,false,false,,
ca2-a21d0869309e8d547595,otseastaking,ethereum,5577045509752a09d7c823ee321d1a0377d4a1e1d507b70b59f832d5cc2a89ac,,,false,,,,,,false,false,,
ca2-0bc1321f2d440dbae4b1,palmswap,bsc,45186664778d3bfc258277da5ecf4fc0687d043ce7825b20a14a18a94bf653b4,,,false,,,,,,false,false,,
ca2-7c6082cada48d720f171,pancakebunny,bsc,076fff7603e486bc79f8132ebc1fd54a72f53ec2eb71ae29c8063143c0c5f06f,,,false,,,,,,false,false,,
ca2-275669506c0506e44e0f,pancakehunny,bsc,7b09b78b4cbb77a5cb3ed97c8054090f6e49e87ad0776cfc76a31bcdaf80c6ba,,,false,,,,,,false,false,,
ca2-45e513227d9f7b4e1381,pandora,ethereum,e698fd1f8b1feb4cc675f2ef16a3a7ea68eddb9e2032bca7954f5d065671e0ca,,,false,,,,,,false,false,,
ca2-ac986ab36ff83135b05f,paraluni,bsc,cbc87feab3a7588de01788e26cb856ca38f3612175a921427e9d7a5bf521de95,,,false,,,,,,false,false,,
ca2-a86a6b86d343ba9e3bdb,paraspace,ethereum,f8e5ee573e6fbdeafc9d873e90c7004cd97700dc88157b0b87234f2bbdf494c4,,,false,,,,,,false,false,,
ca2-aa99cf4dbaf4c7bb8459,particletrade,ethereum,6261da7c1301e6910af219af2dbd7c063fde204a7e6eaa38413fc2bf194712a3,,,false,,,,,,false,false,,
ca2-6af08ae1ba1d426949bb,pawnfi,ethereum,5b6fb63d200eb6e06fff5280af360d137e8ddde2ee770f4036f3b2a436e8a0ee,,,false,,,,,,false,false,,
ca2-fe0426b19503c34e1f18,pdz,bsc,a50943de1cf35038b8f5c7624ad978f8a6636f9b54d44280d4458b3e721e3c6e,,,false,,,,,,false,false,,
ca2-8af0ea955100349da941,peapodsfinance,ethereum,2af49861dd6b12fd06d3f8f92a334e7ddf656d35c69b7325d515cda55fcdf643,,,false,,,,,,false,false,,
ca2-8b19d47d1a3d23da742b,penpiexyzio,ethereum,848ec1e21ae0c97687b3033e9e5d8bb5f7102d4ae483a3d03baacef57baa5c73,,,false,,,,,,false,false,,
ca2-3843aa138b13af762925,pickle,ethereum,2657fa91649ab5d0f045680d6ad647cf3831b0d2623be31dd5632d5884bd52c0,,,false,,,,,,false,false,,
ca2-9653ab400e10fa0c044d,pineprotocol,ethereum,6dda41427d646527f9725807cd7b922b8b736cf4f69ac049621f0a8b66052f12,,,false,,,,,,false,false,,
ca2-382283494db3462edcb4,pledge,bsc,63c24a91c455fa8cb22b0954ab3d5940da6c913da77873288717548fcaf948de,,,false,,,,,,false,false,,
ca2-1110a2625b12e4b110c0,ploutoz,bsc,618f9ef198f1bb094ae6c0dc77cb1fb25169043d56ecdafb99eef8f3790ebb73,,,false,,,,,,false,false,,
ca2-8cf05be564db7065817c,pltd,bsc,c20c67ea0776a04de451d42b2e3057a4ceac12f1451703b0d979dc6466a967b6,,,false,,,,,,false,false,,
ca2-ffbe4d4d4db010d46d01,poolz,bsc,70a100ed5fbfa82139827de94fb7b48430d903f162fc6c7c418c22f53efe9697,,,false,,,,,,false,false,,
ca2-5283fda6a42b6b876dbb,prxvt,base,180f4071f3b33d7e5aad9508d38786dc04cdfdef61e110b88d37b5afbd6bc170,,,false,,,,,,false,false,,
ca2-6f8a2ab5c968b3eaaf69,pseudoeth,ethereum,e388d7f2c51291ec7a616f0deada5e73c538ec1cb70cd37d30ad6cfdb4dcc19d,,,false,,,,,,false,false,,
ca2-c0d0113d3c9a4aa47402,pump,bsc,32be334985e75520287971f86b16b780fddee45fc18e0cae8be6b9f867d30d85,,,false,,,,,,false,false,,
ca2-7a7cf3302259e6efdd08,qixi,bsc,adb815862f3e66aae01c9981200dbf190675cca97efab06f9b2964525ea501e8,,,false,,,,,,false,false,,
ca2-c5f9905c03ee273e260f,qtn,ethereum,b9768eb470b6bd4b3e23db26a549c5f55f8a7bbc5ea748c4bd5c92b89bd445a0,,,false,,,,,,false,false,,
ca2-d22c4160c4fed52695d2,quantumwn,ethereum,56c719858c79c650e7dc1daa5710cd3d2b51ca60341c74918058a6f1e4783277,,,false,,,,,,false,false,,
ca2-ca3ec401a279f9b471a6,qubit,ethereum,3022a598091e750cc2206ed2b2e6a75cb54b3616e535790d57c71277d847914d,,,false,,,,,,false,false,,
ca2-c7586710b826b2f08a35,raft,ethereum,ab50338d03b4ea096b6ba511d003afc6103185178372c2ae445ad232c26c3b20,,,false,,,,,,false,false,,
ca2-b89108fafba359a9828c,rant_token,bsc,580a54496f384229c60aeb2c5ef5b9e78fc34ac3806926e78905b58f6f208f82,,,false,,,,,,false,false,,
ca2-332ccdc5e82202082265,rari,ethereum,bf9b824f62bf75f522abab7fd375e2d485139f3f5aec448e829f104e0540c17c,,,false,,,,,,false,false,,
ca2-511b838cc3ae7420a912,rbalancer,ethereum,86cf944880d6cbff7d2db1838a8e3abf951863f919835bb40aa9bd8218c4941a,,,false,,,,,,false,false,,
ca2-645b4941b3f47a925ccb,redkeyscoin,bsc,a2db9970877da0c83837583912d9c103c94fa3da0af9784bb32606db9afe8c09,,,false,,,,,,false,false,,
ca2-758d99036031cc6eb400,res,bsc,c314dc26fc80fb5b05458710f696cae8959cac4aeee9fb83f984e09f98e0e7aa,,,false,,,,,,false,false,,
ca2-301863287cb1e49bdbb5,res_2,bsc,eabf9f80d8c4600906efd55c7ff64ecbe40226c1678d41f21144ecd6f5455cbd,,,false,,,,,,false,false,,
ca2-f85fa30e6947a150b2f8,resupply_fi,ethereum,056c2208655097c27c89f9167af4500f2092be88cd3a7d0104b5b3291742c70e,,,false,,,,,,false,false,,
ca2-4de34020e1fa2eaee68a,revertfinance,ethereum,185b9119b9e8dc4ea92cab8fa79e8288377b794d97cc0d673bd4b729f68eaad5,,,false,,,,,,false,false,,
ca2-e75c05f94545176def00,revest,ethereum,30d6689298350a983cffcc8588f6123c817523bdf49005c47a659e0132e34ed8,,,false,,,,,,false,false,,
ca2-cb9d62babfef067f9bc8,rfb,bsc,0c32029b5d02659d5d824d4963f2087b84c9d3b43160c8c525f2c57eba526772,,,false,,,,,,false,false,,
ca2-cc09312220e115bde016,rikkei,bsc,600aae228c69fd082a3ad0fbe884347e50c653c4497b11fbccc3c55cc75b0c28,,,false,,,,,,false,false,,
ca2-604ce8fc1c483067805c,rl,bsc,a5e3a30479f4d5034068015d8efbaf379cf2dd3c7e4e330c4d90fbaa8e8a0aea,,,false,,,,,,false,false,,
ca2-0bd28c93ecf3fec1d833,roefinance,ethereum,c63cfd5482a8160d143e4f57f1e1da8249dc85a031883038bd03aeca8761be6c,,,false,,,,,,false,false,,
ca2-3b0aac1754ae5d74f870,roi,bsc,44b6df798e552caf91e55d0298a4741ab600d063f20c61e2230048ca2883f52f,,,false,,,,,,false,false,,
ca2-53f0c0893c96da4fd077,roulette_pot_v2,bsc,dcec85b65b0b026332a0ec4168b37a9e818f653db9d6fd1aceffa210718ed135,,,false,,,,,,false,false,,
ca2-4ab53dc147bf1894e356,rubic,ethereum,e8d29a0a1694fa21c7e7bdc69e41dd35fd1f3873690366aadf1680bfb255c883,,,false,,,,,,false,false,,
ca2-c76c240f897354a45770,ruggedart,ethereum,8f36141ff95c00a3a22a2e3ab0a513691069afda0fb6f9454845ae5d3dda81b4,,,false,,,,,,false,false,,
ca2-c9253cf4e2d235460157,saddle,ethereum,fc7a6c62cd6481103f6ed3ea6b0b75c989866492edc9713b6489caffbfab90a3,,,false,,,,,,false,false,,
ca2-6e83ea5ad89c085e5f5b,safemoon,bsc,25fe27155a5e52c4aaeba8057d8b47cdbd4e3d396358daf0d4b271340fe41dd9,,,false,,,,,,false,false,,
ca2-48d4577fa72f25875ad3,sandbox,ethereum,15abf85dac7a712c83c24da263dcde907c6f74d7488bec995c1aed112bed7bcd,,,false,,,,,,false,false,,
ca2-a4270f1ffef2f72b2237,sashatoken,ethereum,26cbf9fde363094744a07103dd194e7987d3d5aeabf0760b0a879575bbf6415c,,,false,,,,,,false,false,,
ca2-170efb900eb90211eaa2,satx,bsc,0838ef582db3c680dac24c28a39ea8a003cd3d759cd6cab4cf04f552df4b1470,,,false,,,,,,false,false,,
ca2-92eeb1ebc356ab25288f,sbt,bsc,c4b8e6347eb8150c7310e0ed1e9f8faa185c602622e33aa4c5777a8c78ecb6fd,,,false,,,,,,false,false,,
ca2-8b0370be76c7c7e05d59,sdao,bsc,190bb7abffdbf5ebc70266a584fec80364b0ddd237ba2296a08e4a18aece5360,,,false,,,,,,false,false,,
ca2-d3a51f08e6355a17ca20,seaman,bsc,0906eb13a4e8c0ee8bba18e7230761a8c3300d8ff676df51b94c8ca75038ccf4,,,false,,,,,,false,false,,
ca2-f18eddf4c9f68d58e510,sellc,bsc,264169613fbe8e65a3661bb684fbe13c88550086f0c223429679becf7c63630d,,,false,,,,,,false,false,,
ca2-8ce9d12a815961338519,sellc02,bsc,6cb920bb1f6f216b6ef89b9e5434dd0f0ab5b0d74b6737f975f47a1c42e4d43a,,,false,,,,,,false,false,,
ca2-b15231d961b437b62264,sellc03,bsc,0eb0ff1c0aefddf0474f597b850d9eaab312c8b34cf497a20d11079134f90e82,,,false,,,,,,false,false,,
ca2-429b8f8a4d1baf287471,selltoken,bsc,5fb9772fd66d36a0b2cbae2aa51f9eafe3c84f39a9c1cf916f5b9ad66544867e,,,false,,,,,,false,false,,
ca2-e7cd16bb64166a6efe64,seneca,ethereum,7eb36652f31a5d719d4adf50bb99c0ad334e59a02282814af3ef1b94c62c8ba0,,,false,,,,,,false,false,,
ca2-742774bf4edd46ad6f87,shadowfi,bsc,943fbc02a473a09fc9d7dedb198a227e57e368b3baa4e17f671a7fc015855850,,,false,,,,,,false,false,,
ca2-91206b717060c4fd7b39,sheep,bsc,24805fbb4c19f1a405ec1325e048c07a530636b73ace54a72604ae9cbe2ae9b1,,,false,,,,,,false,false,,
ca2-87e3cee3e857278adb8f,sheepfarm,bsc,ff10f8105785a06e7b0d840800ed0bbfb738b21032eab1c901fa6f01573a6a1d,,,false,,,,,,false,false,,
ca2-61379f018c08925d7ecc,sheepfarm2,bsc,6cd8ca37d4cad4ac43dc344c1ec7690f33a1a0c0a65d60427065fdf24b7e1322,,,false,,,,,,false,false,,
ca2-db4133161e8ad967d9de,shibatoken,bsc,6cd3af9cf3d08df66851c6a66bdd6a314ce1bbe14a2d3aa1de4f5f9ee216ad6a,,,false,,,,,,false,false,,
ca2-998d669aa57d9c873e3e,shido,bsc,bb9a683b8de5c216c4524628674cca5fea33527ae2f9908e0518011912213ff4,,,false,,,,,,false,false,,
ca2-fff564d4ebd90a3fa837,shido_2,bsc,654ccbf50a8c313368b24377ff3f9368f2d37d35ee895bffad689d98ee3fb846,,,false,,,,,,false,false,,
ca2-0973b5638247f1875b62,shoco,ethereum,98f3519891f1952e34b0b5947726a014ba3f0ebf23b7c986f333a08f9f47e33e,,,false,,,,,,false,false,,
ca2-0f2e70bb64b6ee9426eb,silo_finance,ethereum,d7caa3192a76881692fa6f2ee58d0a456a2892871b9401c5bf31fa73267de426,,,false,,,,,,false,false,,
ca2-92a135a9bdbd676ee494,size_credit,ethereum,56aadc0b3079f63d707f99dd024d88eb2165274d1ecdeb7368f0760d1191bdce,,,false,,,,,,false,false,,
ca2-f3e658093e457630a524,snk,bsc,b0499e76b1b54fab9443462e85cf986cdda828b86b1ac89a9386fa2b9e5be469,,,false,,,,,,false,false,,
ca2-c6799af1babe7f32f44f,snood,ethereum,019bbb1900ba49ca6ea2fc2e0febaac49e98cb9afa81f27935286c17ba3b4e43,,,false,,,,,,false,false,,
ca2-220124d062a8c71c63c5,socketgateway,ethereum,db706c871f0b2cc99036a3741e16ef2da5d9ee6a63e344741d77d921c30da7fe,,,false,,,,,,false,false,,
ca2-fdd7dce161154c375fb2,sorra_staking,ethereum,771e343f23e36a9ffb105f6f59212377d2c905273c45a3b20f7b2a8cf5415df5,,,false,,,,,,false,false,,
ca2-ee23a7f09f8e25f5c7d9,spacegodzilla,bsc,f613e65c5e150c0e3c2defbeb847b84874eb664f98375cc39c84ffd40ca027cc,,,false,,,,,,false,false,,
ca2-f655d6375b3979edab38,spartan,bsc,5ece262b8a7f56509a67d5213d893d7db0b8c829750ee4c15c7d037a3f79c913,,,false,,,,,,false,false,,
ca2-6996a5993263d8986598,spectra_finance,ethereum,091a2464724ee5bd0900c9bda72baf4f5f50cfb343dec39c4ba0f377a8488803,,,false,,,,,,false,false,,
ca2-b7fe5ed86edfbd9edb3a,squid,bsc,b590f846e76122812f0f9c85013dd6e2b10f898841e0f7d4aa7b26f95b95a94a,,,false,,,,,,false,false,,
ca2-0062515827b6285930f2,starlink,bsc,43ff9d0d2e3ae80524aed6179f2cfc46949220b9fa71c1ba318083e64a48ce52,,,false,,,,,,false,false,,
ca2-30fa2f4b25bbff890f55,steamswap,bsc,6444b5f97d79d00183552a1816ba2ef2f50ce42e94365f9bc2d7a653121bc450,,,false,,,,,,false,false,,
ca2-ca16a95de7b24c723e35,stepp2p,bsc,c9f4d9f65d46e8016bc1045031ac75f16a93864f4d0ed50965e51e58f36e16db,,,false,,,,,,false,false,,
ca2-7f64659ac37a0996268b,sturdy,ethereum,fd3c8f2549432cb680497310254ed1ec1857409620b9c12150bda9868aaab286,,,false,,,,,,false,false,,
ca2-0583d91c7785bb31ad8f,sumermoney,base,7c4ea4aa8d97c228b8f5b76ac2500bbe2a86d872a540437358fa42ba258ace18,,,false,,,,,,false,false,,
ca2-b68f8de37da66632724d,sushi_badger_digg,ethereum,d6122a91dd1ee239d796425f2b3f3cfee89f2239305be83ff6754d772d07789d,,,false,,,,,,false,false,,
ca2-59fefab120e73557ebbd,sushi_router,ethereum,9e1fdbf854b71a70eb76e82655b491b57d3f7a2f667580c2063fb06c1954c0da,,,false,,,,,,false,false,,
ca2-cc76e9ac975f3c46bb14,sushimiso,ethereum,1f452d52e058923ec3f16a4f561c08620fb08a42487a9f257508573c6029e7ef,,,false,,,,,,false,false,,
ca2-7887a4e3ed471d877a90,sut,bsc,3caeb50d125145de906476ab3872eec1edd163b2f5343391f986a03ee54e29a3,,,false,,,,,,false,false,,
ca2-7cd2beaa007600ae46b4,swampfinance,bsc,f0ab6cbf08541943dc31c92c94412fc5189e71e5c3b63bc066bf47fd9679a7f4,,,false,,,,,,false,false,,
ca2-4bda3ef104b3f057c7fd,swapos,ethereum,369a0161273cb9929a99db79e37d5b3ee698f47e1d54c69f0f96a2b99bf2f925,,,false,,,,,,false,false,,
ca2-01398b37f50bcbb8adc6,swapp_staking,ethereum,013cfe8f423c3711343928338b6cd88927aac22e0bc2b0663a77e856fda90f7f,,,false,,,,,,false,false,,
ca2-f459648a3f9405d0f148,synaplogic,base,17f95059732ac85c21ca905cf1bb65f42564d8d7b6fadb7473c935ac206b06df,,,false,,,,,,false,false,,
ca2-c2f4de8010f571d74d0d,teamfinance,ethereum,7530a6c49fa3e6ad9e2de962de98edf0c7105084d7d9ba7ceee6091aeac7ff3c,,,false,,,,,,false,false,,
ca2-a675d1938359eba4234f,tecraspace,ethereum,434a20441f98e07439a5a265231d3f245b1b832085647f8d3f9902452e649a6c,,,false,,,,,,false,false,,
ca2-e71c9a37159c80622f42,templedao,ethereum,f8621ef342bbe446f10e913a58e52de7cc76ebd48dac3bd4e3a9c5ac78ed357d,,,false,,,,,,false,false,,
ca2-ffeb7afe408bddf67264,tgbs,bsc,7c9c0adec5df864f26b6d2cfc9cf1036bdafa78020e6c93edcdd9f5e55c24d99,,,false,,,,,,false,false,,
ca2-997649be77b639049862,thb,bsc,f9680835c13f8404f2cd892f4f7929a8aef5ebb6bbca6495d7760149ca446c75,,,false,,,,,,false,false,,
ca2-ca903ea09549202fecb9,thenftv2,ethereum,3e30671102228b3937f6558d042df761c30e078befb45d2d4aaa40b60b219492,,,false,,,,,,false,false,,
ca2-11258a259a94c2ae2ec5,tifi,bsc,082df8cd2c5a8252b401d0ccd30486af3b1664dfd29c9bed1f05beb96a9675fb,,,false,,,,,,false,false,,
ca2-acd1e6758fc18c6f0e76,tinu,ethereum,f8e19267c23721ed9c4007bc4092d2758976714bfcfc3d8fde7bef4e63edb3fa,,,false,,,,,,false,false,,
ca2-7d8bff5c879f84e09ee4,tradeonorion,bsc,b34137739ebd3e3b7d6c6e8b4ba16c179333397d951ddde8a9578944de718817,,,false,,,,,,false,false,,
ca2-610c56fd6c594f9c9f90,truebit,ethereum,b7f5aedfa2eae0a81bb1c4c74aad5f0e93f2bd668439429141196e926235b4a6,,,false,,,,,,false,false,,
ca2-55d26359a2d08ac915c0,trustpad,bsc,c766521b65c4974d3582615263a69b3d55b3423cfa5e2dea8ee50d09d8396310,,,false,,,,,,false,false,,
ca2-8fc93c5fa8fffa0c5fa4,tsuru,base,abfe7b48f9861c96f2c82c6b2dfe8173bc99da07482eb41968b314edbf3879dd,,,false,,,,,,false,false,,
ca2-cd8110008dfe201e0222,uearnpool,bsc,24e428ed47a9d1620389329f32076304cee464a58822f7052c4160ebe6e0e657,,,false,,,,,,false,false,,
ca2-5d74bde6e71788f42085,uerii,ethereum,ffe74fc9fdb5003796ab702bfe47bd556753fb23d36a067e582eabdda4f57908,,,false,,,,,,false,false,,
ca2-9ab8788d5d7ac2a3947b,ufdao,bsc,a7f0b3a322603b8a5672fa2ffffac7313d5a6b32f37c88c871000cd28142aff5,,,false,,,,,,false,false,,
ca2-aa385c0e97d08a3f6364,ulme,bsc,bd1d94f3a03d99d4d06bac3c0120b92e470d9e5c29d06cdaf31ab915d00a29d2,,,false,,,,,,false,false,,
ca2-96f365accfda88170b34,ulme_2,bsc,e3950867e9b039bfaa5d2b3594fc0f882a7cf399a9bba3e5c40d959d2f33ae0e,,,false,,,,,,false,false,,
ca2-e6ddbcb4d936397b6ffe,umbrella,ethereum,a56ca7b9590063001e9dc98d38f3781389cbcb08d8db266b211b0f9a984fb360,,,false,,,,,,false,false,,
ca2-cfb8cf251b553eed2196,un,bsc,59eea7d2c0780942cfc2adc3cc768bc498459be44f48d0e183e3bd976a26da2a,,,false,,,,,,false,false,,
ca2-55172a38bf64b74d8fd2,uni,ethereum,ec83cdab1177e0fbff055df2d1d89fd3b71c6dde4fffeb8c2a7295e9cace69e5,,,false,,,,,,false,false,,
ca2-1579de76f9bed10399a7,uniclynft,ethereum,420656bdb52a522f556beecfb857a1994da84c5a16bf6155ea84318776e9189a,,,false,,,,,,false,false,,
ca2-f2fdba3be5c566aed586,unilend,ethereum,5611a68308cf02ac640ff894895a0cf6c5815e8a62fb775ada2cd2fcfffb6f0f,,,false,,,,,,false,false,,
ca2-70b6e2354548bbf8e66c,ups,bsc,d761adc8765c038cd60cc9dc26a710011785e4949029c4668016d47ad80d2ae2,,,false,,,,,,false,false,,
ca2-2f2a6d7666820b172f1a,upswing,ethereum,8d4ae64af2ddcee616c58709ad779af7b86c962a8dd6442f54390547c744ebe4,,,false,,,,,,false,false,,
ca2-36bcb163bd23551701cc,uranium,bsc,565ccf7c45e7c546114385df3064163058599a3d5c0a990af5f8ea064181485f,,,false,,,,,,false,false,,
ca2-8f2514150efc980c9183,usdtstakingcontract28,ethereum,d0714032acf028b6377a6dd56de924cf230cf954c5bb3cea4e5999f2ed8bf913,,,false,,,,,,false,false,,
ca2-5168eea9714e081f78ad,usual_money,ethereum,0e14a9607a37b89aa302bc876749ab908203a4d7c8a86977cdd645aed03e6a98,,,false,,,,,,false,false,,
ca2-59c27a09402366528ab6,utopia,bsc,bc8076a48615b35add6cb20ea80f47cb8eed471e67fc6f74887cf903dc533741,,,false,,,,,,false,false,,
ca2-28984dadb4e195ff0adc,uwerx,ethereum,9efcae7fde4663ac6a51c0fad5383e6ded974597f2a7a0d5ee36f6acfd9b88ad,,,false,,,,,,false,false,,
ca2-0687f6e05dc58457935a,uwulend_first,ethereum,64ae07d23fbfdf24c0065c4fef1d37a5b41f798dbb37de2b026f58c03cd9efe9,,,false,,,,,,false,false,,
ca2-93739b94fa0816bd6234,uwulend_second,ethereum,623a713e499eb6e21c539b54d09459be7628d17c0e20d62524bca927508c2a4f,,,false,,,,,,false,false,,
ca2-293982257dd654edb222,valuedefi,bsc,2795a31b49b9ff6fc51fdedae856c680dd594a725e5c5f37793fc54b75d67f4e,,,false,,,,,,false,false,,
ca2-b742b64a4c493234640e,venus_the,bsc,bb3d58275fe5848a0aeb5f00392676543099c4ffd9861b209d5a577c56b9a78b,,,false,,,,,,false,false,,
ca2-a7021cd43eafc6f1fd33,veth,ethereum,c10c81ffa126d5ae2115afa6f0afa167b76c267aca505eb9b1767117a86a96b0,,,false,,,,,,false,false,,
ca2-59a4716d84aaff033fae,vinu,ethereum,11596e9daa8767260ee332cf5e5cc593d3bcbe4230a82259faeb6950b839de3d,,,false,,,,,,false,false,,
ca2-c5ce6bf171451010d578,visor,ethereum,c6b0261108460d03ce172c7821a5a1fa37315e8002a9cd82a982076a1394ad53,,,false,,,,,,false,false,,
ca2-7efff287d58605a4cc72,vista,bsc,e0a21aa49818b903cc166a30ff2c51ada01fcca2bce158e86072a0ec07db5f9c,,,false,,,,,,false,false,,
ca2-83e922a7f39b2bc4b4b1,vtf,bsc,40961895131d437d0f3fe22d18a416b5a818f0c0951883e9a61be4e0bb5ad250,,,false,,,,,,false,false,,
ca2-f359ea85ce584fc54da1,w_key_dao,bsc,0f8470394dbe43439e41edf018ca6975ca802a65e9516deb1c010f09ed0f4f26,,,false,,,,,,false,false,,
ca2-69618eefef4fa57c795c,waultfinance,bsc,364b353c47c839a6da013fc105813080a6d7a2cd1bd70e9f9c948878dd14b3b6,,,false,,,,,,false,false,,
ca2-76e88e5b8b6fbabe3012,wdoge,bsc,53981877155d2999631621674cff333fe2a047e29d4c01769d9d5786038f1f86,,,false,,,,,,false,false,,
ca2-c8f07b57035de6f92dd6,weco,bsc,aa0cee4cb2c74a5614e33fca6759edf11dda4768c2cbf42999b0a4d285f12495,,,false,,,,,,false,false,,
ca2-3ceb352e665fb61f7402,wgpt,bsc,c0936372b5226f46762cf4afb588d4cb716f16aa87fba610af4df42a07cf38dc,,,false,,,,,,false,false,,
ca2-616b55afdd61c6ca8b12,wifcoin_eth,ethereum,639def554def38fd438757623a8b8a683c37cb75eaed29e076aeb79f5f87fc10,,,false,,,,,,false,false,,
ca2-94a8114b86699da44092,will,bsc,543ddab9a59752b16a9b2c47cac49a88832074afe85ef6d4b4e698dcccda209c,,,false,,,,,,false,false,,
ca2-789b9d7c348037be1840,wiselending,ethereum,df4986ce16955e38dbb853316d987ccfe0d10e6f90fc8bfefddb1c3a795c825f,,,false,,,,,,false,false,,
ca2-a8ad072cb3fd37a5cfca,wiselending02,ethereum,5e7f72fd2aca52ff4dcf7b115515a56e168188fe248cf6487ba2694be69cf37b,,,false,,,,,,false,false,,
ca2-fb44a0ed0d7b6f375c60,wiselending03,ethereum,405cbba92c6446ba91971c554c07164ee29cf61f3edb9173284df26fd9405a01,,,false,,,,,,false,false,,
ca2-72ea322ccc16e3e5cbe0,wsm,bsc,f23c5eeda2d8b89e58071273945283acb7e237ed516db0b012307d5e36e244eb,,,false,,,,,,false,false,,
ca2-8cfe2ca57c523f31600e,xai,bsc,be3fe364eb2ba9500754575d34d5909c23d6284e84c487e9a95ec35f26578cc9,,,false,,,,,,false,false,,
ca2-4c7dcc457e38b7cc78ee,xavefinance,ethereum,09bbdd13ecac29d20735457cbfd766781cfad8a3b0c8fdf8b4dc031a822bc76d,,,false,,,,,,false,false,,
ca2-ed09542f8921c91cd3ec,xbridge,ethereum,112f53bec8f52b44d1b8246da7e754af7dcce07a75dc9e17b38c5d3446810fd9,,,false,,,,,,false,false,,
ca2-bf6bdd3510f2428b0575,xcarnival,ethereum,6e5d9cf134814d3ad02155e761b8ec9a24e4e5fabd380fd96759f5c7abeca01f,,,false,,,,,,false,false,,
ca2-4cd0e024b3073b041691,xsdwethpool,bsc,f4babb0fc24f52e3bca63452792ca24df41d33074be29dc9f9847d469b415958,,,false,,,,,,false,false,,
ca2-5616b56d8b8cbc0a3ebe,xsij,bsc,41fb1ad571af0c02b95953dd63f94a2884963dcf9f2209a08ced651eb9b14f53,,,false,,,,,,false,false,,
ca2-3ce3786a7c84825faed0,xst,ethereum,caf67d35c38950380b0d791c36e916183f2630d7b0128e7e659d25904f6c48bf,,,false,,,,,,false,false,,
ca2-aa992d5980e00838b209,xst_2,ethereum,88ea52feb15de61dcbf10e495fd36fd5a8cc89306db56734e1d7a882e41d196b,,,false,,,,,,false,false,,
ca2-f4c153bbeb9c3fff7e54,xsurge,bsc,ce9abf899a9286aea90b625a3ef92a27bcc51c8bdcdd2064b9e6f7733ec37a89,,,false,,,,,,false,false,,
ca2-42dc2e766a267767f0d8,xwin,bsc,7123ec9a0e2e128e7e999fa8d26c773c7791504e005a79ba6f74da12bac36cb1,,,false,,,,,,false,false,,
ca2-8025fde6af4409634631,ydt_token,bsc,380cef9b755e8ba0705edbf395a1fdf568d16fdccd4626727b1e6c4d544229d6,,,false,,,,,,false,false,,
ca2-b6eef501c6bfb6ae40e1,yearn_ydai,ethereum,e9bbcbf078d220bc8ad26e2ea153e1a372d9c8ec46af787f563d964b47b9b862,,,false,,,,,,false,false,,
ca2-6b709bd598843f9b172a,yearnfinance,ethereum,8aaeb48318b86c08d8f0fdad46836ba3753e2b9e4705831334606e56f0aa8d1a,,,false,,,,,,false,false,,
ca2-5844befdcedaeb2de0d2,yiedl,bsc,10ba33f1c2acfcac482d97d37ccb8c79f5aef20001057767dff7a950797fa179,,,false,,,,,,false,false,,
ca2-b9b0485322ceb6ce33a3,yodlrouter,ethereum,a741c0849c8869c6d349120d486f0f73754b977a2a5974c794f3a16444127132,,,false,,,,,,false,false,,
ca2-3ae6d0e93f222f7571b2,yzi_ai_token,bsc,89da1c022a29626eafcebdb985cd49967b4d2608ec48eb50ea16ba60f18a5be5,,,false,,,,,,false,false,,
ca2-a5caf2554c14b71cf9ef,z123,bsc,74b178ce1a92ed513d795c723274a3259e008e30f8f8dc94099d48cedf654adc,,,false,,,,,,false,false,,
ca2-8accf6f062f57db1f918,zeed,bsc,9078c9e4db58ca437b6e6e546e02da3e960f0173f277eb99da43a106322dbd78,,,false,,,,,,false,false,,
ca2-50a6237be75e1de28124,zenterest,ethereum,3dbc3fcc1d0787b7b306768966ec904f7bc64c4b155cca19453002f57d48c033,,,false,,,,,,false,false,,
ca2-2f4322a54fd6caa407fe,zs,bsc,20effb003fac2ea5c3d300eb65a67d636e862da4a1b4404bb0a69360508a71ed,,,false,,,,,,false,false,,
