path,phase,required,owner,status,revision,sha256,consumes,evidence_ids,confidentiality,produced_by,verified_by,verification_id,verification_event_id,provenance_event_id,schema_id,schema_revision,semantic_type,na_policy_code,na_reason_code,verifier_registry_id,signing_key_id,updated_at,notes
00-governance/intake-original.md,INTAKE,true,root-integration-owner,VERIFIED,2,e7e2c21c831851cf40b800af2b7ab3a3a621cf6b7820ba392604de18aa80e7f1,,,UNRESOLVED,single-input-kickoff,runtime-governance,INTAKE-V4-RAW-HASH-001,VER-49361168fcb6,PROV-f30562b4e20b,S4::00_governance_intake_original_md,1,intake_original,INTAKE_REQUIRED,,runtime-mechanical-attestor,runtime-governance,2026-08-02T01:40:57Z,"Mechanical recertification only; does not verify novelty, feasibility, authority, or scientific validity."
00-governance/intake.json,INTAKE,true,root-integration-owner,VERIFIED,4,3ed3417c7602c498784f1d45252ad3413c186dfb1948bce1d9541b382c8b3149,00-governance/intake-original.md,,UNRESOLVED,single-input-kickoff,runtime-governance,INTAKE-V4-NORMALIZATION-002,VER-ed98e10a1d96,PROV-4ee062361520,S4::00_governance_intake_json,1,normalized_intake,INTAKE_REQUIRED,,runtime-mechanical-attestor,runtime-governance,2026-08-02T01:41:20Z,"Mechanical recertification only; does not verify novelty, feasibility, authority, or scientific validity. Serial re-record after registry write collision; prior signed event preserved in history."
00-governance/program-charter.md,INTAKE,true,intake_integration,BLOCKED,6,755b1a454abd7d2a69739abda47d1a9ea87c6a44412e0065d7936cc96f443f9d,00-governance/intake.json,"C001,C002",UNRESOLVED,root-integration-owner,,,,PROV-c9c61258d477,S4::00_governance_program_charter_md,1,program_charter,CHARTER_REQUIRED,,,,2026-08-02T03:00:20Z,Safe-route scope added; external independent verification remains unavailable.
00-governance/decision-log.md,INTAKE,false,root-integration-owner,DRAFT,46,1a29bb247b6722048bae21aec5383b1094c358e231c9211e5e66a017c509375f,00-governance/intake.json,C001,UNRESOLVED,gate-decision-append,,,,,S4::00_governance_decision_log_md,1,generic,GENERIC,,,,2026-08-02T02:47:04Z,Append-only control ledger; each gate append creates a new draft revision.
01-novelty/problem-investigation.md,NOVELTY_AUDIT,true,problem_investigation,STALE,5,581a0d3b1810ff57d5224f444a736492591435b18cf3ec30072fde8a9410815f,00-governance/program-charter.md,C001,UNRESOLVED,root-integration-owner,,,,,S4::01_novelty_problem_investigation_md,1,generic,GENERIC,,,,2026-08-01T21:16:21Z,"Invalidated: NOVELTY_UNRESOLVED: Attempt-8 validly reframed C001 as a joint capability-survival measurement contribution and recovered no equivalent single predecessor, but the independently owned bounded audit failed its frozen reconstruction contract: query-level UTC/count/screened/retained/exclusion fields were missing, FinSurvival was unrecovered, one closest-work traversal and patent coverage were incomplete, and the pre-ledger freeze was not timestamped. Strong component precedents and obvious-recombination risk therefore remain. The prespecified stop rule prohibits another autonomous retry under this authorization."
01-novelty/search-protocol.md,NOVELTY_AUDIT,true,root-integration-owner,STALE,7,8b728842ad1aa4561479373b930fcc09f5f0ca7aae7e00e6920ce1a4242f8fcb,01-novelty/problem-investigation.md,C001,UNRESOLVED,root-integration-owner,,,,,S4::01_novelty_search_protocol_md,1,generic,GENERIC,,,,2026-08-01T21:16:21Z,"Invalidated: NOVELTY_UNRESOLVED: Attempt-8 validly reframed C001 as a joint capability-survival measurement contribution and recovered no equivalent single predecessor, but the independently owned bounded audit failed its frozen reconstruction contract: query-level UTC/count/screened/retained/exclusion fields were missing, FinSurvival was unrecovered, one closest-work traversal and patent coverage were incomplete, and the pre-ledger freeze was not timestamped. Strong component precedents and obvious-recombination risk therefore remain. The prespecified stop rule prohibits another autonomous retry under this authorization."
01-novelty/evidence-ledger.csv,NOVELTY_AUDIT,true,root-integration-owner,STALE,6,f7259654d8159a3d6caeb3e5e90ec16b28e12dd27debb448077527232d76d15d,01-novelty/search-protocol.md,PA001-PA040,UNRESOLVED,root-integration-owner,,,,,S4::01_novelty_evidence_ledger_csv,1,generic,GENERIC,,,,2026-08-01T21:16:21Z,"Invalidated: NOVELTY_UNRESOLVED: Attempt-8 validly reframed C001 as a joint capability-survival measurement contribution and recovered no equivalent single predecessor, but the independently owned bounded audit failed its frozen reconstruction contract: query-level UTC/count/screened/retained/exclusion fields were missing, FinSurvival was unrecovered, one closest-work traversal and patent coverage were incomplete, and the pre-ledger freeze was not timestamped. Strong component precedents and obvious-recombination risk therefore remain. The prespecified stop rule prohibits another autonomous retry under this authorization."
01-novelty/novelty-matrix.csv,NOVELTY_AUDIT,true,root-integration-owner,STALE,7,5c84430a94dfaf6dd26a073b4dd0bf949d2f4483e5c4dc9cfc4575c63d261a72,01-novelty/evidence-ledger.csv|01-novelty/search-coverage.csv|01-novelty/independent-search-challenge.md,C001,UNRESOLVED,root-integration-owner,,,,,S4::01_novelty_novelty_matrix_csv,1,novelty_matrix,NOVELTY_MATRIX_REQUIRED,,,,2026-08-01T21:16:21Z,"Invalidated: NOVELTY_UNRESOLVED: Attempt-8 validly reframed C001 as a joint capability-survival measurement contribution and recovered no equivalent single predecessor, but the independently owned bounded audit failed its frozen reconstruction contract: query-level UTC/count/screened/retained/exclusion fields were missing, FinSurvival was unrecovered, one closest-work traversal and patent coverage were incomplete, and the pre-ledger freeze was not timestamped. Strong component precedents and obvious-recombination risk therefore remain. The prespecified stop rule prohibits another autonomous retry under this authorization."
01-novelty/citation-audit.md,NOVELTY_AUDIT,true,root-integration-owner,STALE,7,ba2a79b7acd63ec83511c007b4f09d55ddf2a6430ca9ab7b2e74b83fd25a1b73,01-novelty/evidence-ledger.csv|01-novelty/novelty-matrix.csv,C001,UNRESOLVED,root-integration-owner,,,,,S4::01_novelty_citation_audit_md,1,generic,GENERIC,,,,2026-08-01T21:16:21Z,"Invalidated: NOVELTY_UNRESOLVED: Attempt-8 validly reframed C001 as a joint capability-survival measurement contribution and recovered no equivalent single predecessor, but the independently owned bounded audit failed its frozen reconstruction contract: query-level UTC/count/screened/retained/exclusion fields were missing, FinSurvival was unrecovered, one closest-work traversal and patent coverage were incomplete, and the pre-ledger freeze was not timestamped. Strong component precedents and obvious-recombination risk therefore remain. The prespecified stop rule prohibits another autonomous retry under this authorization."
01-novelty/causal-model.mmd,NOVELTY_AUDIT,true,problem_investigation,STALE,5,2f7c579f61eff99bb9135ce599ccaf17cafa115c1df41f4489543d3f46984c20,01-novelty/problem-investigation.md,C001,UNRESOLVED,root-integration-owner,,,,,S4::01_novelty_causal_model_mmd,1,generic,GENERIC,,,,2026-08-01T21:16:21Z,"Invalidated: NOVELTY_UNRESOLVED: Attempt-8 validly reframed C001 as a joint capability-survival measurement contribution and recovered no equivalent single predecessor, but the independently owned bounded audit failed its frozen reconstruction contract: query-level UTC/count/screened/retained/exclusion fields were missing, FinSurvival was unrecovered, one closest-work traversal and patent coverage were incomplete, and the pre-ledger freeze was not timestamped. Strong component precedents and obvious-recombination risk therefore remain. The prespecified stop rule prohibits another autonomous retry under this authorization."
01-novelty/candidate-portfolio.md,NOVELTY_AUDIT,true,root-integration-owner,STALE,6,30004af531d1279777713be03a45aa7e89f46f0f6de5e6333944cbe07c204da3,01-novelty/novelty-matrix.csv|01-novelty/causal-model.mmd,C001,UNRESOLVED,root-integration-owner,,,,,S4::01_novelty_candidate_portfolio_md,1,generic,GENERIC,,,,2026-08-01T21:16:21Z,"Invalidated: NOVELTY_UNRESOLVED: Attempt-8 validly reframed C001 as a joint capability-survival measurement contribution and recovered no equivalent single predecessor, but the independently owned bounded audit failed its frozen reconstruction contract: query-level UTC/count/screened/retained/exclusion fields were missing, FinSurvival was unrecovered, one closest-work traversal and patent coverage were incomplete, and the pre-ledger freeze was not timestamped. Strong component precedents and obvious-recombination risk therefore remain. The prespecified stop rule prohibits another autonomous retry under this authorization."
02-feasibility/feasibility-report.md,FEASIBILITY_GATE,true,root-integration-owner,STALE,7,0d607d5bb182d0a4f8096c15df57fc004d16b27521b7be756d87c1a37c73ada5,01-novelty/novelty-matrix.csv|01-novelty/candidate-portfolio.md|02-feasibility/solution-viability-case.md|02-feasibility/evidence-maturity-ladder.csv,FEAS-PILOT-C3,UNRESOLVED,root-integration-owner,,,,,S4::02_feasibility_feasibility_report_md,1,generic,GENERIC,,,,2026-08-01T21:16:21Z,"Invalidated: NOVELTY_UNRESOLVED: Attempt-8 validly reframed C001 as a joint capability-survival measurement contribution and recovered no equivalent single predecessor, but the independently owned bounded audit failed its frozen reconstruction contract: query-level UTC/count/screened/retained/exclusion fields were missing, FinSurvival was unrecovered, one closest-work traversal and patent coverage were incomplete, and the pre-ledger freeze was not timestamped. Strong component precedents and obvious-recombination risk therefore remain. The prespecified stop rule prohibits another autonomous retry under this authorization."
02-feasibility/risk-register.csv,FEASIBILITY_GATE,true,root-integration-owner,STALE,7,e21a03e8049bbe379d34209534fa7b9675e09c3801b90b3f505c4761e7992928,02-feasibility/feasibility-report.md,FEAS-PILOT-C3,UNRESOLVED,root-integration-owner,,,,,S4::02_feasibility_risk_register_csv,1,generic,GENERIC,,,,2026-08-01T21:16:21Z,"Invalidated: NOVELTY_UNRESOLVED: Attempt-8 validly reframed C001 as a joint capability-survival measurement contribution and recovered no equivalent single predecessor, but the independently owned bounded audit failed its frozen reconstruction contract: query-level UTC/count/screened/retained/exclusion fields were missing, FinSurvival was unrecovered, one closest-work traversal and patent coverage were incomplete, and the pre-ledger freeze was not timestamped. Strong component precedents and obvious-recombination risk therefore remain. The prespecified stop rule prohibits another autonomous retry under this authorization."
02-feasibility/progression-criteria.csv,FEASIBILITY_GATE,true,chronosaudit_feasibility_science,STALE,7,781765af65733f7f30653cda792c9e750009f6ea5af19a3496b0e3000c5dfc04,02-feasibility/feasibility-report.md|02-feasibility/risk-register.csv,FEAS-PILOT-C2,UNRESOLVED,root-integration-owner,,,,,S4::02_feasibility_progression_criteria_csv,1,generic,GENERIC,,,,2026-08-01T21:16:21Z,"Invalidated: NOVELTY_UNRESOLVED: Attempt-8 validly reframed C001 as a joint capability-survival measurement contribution and recovered no equivalent single predecessor, but the independently owned bounded audit failed its frozen reconstruction contract: query-level UTC/count/screened/retained/exclusion fields were missing, FinSurvival was unrecovered, one closest-work traversal and patent coverage were incomplete, and the pre-ledger freeze was not timestamped. Strong component precedents and obvious-recombination risk therefore remain. The prespecified stop rule prohibits another autonomous retry under this authorization."
02-feasibility/pilot-plan.md,FEASIBILITY_GATE,false,root-integration-owner,STALE,8,fecfc4e9197ad09c3b4a934aaf665f540a554af8c1b939e0b4b528023656dbbe,02-feasibility/feasibility-report.md|02-feasibility/progression-criteria.csv,FEAS-PILOT-C3,UNRESOLVED,root-integration-owner,,,,,S4::02_feasibility_pilot_plan_md,1,pilot_artifact,PILOT_REQUIRED_ONLY_AFTER_PILOT_FIRST,,,,2026-08-01T21:16:21Z,"Invalidated: NOVELTY_UNRESOLVED: Attempt-8 validly reframed C001 as a joint capability-survival measurement contribution and recovered no equivalent single predecessor, but the independently owned bounded audit failed its frozen reconstruction contract: query-level UTC/count/screened/retained/exclusion fields were missing, FinSurvival was unrecovered, one closest-work traversal and patent coverage were incomplete, and the pre-ledger freeze was not timestamped. Strong component precedents and obvious-recombination risk therefore remain. The prespecified stop rule prohibits another autonomous retry under this authorization."
02-feasibility/pilot-results.md,FEASIBILITY_GATE,false,root-integration-owner,STALE,7,05d80ac666f706ea26611edc6ecf193bfc23882ab127a006aae78f1943d7ce41,02-feasibility/pilot-plan.md,FEAS-PILOT-C3,UNRESOLVED,root-integration-owner,,,,,S4::02_feasibility_pilot_results_md,1,pilot_artifact,PILOT_REQUIRED_ONLY_AFTER_PILOT_FIRST,,,,2026-08-01T21:16:21Z,"Invalidated: NOVELTY_UNRESOLVED: Attempt-8 validly reframed C001 as a joint capability-survival measurement contribution and recovered no equivalent single predecessor, but the independently owned bounded audit failed its frozen reconstruction contract: query-level UTC/count/screened/retained/exclusion fields were missing, FinSurvival was unrecovered, one closest-work traversal and patent coverage were incomplete, and the pre-ledger freeze was not timestamped. Strong component precedents and obvious-recombination risk therefore remain. The prespecified stop rule prohibits another autonomous retry under this authorization."
03-design/protocol.md,STUDY_DESIGN,true,root-integration-owner,DRAFT,1,a58c65f0d2a6afc02ab5336791f4323e0a1561a59402ebe24b4a22b98d75275f,02-feasibility/feasibility-report.md|02-feasibility/progression-criteria.csv,"C001,C002",UNRESOLVED,root-integration-owner,,,,PROV-19b5d85d2a20,S4::03_design_protocol_md,1,study_protocol,DESIGN_REQUIRED,,,,2026-08-02T03:00:20Z,Concept-only safe-route draft; not independently verified and not phase-promoting.
03-design/analysis-plan.md,STUDY_DESIGN,true,root-integration-owner,DRAFT,1,5e1f3fa07a7839134021ef889894f06bcd02bf729a2fec92afdd6d4cc0560ddb,03-design/protocol.md,"C001,C002",UNRESOLVED,root-integration-owner,,,,PROV-2e232251edc7,S4::03_design_analysis_plan_md,1,analysis_plan,DESIGN_REQUIRED,,,,2026-08-02T03:00:20Z,Concept-only safe-route draft; not independently verified and not phase-promoting.
03-design/power-or-precision.md,STUDY_DESIGN,true,root-integration-owner,DRAFT,1,ef076bc5aed0f53f3aaae6c06774ac6e5c77df372cba27f045a4b6fb5cfc276b,03-design/protocol.md|03-design/analysis-plan.md,"C001,C002",UNRESOLVED,root-integration-owner,,,,PROV-6368bb4d7b18,S4::03_design_power_or_precision_md,1,power_precision,DESIGN_REQUIRED,,,,2026-08-02T03:00:20Z,Concept-only safe-route draft; not independently verified and not phase-promoting.
03-design/preregistration-and-deviations.md,STUDY_DESIGN,true,root-integration-owner,DRAFT,1,38cdf08f63b008de8722fc684414429d331c55450b739e6279661f4d48efbc36,03-design/protocol.md|03-design/analysis-plan.md,"C001,C002",UNRESOLVED,root-integration-owner,,,,PROV-63402267aca5,S4::03_design_preregistration_and_deviations_md,1,preregistration_deviations,DESIGN_REQUIRED,,,,2026-08-02T03:00:20Z,Concept-only safe-route draft; not independently verified and not phase-promoting.
04-data/provenance-manifest.csv,AUTHORIZED_EXECUTION,true,root-integration-owner,DRAFT,1,c692d1f02f86c38f49ee32a3fb4b305639656f983326b87dcb7a24299d4e3799,03-design/protocol.md|03-design/preregistration-and-deviations.md,"C001,C002",UNRESOLVED,root-integration-owner,,,,PROV-a11fff764a69,S4::04_data_provenance_manifest_csv,1,provenance_manifest,AUTHORIZATION_REQUIRED,,,,2026-08-02T03:00:20Z,Concept-only safe-route draft; not independently verified and not phase-promoting.
05-analysis/results/exploratory-findings.csv,ANALYSIS,true,UNASSIGNED,MISSING,0,,04-data/provenance-manifest.csv,,UNRESOLVED,,,,,,S4::05_analysis_results_exploratory_findings_csv,1,generic,GENERIC,,,,,
05-analysis/results/primary-results.csv,ANALYSIS,true,UNASSIGNED,MISSING,0,,04-data/provenance-manifest.csv|04-data/evidence-status.csv|03-design/analysis-plan.md,,UNRESOLVED,,,,,,S4::05_analysis_results_primary_results_csv,1,primary_results,PRIMARY_RESULTS_REQUIRED,,,,,
05-analysis/results/robustness-and-boundaries.csv,ANALYSIS,true,UNASSIGNED,MISSING,0,,05-analysis/results/primary-results.csv,,UNRESOLVED,,,,,,S4::05_analysis_results_robustness_and_boundaries_csv,1,generic,GENERIC,,,,,
05-analysis/results/negative-findings.csv,ANALYSIS,true,UNASSIGNED,MISSING,0,,05-analysis/results/primary-results.csv,,UNRESOLVED,,,,,,S4::05_analysis_results_negative_findings_csv,1,generic,GENERIC,,,,,
05-analysis/external-validation/protocol.md,ANALYSIS,true,UNASSIGNED,MISSING,0,,03-design/protocol.md|05-analysis/results/primary-results.csv,,UNRESOLVED,,,,,,S4::05_analysis_external_validation_protocol_md,1,external_validation,EXTERNAL_VALIDATION_SCOPE,,,,,
05-analysis/external-validation/results.csv,ANALYSIS,true,UNASSIGNED,MISSING,0,,05-analysis/external-validation/protocol.md|04-data/provenance-manifest.csv,,UNRESOLVED,,,,,,S4::05_analysis_external_validation_results_csv,1,external_validation,EXTERNAL_VALIDATION_SCOPE,,,,,
05-analysis/external-validation/real-world-validation-report.md,ANALYSIS,true,UNASSIGNED,MISSING,0,,05-analysis/external-validation/results.csv|05-analysis/results/robustness-and-boundaries.csv,,UNRESOLVED,,,,,,S4::05_analysis_external_validation_real_world_validation_report_md,1,external_validation,EXTERNAL_VALIDATION_SCOPE,,,,,
05-analysis/external-validation/challenge.md,ANALYSIS,true,UNASSIGNED,MISSING,0,,05-analysis/external-validation/real-world-validation-report.md,,UNRESOLVED,,,,,,S4::05_analysis_external_validation_challenge_md,1,generic,GENERIC,,,,,
05-analysis/reproducibility-report.md,ANALYSIS,true,UNASSIGNED,MISSING,0,,03-design/analysis-plan.md|04-data/provenance-manifest.csv|05-analysis/results/exploratory-findings.csv|05-analysis/results/primary-results.csv|05-analysis/external-validation/challenge.md,,UNRESOLVED,,,,,,S4::05_analysis_reproducibility_report_md,1,generic,GENERIC,,,,,
06-visuals/tables/t2-proposed-vs-baselines.csv,ANALYSIS,true,UNASSIGNED,MISSING,0,,01-novelty/novelty-matrix.csv|05-analysis/results/primary-results.csv,,UNRESOLVED,,,,,,S4::06_visuals_tables_t2_proposed_vs_baselines_csv,1,generic,GENERIC,,,,,
06-visuals/tables/t3-data-or-conditions.csv,ANALYSIS,true,UNASSIGNED,MISSING,0,,04-data/provenance-manifest.csv,,UNRESOLVED,,,,,,S4::06_visuals_tables_t3_data_or_conditions_csv,1,generic,GENERIC,,,,,
06-visuals/tables/t5-ablation-or-mechanism.csv,ANALYSIS,false,UNASSIGNED,MISSING,0,,05-analysis/results/primary-results.csv,,UNRESOLVED,,,,,,S4::06_visuals_tables_t5_ablation_or_mechanism_csv,1,generic,GENERIC,,,,,
06-visuals/tables/t7-real-world-feasibility.csv,ANALYSIS,true,UNASSIGNED,MISSING,0,,02-feasibility/feasibility-report.md|05-analysis/results/primary-results.csv|05-analysis/external-validation/real-world-validation-report.md,,UNRESOLVED,,,,,,S4::06_visuals_tables_t7_real_world_feasibility_csv,1,generic,GENERIC,,,,,
06-visuals/visual-ledger.csv,MANUSCRIPT,true,UNASSIGNED,MISSING,0,,05-analysis/results/primary-results.csv,,UNRESOLVED,,,,,,S4::06_visuals_visual_ledger_csv,1,generic,GENERIC,,,,,
06-visuals/figures/figure-manifest.csv,MANUSCRIPT,true,UNASSIGNED,MISSING,0,,05-analysis/results/primary-results.csv|06-visuals/visual-ledger.csv,,UNRESOLVED,,,,,,S4::06_visuals_figures_figure_manifest_csv,1,generic,GENERIC,,,,,
06-visuals/diagrams/architecture.mmd,MANUSCRIPT,true,root-integration-owner,DRAFT,1,3e8bc80d82e0f4aac31c0d524266f105939f074d4d342eb54431d5ae06c1949c,01-novelty/causal-model.mmd|03-design/protocol.md,"C001,C002",UNRESOLVED,root-integration-owner,,,,PROV-7c8e9f780bd7,S4::06_visuals_diagrams_architecture_mmd,1,architecture_diagram,MANUSCRIPT_REQUIRED,,,,2026-08-02T03:00:20Z,Concept-only safe-route draft; not independently verified and not phase-promoting.
06-visuals/diagrams/workflow.mmd,MANUSCRIPT,true,root-integration-owner,DRAFT,1,0fbf9343225e0b776b096e812ad6e3ada4bce9011591baf3bf80182aada4916f,03-design/protocol.md|04-data/provenance-manifest.csv,"C001,C002",UNRESOLVED,root-integration-owner,,,,PROV-c78a9a58b925,S4::06_visuals_diagrams_workflow_mmd,1,workflow_diagram,MANUSCRIPT_REQUIRED,,,,2026-08-02T03:00:20Z,Concept-only safe-route draft; not independently verified and not phase-promoting.
06-visuals/schematics/conceptual-schematic-source.md,MANUSCRIPT,false,UNASSIGNED,MISSING,0,,01-novelty/causal-model.mmd,,UNRESOLVED,,,,,,S4::06_visuals_schematics_conceptual_schematic_source_md,1,generic,GENERIC,,,,,
06-visuals/images/image-provenance.csv,MANUSCRIPT,false,UNASSIGNED,MISSING,0,,06-visuals/visual-ledger.csv,,UNRESOLVED,,,,,,S4::06_visuals_images_image_provenance_csv,1,image_provenance,NO_IMAGES_NO_PROVENANCE,,,,,
07-manuscript/manuscript.md,MANUSCRIPT,true,root-integration-owner,DRAFT,1,0dd519a96b1e915073ead06055cf73541a1288e3949a1607502d6ed0de44684b,01-novelty/novelty-matrix.csv|03-design/protocol.md|05-analysis/results/primary-results.csv,"C001,C002",UNRESOLVED,root-integration-owner,,,,PROV-8ee8800f96c6,S4::07_manuscript_manuscript_md,1,manuscript,MANUSCRIPT_REQUIRED,,,,2026-08-02T03:00:20Z,Concept-only safe-route draft; not independently verified and not phase-promoting.
07-manuscript/claim-evidence-matrix.csv,MANUSCRIPT,true,root-integration-owner,DRAFT,1,726b964d90bf5c338caae3d6d3684cd4f3c8bf8fd78088393a085708bf164777,01-novelty/evidence-ledger.csv|05-analysis/results/primary-results.csv|07-manuscript/manuscript.md,"C001,C002",UNRESOLVED,root-integration-owner,,,,PROV-db0d1a5d11fc,S4::07_manuscript_claim_evidence_matrix_csv,1,claim_evidence_matrix,CLAIM_LINK_REQUIRED,,,,2026-08-02T03:00:20Z,Concept-only safe-route draft; not independently verified and not phase-promoting.
07-manuscript/source-manifest.json,MANUSCRIPT,true,root-integration-owner,DRAFT,1,a859673925c291f81bdbe1f27abdf6e2bb39020986d368c3b37bd38ba6e8a6c2,01-novelty/evidence-ledger.csv|07-manuscript/manuscript.md,"C001,C002",UNRESOLVED,root-integration-owner,,,,PROV-c0b5f2ba4941,S4::07_manuscript_source_manifest_json,1,source_manifest,MANUSCRIPT_REQUIRED,,,,2026-08-02T03:00:20Z,Concept-only safe-route draft; not independently verified and not phase-promoting.
08-validation/reviews/editor.md,ADVERSARIAL_QA,true,UNASSIGNED,MISSING,0,,07-manuscript/manuscript.md|07-manuscript/claim-evidence-matrix.csv,,UNRESOLVED,,,,,,S4::08_validation_reviews_editor_md,1,generic,GENERIC,,,,,
08-validation/reviews/novelty-domain.md,ADVERSARIAL_QA,true,UNASSIGNED,MISSING,0,,01-novelty/novelty-matrix.csv|07-manuscript/manuscript.md,,UNRESOLVED,,,,,,S4::08_validation_reviews_novelty_domain_md,1,generic,GENERIC,,,,,
08-validation/reviews/methods-statistics.md,ADVERSARIAL_QA,true,UNASSIGNED,MISSING,0,,03-design/protocol.md|03-design/analysis-plan.md|05-analysis/results/primary-results.csv|07-manuscript/manuscript.md,,UNRESOLVED,,,,,,S4::08_validation_reviews_methods_statistics_md,1,generic,GENERIC,,,,,
08-validation/reviews/real-world-ethics.md,ADVERSARIAL_QA,true,UNASSIGNED,MISSING,0,,02-feasibility/feasibility-report.md|06-visuals/tables/t7-real-world-feasibility.csv|07-manuscript/manuscript.md,,UNRESOLVED,,,,,,S4::08_validation_reviews_real_world_ethics_md,1,generic,GENERIC,,,,,
08-validation/reviews/visual-reproducibility.md,ADVERSARIAL_QA,true,UNASSIGNED,MISSING,0,,04-data/provenance-manifest.csv|06-visuals/visual-ledger.csv|07-manuscript/manuscript.md,,UNRESOLVED,,,,,,S4::08_validation_reviews_visual_reproducibility_md,1,generic,GENERIC,,,,,
08-validation/reviews/clarity-coherence.md,ADVERSARIAL_QA,true,UNASSIGNED,MISSING,0,,07-manuscript/manuscript.md|06-visuals/visual-ledger.csv,,UNRESOLVED,,,,,,S4::08_validation_reviews_clarity_coherence_md,1,generic,GENERIC,,,,,
08-validation/killer-question-ledger.csv,ADVERSARIAL_QA,true,root-integration-owner,DRAFT,1,8a3b96c176f91ab535da8e1adfc6fb0ca739adc9430bad18849d1a860ef4dfc5,08-validation/reviews/editor.md|08-validation/reviews/novelty-domain.md|08-validation/reviews/methods-statistics.md|08-validation/reviews/real-world-ethics.md|08-validation/reviews/visual-reproducibility.md|08-validation/reviews/clarity-coherence.md|08-validation/postdoctoral-standards-audit.md,"C001,C002",UNRESOLVED,root-integration-owner,,,,PROV-384b84f3746a,S4::08_validation_killer_question_ledger_csv,1,killer_question_ledger,KILLER_QUESTIONS_REQUIRED,,,,2026-08-02T03:00:20Z,Concept-only safe-route draft; not independently verified and not phase-promoting.
08-validation/remediation-log.csv,ADVERSARIAL_QA,true,root-integration-owner,DRAFT,1,e2584b8da2d72f4f45e17f204a844e9bd28b7ece910438dea4085b7a9e51bcb5,08-validation/killer-question-ledger.csv,"C001,C002",UNRESOLVED,root-integration-owner,,,,PROV-c8ee2b4e9c09,S4::08_validation_remediation_log_csv,1,remediation_log,ADVERSARIAL_QA_REQUIRED,,,,2026-08-02T03:00:20Z,Concept-only safe-route draft; not independently verified and not phase-promoting.
09-submission/venue-rules.md,SUBMISSION_QA,true,UNASSIGNED,MISSING,0,,07-manuscript/manuscript.md|09-submission/venue-portfolio.csv,,UNRESOLVED,,,,,,S4::09_submission_venue_rules_md,1,generic,GENERIC,,,,,
09-submission/reporting-checklist.md,SUBMISSION_QA,true,UNASSIGNED,MISSING,0,,09-submission/venue-rules.md|07-manuscript/manuscript.md,,UNRESOLVED,,,,,,S4::09_submission_reporting_checklist_md,1,generic,GENERIC,,,,,
09-submission/submission-audit.md,SUBMISSION_QA,true,UNASSIGNED,MISSING,0,,09-submission/venue-rules.md|09-submission/reporting-checklist.md|08-validation/remediation-log.csv,,UNRESOLVED,,,,,,S4::09_submission_submission_audit_md,1,generic,GENERIC,,,,,
09-submission/human-approval.md,HUMAN_APPROVAL,true,UNASSIGNED,MISSING,0,,09-submission/submission-audit.md|09-submission/acceptance-readiness.md|09-submission/human-final-review-brief.md,,UNRESOLVED,,,,,,S4::09_submission_human_approval_md,1,generic,GENERIC,,,,,
01-novelty/novelty-claim-specification.md,NOVELTY_AUDIT,true,root-integration-owner,STALE,3,7a073ad97300a9ec8bcf4fa528951799aaa3828e8970b2e9893011826486de91,01-novelty/problem-investigation.md,C001,UNRESOLVED,root-integration-owner,,,,,S4::01_novelty_novelty_claim_specification_md,1,generic,GENERIC,,,,2026-08-01T21:16:21Z,"Invalidated: NOVELTY_UNRESOLVED: Attempt-8 validly reframed C001 as a joint capability-survival measurement contribution and recovered no equivalent single predecessor, but the independently owned bounded audit failed its frozen reconstruction contract: query-level UTC/count/screened/retained/exclusion fields were missing, FinSurvival was unrecovered, one closest-work traversal and patent coverage were incomplete, and the pre-ledger freeze was not timestamped. Strong component precedents and obvious-recombination risk therefore remain. The prespecified stop rule prohibits another autonomous retry under this authorization."
01-novelty/search-coverage.csv,NOVELTY_AUDIT,true,root-integration-owner,STALE,6,b882f0afa6beaaefe0d2d7cc088a569a26f310d04f403d2c76a374755bcb2be0,01-novelty/novelty-claim-specification.md|01-novelty/search-protocol.md,C001,UNRESOLVED,root-integration-owner,,,,,S4::01_novelty_search_coverage_csv,1,generic,GENERIC,,,,2026-08-01T21:16:21Z,"Invalidated: NOVELTY_UNRESOLVED: Attempt-8 validly reframed C001 as a joint capability-survival measurement contribution and recovered no equivalent single predecessor, but the independently owned bounded audit failed its frozen reconstruction contract: query-level UTC/count/screened/retained/exclusion fields were missing, FinSurvival was unrecovered, one closest-work traversal and patent coverage were incomplete, and the pre-ledger freeze was not timestamped. Strong component precedents and obvious-recombination risk therefore remain. The prespecified stop rule prohibits another autonomous retry under this authorization."
01-novelty/independent-search-challenge.md,NOVELTY_AUDIT,true,prior_art_search_challenge,STALE,3,d73eb3f3ad641c4323ceb59809c791669e153ce0267d39af05ab6e55432dc5b0,01-novelty/novelty-claim-specification.md|01-novelty/search-coverage.csv|01-novelty/evidence-ledger.csv,C001,UNRESOLVED,/root/chronosaudit_attempt8_exact_match_search,,,,,S4::01_novelty_independent_search_challenge_md,1,generic,GENERIC,,,,2026-08-01T21:16:21Z,"Invalidated: NOVELTY_UNRESOLVED: Attempt-8 validly reframed C001 as a joint capability-survival measurement contribution and recovered no equivalent single predecessor, but the independently owned bounded audit failed its frozen reconstruction contract: query-level UTC/count/screened/retained/exclusion fields were missing, FinSurvival was unrecovered, one closest-work traversal and patent coverage were incomplete, and the pre-ledger freeze was not timestamped. Strong component precedents and obvious-recombination risk therefore remain. The prespecified stop rule prohibits another autonomous retry under this authorization."
02-feasibility/solution-viability-case.md,FEASIBILITY_GATE,true,root-integration-owner,STALE,3,50b4a61213d114aef15b7c3aafea0ac8d38d47bbb8e4fe014736f5b4d61dab27,01-novelty/novelty-matrix.csv|01-novelty/candidate-portfolio.md,FEAS-PILOT-C3,UNRESOLVED,root-integration-owner,,,,,S4::02_feasibility_solution_viability_case_md,1,solution_viability_case,DOCUMENTED_EXCEPTION,,,,2026-08-01T21:16:21Z,"Invalidated: NOVELTY_UNRESOLVED: Attempt-8 validly reframed C001 as a joint capability-survival measurement contribution and recovered no equivalent single predecessor, but the independently owned bounded audit failed its frozen reconstruction contract: query-level UTC/count/screened/retained/exclusion fields were missing, FinSurvival was unrecovered, one closest-work traversal and patent coverage were incomplete, and the pre-ledger freeze was not timestamped. Strong component precedents and obvious-recombination risk therefore remain. The prespecified stop rule prohibits another autonomous retry under this authorization."
02-feasibility/evidence-maturity-ladder.csv,FEASIBILITY_GATE,true,root-integration-owner,STALE,3,473ddac9a100d1550ddd1f1602fc2c32073a0069b9c226ad3bd4a77b0ba9b440,02-feasibility/solution-viability-case.md,FEAS-PILOT-C3,UNRESOLVED,root-integration-owner,,,,,S4::02_feasibility_evidence_maturity_ladder_csv,1,evidence_maturity_ladder,DOCUMENTED_EXCEPTION,,,,2026-08-01T21:16:21Z,"Invalidated: NOVELTY_UNRESOLVED: Attempt-8 validly reframed C001 as a joint capability-survival measurement contribution and recovered no equivalent single predecessor, but the independently owned bounded audit failed its frozen reconstruction contract: query-level UTC/count/screened/retained/exclusion fields were missing, FinSurvival was unrecovered, one closest-work traversal and patent coverage were incomplete, and the pre-ledger freeze was not timestamped. Strong component precedents and obvious-recombination risk therefore remain. The prespecified stop rule prohibits another autonomous retry under this authorization."
04-data/evidence-status.csv,AUTHORIZED_EXECUTION,true,root-integration-owner,DRAFT,2,478cfd592e640a30cc5706cf68db8f0cfbcfe13877807304b2915fa6f9a59d5f,04-data/provenance-manifest.csv|03-design/protocol.md,,UNRESOLVED,root,,,,PROV-9b8fbb88f510,S4::04_data_evidence_status_csv,1,evidence_status,DOCUMENTED_EXCEPTION,,,,2026-08-02T03:02:26Z,Schema-controlled evidence scope and disposition labels; advisory only and not independently verified.
08-validation/postdoctoral-standards-audit.md,ADVERSARIAL_QA,true,root-integration-owner,DRAFT,1,ad6eb463a2a7edf5ec58c46cbd67d995ee84aa0a07d89d1adeaf932a3a434bcd,07-manuscript/manuscript.md|07-manuscript/claim-evidence-matrix.csv|06-visuals/visual-ledger.csv|08-validation/reviews/editor.md|08-validation/reviews/methods-statistics.md,"C001,C002",UNRESOLVED,root-integration-owner,,,,PROV-1d1317f6ea71,S4::08_validation_postdoctoral_standards_audit_md,1,postdoctoral_audit,AUDIT_REQUIRED,,,,2026-08-02T03:00:20Z,Concept-only safe-route draft; not independently verified and not phase-promoting.
09-submission/venue-portfolio.csv,SUBMISSION_QA,true,UNASSIGNED,MISSING,0,,07-manuscript/manuscript.md|08-validation/killer-question-ledger.csv,,UNRESOLVED,,,,,,S4::09_submission_venue_portfolio_csv,1,venue_portfolio,VENUE_PORTFOLIO_REQUIRED,,,,,Future-phase artifact added by schema-v2 assurance migration.
09-submission/novelty-refresh.md,SUBMISSION_QA,true,UNASSIGNED,MISSING,0,,01-novelty/search-protocol.md|01-novelty/search-coverage.csv|01-novelty/novelty-matrix.csv|07-manuscript/manuscript.md,,UNRESOLVED,,,,,,S4::09_submission_novelty_refresh_md,1,generic,GENERIC,,,,,Future-phase artifact added by schema-v2 assurance migration.
09-submission/acceptance-readiness.md,SUBMISSION_QA,true,root-integration-owner,DRAFT,1,d05b2e93bad52b9ef38c2251124af1c129d8c24b9be7b35e41e881eb189e0b27,09-submission/venue-portfolio.csv|09-submission/venue-rules.md|09-submission/submission-audit.md|09-submission/submission-gate-ledger.csv|09-submission/novelty-refresh.md|08-validation/postdoctoral-standards-audit.md,"C001,C002",UNRESOLVED,root-integration-owner,,,,PROV-eea5637860f1,S4::09_submission_acceptance_readiness_md,1,acceptance_readiness,READINESS_REQUIRED,,,,2026-08-02T03:00:21Z,Concept-only safe-route draft; not independently verified and not phase-promoting.
09-submission/acceptance-forecast.csv,SUBMISSION_QA,false,root-integration-owner,DRAFT,1,e5f308d3c4ccad233ab40229c4590e7806c086d63e74e38a02bc30aa648ce9df,09-submission/venue-portfolio.csv|09-submission/acceptance-readiness.md,"C001,C002",UNRESOLVED,root-integration-owner,,,,PROV-607fe5292e37,S4::09_submission_acceptance_forecast_csv,1,acceptance_forecast,FORECAST_ONLY_WHEN_ESTIMABLE,,,,2026-08-02T03:00:21Z,Concept-only safe-route draft; not independently verified and not phase-promoting.
00-governance/capability-preflight.json,INTAKE,false,root-integration-owner,MISSING,0,,00-governance/program-charter.md,INPUT-001,UNRESOLVED,,,,,,S4::00_governance_capability_preflight_json,1,generic,GENERIC,,,,,
00-governance/egress-policy.json,INTAKE,false,root-integration-owner,MISSING,0,,00-governance/program-charter.md,INPUT-001,UNRESOLVED,,,,,,S4::00_governance_egress_policy_json,1,generic,GENERIC,,,,,
00-governance/study-profile.json,INTAKE,true,intake_integration,BLOCKED,4,15a3933f3c87b2537b0286cc062e55eb11cd7364b64381cbdba4e46dff58f324,00-governance/intake.json,"C001,C002",UNRESOLVED,root-integration-owner,,,,PROV-82d93b7938b8,S4::00_governance_study_profile_json,1,study_profile,PROFILE_REQUIRED_BEFORE_DESIGN,,,,2026-08-02T03:00:20Z,Narrowed public-evidence draft route; institutional and submission authority remain unresolved.
09-submission/analysis-replay-report.md,SUBMISSION_QA,false,UNASSIGNED,MISSING,0,,05-analysis/reproducibility-report.md|09-submission/build-manifest.json,,UNRESOLVED,,,,,,S4::09_submission_analysis_replay_report_md,1,generic,GENERIC,,,,,
09-submission/build-manifest.json,SUBMISSION_QA,false,UNASSIGNED,MISSING,0,,07-manuscript/source-manifest.json|09-submission/venue-rules.md,,UNRESOLVED,,,,,,S4::09_submission_build_manifest_json,1,submission_build_manifest,BUILD_REQUIRED_FOR_REPRODUCIBLE_SUBMISSION,,,,,
09-submission/environment-capture.json,SUBMISSION_QA,false,UNASSIGNED,MISSING,0,,09-submission/build-manifest.json,,UNRESOLVED,,,,,,S4::09_submission_environment_capture_json,1,generic,GENERIC,,,,,
09-submission/package-manifest.json,SUBMISSION_QA,false,UNASSIGNED,MISSING,0,,09-submission/build-manifest.json|09-submission/pdf-qa.json,,UNRESOLVED,,,,,,S4::09_submission_package_manifest_json,1,generic,GENERIC,,,,,
09-submission/pdf-qa.json,SUBMISSION_QA,false,UNASSIGNED,MISSING,0,,09-submission/build-manifest.json|09-submission/submission-audit.md,,UNRESOLVED,,,,,,S4::09_submission_pdf_qa_json,1,pdf_qa,PDF_QA_REQUIRED_WHEN_PDF_SUBMITTED,,,,,
01-novelty/prior-art-dedup-report.json,NOVELTY_AUDIT,true,UNASSIGNED,MISSING,0,,01-novelty/prior-art-raw-snapshots.json,,UNRESOLVED,,,,,,S4::01_novelty_prior_art_dedup_report_json,1,prior_art_dedup_report,NOVELTY_SEARCH_REQUIRED,,,,,
01-novelty/prior-art-query-log.json,NOVELTY_AUDIT,true,UNASSIGNED,MISSING,0,,01-novelty/search-protocol.md,,UNRESOLVED,,,,,,S4::01_novelty_prior_art_query_log_json,1,prior_art_query_log,NOVELTY_SEARCH_REQUIRED,,,,,
01-novelty/prior-art-raw-snapshots.json,NOVELTY_AUDIT,true,UNASSIGNED,MISSING,0,,01-novelty/prior-art-query-log.json,,UNRESOLVED,,,,,,S4::01_novelty_prior_art_raw_snapshots_json,1,prior_art_raw_snapshots,NOVELTY_SEARCH_REQUIRED,,,,,
09-submission/submission-gate-ledger.csv,SUBMISSION_QA,true,UNASSIGNED,MISSING,0,,09-submission/submission-audit.md|09-submission/venue-rules.md|09-submission/reporting-checklist.md,,UNRESOLVED,,,,,,S4::09_submission_submission_gate_ledger_csv,1,submission_gate_ledger,SUBMISSION_REQUIRED,,,,,
09-submission/human-final-review-brief.md,SUBMISSION_QA,true,root-integration-owner,DRAFT,1,8931e1cfaf78f1985e9b1705936764117036ea7e9d11d0da29bdd521726fba81,07-manuscript/manuscript.md|07-manuscript/claim-evidence-matrix.csv|09-submission/submission-audit.md|09-submission/acceptance-readiness.md,"C001,C002",UNRESOLVED,root-integration-owner,,,,PROV-050b58ce6b91,S4::09_submission_human_final_review_brief_md,1,human_final_review_brief,FINAL_HUMAN_REVIEW_BRIEF_REQUIRED,,,,2026-08-02T03:00:21Z,Concept-only safe-route draft; not independently verified and not phase-promoting.
