checkpoint_id,run_id,phase,cell_id,lease_id,status,artifact_hashes,summary,resume_instruction,created_at
CP-INTAKE-001,chronosaudit-20260801T105039Z-e7e2c21c-64e42a,INTAKE,intake_integration,ROOT-OWNED,OPEN,e7e2c21c831851cf40b800af2b7ab3a3a621cf6b7820ba392604de18aa80e7f1,Atomic kickoff completed; scientific and authority gates remain open.,Resume at INTAKE and verify governance boundaries.,2026-08-01T10:50:39Z
CP-279d6da37932,chronosaudit-20260801T105039Z-e7e2c21c-64e42a,INTAKE,intake_integration,LEASE-821a06a1d84d,COMPLETED,"{""00-governance/program-charter.md"": ""80726a8931b7c9d342070e9f55b53e130dd7b006a7e66ff2f53abf0ec2bbc7d6""}","Preserved revision-1 intake; verified exact raw/normalized artifacts; documented public-source-only authority, confidentiality, dual-use, and human approval boundaries. Novelty and feasibility remain E1 assertions.",No resume; cell completed.,2026-08-01T11:15:40Z
CP-8b9ed18ea1d6,chronosaudit-20260801T105039Z-e7e2c21c-64e42a,NOVELTY_AUDIT,problem_investigation,LEASE-00c80e5f606e,COMPLETED,"{""01-novelty/causal-model.mmd"": ""eb7826a0c7e3fb576480e3923ea6e33b785650b605c4d956a68e4a15595e9d34"", ""01-novelty/problem-investigation.md"": ""9f2a33dbd9bdb2c0f6bb18670b8138b8ace5281bad4c8205222501e09d6ec56c""}","Operationalized capability survival, selective workload, and censor-aware estimands; documented causal leakage threats, three candidate families, and falsification sequence without promoting novelty.",No resume; cell completed.,2026-08-01T11:19:42Z
CP-6c1e157ebb48,chronosaudit-20260801T105039Z-e7e2c21c-64e42a,NOVELTY_AUDIT,prior_art_search,LEASE-e3250f694698,BLOCKED,{},Assigned search-specialist failed before execution because its configured model is unsupported for this account; no artifacts were created.,Reassign the same bounded prior-art scope to a compatible research-analyst or docs-researcher agent and retain exact acceptance criteria.,2026-08-01T11:20:36Z
CP-9e29fc9eb12b,chronosaudit-20260801T105039Z-e7e2c21c-64e42a,NOVELTY_AUDIT,prior_art_search,LEASE-e7d550c86655,BLOCKED,{},Replacement specialist did not produce artifacts after bounded and immediate-write follow-ups; no files were created. Root will take over the same scope to avoid an unbounded stalled search.,Revoke this lease and reassign to root-integration-owner; execute a bounded primary-source search and preserve explicit coverage limits.,2026-08-01T11:31:29Z
CP-e4929913a60e,chronosaudit-20260801T105039Z-e7e2c21c-64e42a,NOVELTY_AUDIT,prior_art_search,LEASE-233b88eac728,COMPLETED,"{""01-novelty/evidence-ledger.csv"": ""073779c157132b1b90af66b871b4bc6549616935e623befdee59c29ccbf4eca6"", ""01-novelty/search-protocol.md"": ""0632e802a71db9d020f6138a85bc915e1e80cef4ad55ef526138700adf77c10b""}","Completed bounded public-source strongest-prior-art search after preserved specialist failures; logged 24 exact queries, 25 screened sources, strongest partial predecessors, evidence limits, and no novelty promotion.",No resume; cell completed.,2026-08-01T11:37:57Z
CP-b18e40d38dba,chronosaudit-20260801T105039Z-e7e2c21c-64e42a,NOVELTY_AUDIT,novelty_synthesis,LEASE-4683edfd79f0,BLOCKED,{},Initial delegated novelty_synthesis attempt produced no owned artifacts within the bounded wait window; root reclaiming the lease to avoid stalling NOVELTY_AUDIT.,Reacquire novelty_synthesis under root or a fresh bounded specialist and generate novelty-matrix.csv and candidate-portfolio.md from the existing search protocol and evidence ledger only.,2026-08-01T11:41:24Z
CP-1311726fa1e3,chronosaudit-20260801T105039Z-e7e2c21c-64e42a,NOVELTY_AUDIT,novelty_synthesis,LEASE-e79be9b778e2,COMPLETED,"{""01-novelty/candidate-portfolio.md"": ""490044f3975f0329e31bd800207ee1055b0fc458e8a89ac6a7919ad435efbe6d"", ""01-novelty/novelty-matrix.csv"": ""7a0dabb8adc9efded5d1e16947d71cf4475c67780d162a1df0583c071d8c9782""}",Root integration owner accepted and hash-checked the completed 12-row matrix and falsification-first portfolio after delegated lease churn. Component novelty is mostly defeated; the joint bundle remains UNRESOLVED pending independent citation challenge.,No resume; cell completed.,2026-08-01T11:45:08Z
CP-70bc067ddb1b,chronosaudit-20260801T105039Z-e7e2c21c-64e42a,NOVELTY_AUDIT,citation_challenge,LEASE-ac1ce4dea962,BLOCKED,{},Configured docs-researcher failed before execution because its model is unavailable for this account; no citation-audit artifact was created.,Reassign the same independent citation challenge to a compatible reviewer or research-analyst; preserve scope and independence.,2026-08-01T11:45:54Z
CP-6fb98dce4507,chronosaudit-20260801T105039Z-e7e2c21c-64e42a,NOVELTY_AUDIT,citation_challenge,LEASE-ad1af42eaab9,BLOCKED,{},Independent reviewer remained non-productive after a bounded wait and explicit scope cap; no citation-audit artifact was created.,Revoke and reassign a minimal independent source-to-claim audit of the fixed evidence ledger; do not expand the search unless a material gap is found.,2026-08-01T11:52:13Z
CP-c9a94cceabbd,chronosaudit-20260801T105039Z-e7e2c21c-64e42a,NOVELTY_AUDIT,citation_challenge,LEASE-e8dee4d01a23,BLOCKED,"{""01-novelty/citation-audit.md"": ""f011c5ab4a2b73cb96c3bd38c34df4256b31620ea0973fe37e91714089629b27""}","Independent citation challenge could not complete because subagent capacity hit the account usage limit after earlier model and non-productivity failures. Blocked report preserves all attempts, fixed artifact hashes, decision-bearing unknowns, and the smallest resume action.","When independent agent capacity is available, reacquire citation_challenge, verify PA001-PA025 and the decision-bearing subset against primary sources, correct the ledger/matrix if needed, and issue a bounded novelty gate recommendation.",2026-08-01T16:13:38Z
CP-54e9e232e790,chronosaudit-20260801T105039Z-e7e2c21c-64e42a,NOVELTY_AUDIT,problem_investigation,LEASE-93675a6912d4,COMPLETED,"{""01-novelty/causal-model.mmd"": ""eb7826a0c7e3fb576480e3923ea6e33b785650b605c4d956a68e4a15595e9d34"", ""01-novelty/problem-investigation.md"": ""9f2a33dbd9bdb2c0f6bb18670b8138b8ace5281bad4c8205222501e09d6ec56c""}",Attempt-2 revalidation confirmed the existing problem contract and causal model remain decision-valid and unchanged; novelty remains explicitly UNRESOLVED.,No resume; cell completed.,2026-08-01T16:17:16Z
CP-6a2857c27ae6,chronosaudit-20260801T105039Z-e7e2c21c-64e42a,NOVELTY_AUDIT,prior_art_search,LEASE-50cf1b97552e,COMPLETED,"{""01-novelty/evidence-ledger.csv"": ""b36ff851bffd474cded0e110ab1e55ff767536f2db4e0b6ba8041301b9f01f98"", ""01-novelty/search-protocol.md"": ""d2ed931de3503a308307fd71c645577032ebd8a2d46ab6f0e2004712fa90ed84""}",Attempt-2 targeted extension expanded the ledger from 25 to 30 sources. SCONE is now recognized as a one-time prospective zero-day scan with cost and disclosure coordination; FinSurvival defeats right-censored Web3 component novelty; patents narrow duplicate-filtering and exploit-prediction claims. No full joint bundle was verified.,No resume; cell completed.,2026-08-01T16:19:28Z
CP-e15a12605d26,chronosaudit-20260801T105039Z-e7e2c21c-64e42a,NOVELTY_AUDIT,novelty_synthesis,LEASE-c53f8a4ae379,COMPLETED,"{""01-novelty/candidate-portfolio.md"": ""39246f4251dbfebe49be7f2867921c5bf6f7b9182398aaba92efe07e6470dc37"", ""01-novelty/novelty-matrix.csv"": ""60ea14f8b719e38ae3e1beef624bb2c0ac7f48d9ca87bddab10cae69bab27b4f""}","Attempt-2 synthesis updated 13 feature rows for PA026-PA030. It rejects right-censored Web3 and one-time prospective-scan novelty, treats SCONE as the closest prospective predecessor, and preserves only a joint interaction plus longitudinal-seal hypothesis as UNRESOLVED.",No resume; cell completed.,2026-08-01T16:21:12Z
CP-a09af346ca58,chronosaudit-20260801T105039Z-e7e2c21c-64e42a,NOVELTY_AUDIT,citation_challenge,LEASE-2940435301c0,COMPLETED,"{""01-novelty/citation-audit.md"": ""28cd486c5df64cd66832f88da3ddc72ff22e2601b71d3dd9a6439836160cee67""}",Independent challenge completed; identified PA029 overclaim and metadata corrections; recommends NOVELTY_UNRESOLVED pending remediation and recheck.,No resume; cell completed.,2026-08-01T16:29:26Z
CP-1b8bdf9f88de,chronosaudit-20260801T105039Z-e7e2c21c-64e42a,NOVELTY_AUDIT,problem_investigation,LEASE-41344e3c6dbf,COMPLETED,"{""01-novelty/causal-model.mmd"": ""eb7826a0c7e3fb576480e3923ea6e33b785650b605c4d956a68e4a15595e9d34"", ""01-novelty/problem-investigation.md"": ""9f2a33dbd9bdb2c0f6bb18670b8138b8ace5281bad4c8205222501e09d6ec56c""}",Unchanged problem and causal artifacts revalidated for attempt 3.,No resume; cell completed.,2026-08-01T16:29:59Z
CP-fcaa85eb8520,chronosaudit-20260801T105039Z-e7e2c21c-64e42a,NOVELTY_AUDIT,prior_art_search,LEASE-38bd94680c67,COMPLETED,"{""01-novelty/evidence-ledger.csv"": ""6a209a106d489bedac59e3b3bcbf0dd537038c0117826844fbb56410ad5a0a8d"", ""01-novelty/search-protocol.md"": ""3d08610ab466f0b7e114cd34ee5bc94c3af0f093d942f373efebba58377d20b7""}","Attempt-3 public-source remediation complete: 35-source, 16-column ledger; PA029 overclaim removed; OWASP/EEA/EPSS/attacker-campaign gaps materially covered; proprietary evidence remains an explicit residual limit.",No resume; cell completed.,2026-08-01T16:34:59Z
CP-7b75252961f7,chronosaudit-20260801T105039Z-e7e2c21c-64e42a,NOVELTY_AUDIT,novelty_synthesis,LEASE-7ff8ade51cb0,COMPLETED,"{""01-novelty/candidate-portfolio.md"": ""24cd1d665f06f695b44bea4c90e3b39b6e8a86cea1ba28b5ed92633875070d04"", ""01-novelty/novelty-matrix.csv"": ""9b59e0c274df26caf6e1101a6019531da81cbb63740ceb82bc265299af6805da""}",Attempt-3 synthesis complete; components broadly defeated; joint protocol remains only potentially differentiating pending independent challenge.,No resume; cell completed.,2026-08-01T16:35:19Z
CP-563e52e7d8ef,chronosaudit-20260801T105039Z-e7e2c21c-64e42a,NOVELTY_AUDIT,citation_challenge,LEASE-b2002e91e7e8,BLOCKED,{},Attempt-3 reviewer stalled after bounded waits and two explicit finish requests; no attempt-3 artifact was produced.,"Reassign the fixed-hash, 15-source correction recheck to a replacement independent reviewer without broadening the search.",2026-08-01T16:42:33Z
CP-b4042040f3e7,chronosaudit-20260801T105039Z-e7e2c21c-64e42a,NOVELTY_AUDIT,citation_challenge,LEASE-d055365cafaa,COMPLETED,"{""01-novelty/citation-audit.md"": ""ce9f292f8b02bc7f8204ee0503d3fd99de75438b343031c24aaf78cd84c67f98""}",Independent attempt-3 challenge completed; narrow joint hypothesis provisionally survives but three ledger corrections block advancement.,No resume; cell completed.,2026-08-01T16:46:04Z
CP-25a44f59534a,chronosaudit-20260801T105039Z-e7e2c21c-64e42a,NOVELTY_AUDIT,problem_investigation,LEASE-58246ef0cf6b,COMPLETED,"{""01-novelty/causal-model.mmd"": ""eb7826a0c7e3fb576480e3923ea6e33b785650b605c4d956a68e4a15595e9d34"", ""01-novelty/problem-investigation.md"": ""9f2a33dbd9bdb2c0f6bb18670b8138b8ace5281bad4c8205222501e09d6ec56c""}",Attempt-4 problem and causal artifacts revalidated unchanged.,No resume; cell completed.,2026-08-01T16:46:37Z
CP-abf3e2337f90,chronosaudit-20260801T105039Z-e7e2c21c-64e42a,NOVELTY_AUDIT,prior_art_search,LEASE-3b6d2f876de9,COMPLETED,"{""01-novelty/evidence-ledger.csv"": ""808d58f83426a94608f36bbe289b42cafc717724ebe4b647a888407ac6a13615"", ""01-novelty/search-protocol.md"": ""2973369f415ccdcd28c631a423473d26925f6f35652d71e95773941d2cdb1061""}",Three independently requested corrections applied; 35-row ledger remains structurally valid; no new discovery search.,No resume; cell completed.,2026-08-01T16:47:25Z
CP-a37eff68d894,chronosaudit-20260801T105039Z-e7e2c21c-64e42a,NOVELTY_AUDIT,novelty_synthesis,LEASE-1b8d03b35b82,COMPLETED,"{""01-novelty/candidate-portfolio.md"": ""24cd1d665f06f695b44bea4c90e3b39b6e8a86cea1ba28b5ed92633875070d04"", ""01-novelty/novelty-matrix.csv"": ""9b59e0c274df26caf6e1101a6019531da81cbb63740ceb82bc265299af6805da""}",Attempt-4 matrix and portfolio revalidated unchanged against corrected ledger.,No resume; cell completed.,2026-08-01T16:47:47Z
CP-30d4ac73c305,chronosaudit-20260801T105039Z-e7e2c21c-64e42a,NOVELTY_AUDIT,citation_challenge,LEASE-96487e1eff5f,COMPLETED,"{""01-novelty/citation-audit.md"": ""ee1b4263074f83e2b6caa63dd5ba006c94eb2fc7b300d6afe106b6a52822897e""}",Attempt-4 correction-only independent challenge passed; narrow joint-protocol hypothesis survives within bounded public evidence.,No resume; cell completed.,2026-08-01T16:49:25Z
CP-f80982ac6fc8,chronosaudit-20260801T105039Z-e7e2c21c-64e42a,FEASIBILITY_GATE,feasibility_risk,LEASE-af6a38d20d1f,COMPLETED,"{""02-feasibility/risk-register.csv"": ""fe0948e49ba494676426b7b34deb74c7f9c2277aabf249feb52508ca1b0d5756""}",Decision-grade 23-row feasibility risk register completed; fatal and critical risks separated across benchmark core and prospective extension.,No resume; cell completed.,2026-08-01T16:57:14Z
CP-fcac5ae79d5c,chronosaudit-20260801T105039Z-e7e2c21c-64e42a,FEASIBILITY_GATE,feasibility_science,LEASE-f08b9a00b570,COMPLETED,"{""02-feasibility/feasibility-report.md"": ""e651b92cc458b7e004352304b1f8d7e00f61ae17515e24da1b8cc20c1db42764"", ""02-feasibility/pilot-plan.md"": ""7d922bd66212987f0f5c7f6b0d71dad7c3ef2bc315b518adccf3a93c5357aadb"", ""02-feasibility/pilot-results.md"": ""c11611cd0732f7d981ea20beecea1a7e72dc18078a19d45141d9e8b68a2d85b3"", ""02-feasibility/progression-criteria.csv"": ""9a815a83dd027f71cb701d9da16225d8a4bfd295d1ca500743b831996e725d56""}",Feasibility package completed: PILOT FIRST for benchmark core; prospective extension BLOCKED; pilot remains NOT RUN and non-evidence.,No resume; cell completed.,2026-08-01T17:00:37Z
CP-9e023833fe76,chronosaudit-20260801T105039Z-e7e2c21c-64e42a,FEASIBILITY_GATE,feasibility_risk,LEASE-310247317bed,COMPLETED,"{""02-feasibility/risk-register.csv"": ""55731ab4de71ee629dedf8f146aee9029cdc888ddf65d82c4ddfbb5c548463c8""}",Pilot-cycle risk review integrated; benchmark-core blockers remain and prospective extension stays blocked.,No resume; cell completed.,2026-08-01T17:58:52Z
CP-c4d55c7a02b6,chronosaudit-20260801T105039Z-e7e2c21c-64e42a,FEASIBILITY_GATE,feasibility_science,LEASE-5fb979a97074,COMPLETED,"{""02-feasibility/feasibility-report.md"": ""293acebaa7c9c84acbea99557545a1419bd8314e9b964345c215e6b90f5d1c33""}","Public-data pilot cycle 1 integrated; benchmark core remains PILOT_FIRST with manifest, CA-P08 status, and archival-access blockers unresolved.",No resume; cell completed.,2026-08-01T17:58:52Z
CP-d1be1ecdc8c4,chronosaudit-20260801T105039Z-e7e2c21c-64e42a,FEASIBILITY_GATE,feasibility_science,LEASE-a213e921705e,PAUSED,"{""02-feasibility/pilot-results.md"": ""05d80ac666f706ea26611edc6ecf193bfc23882ab127a006aae78f1943d7ce41""}","Cycle 3 executed the authorized two-read route, preserved its DNS failure, attempted CA-P04 end to end without completing it, froze CA-P09 prospectively, and received independent REMEDIATE/PILOT_FIRST review.","Resume only with separate authority for a lawful fallback or equivalent binding, or at the frozen CA-P09 evidence snapshots; do not alter the target, properties, window, endpoints, or denominators.",2026-08-01T19:39:56Z
CP-e99a17eb6bb4,chronosaudit-20260801T105039Z-e7e2c21c-64e42a,FEASIBILITY_GATE,feasibility_science,LEASE-a213e921705e,COMPLETED,"{""02-feasibility/pilot-results.md"": ""05d80ac666f706ea26611edc6ecf193bfc23882ab127a006aae78f1943d7ce41""}",Bounded cycle-3 feasibility cell completed without phase promotion.,No resume; cell completed.,2026-08-01T19:39:56Z
CP-578da5e78f4b,chronosaudit-20260801T105039Z-e7e2c21c-64e42a,NOVELTY_AUDIT,problem_investigation,LEASE-4db8c25701fd,COMPLETED,"{""01-novelty/causal-model.mmd"": ""eb7826a0c7e3fb576480e3923ea6e33b785650b605c4d956a68e4a15595e9d34"", ""01-novelty/problem-investigation.md"": ""9f2a33dbd9bdb2c0f6bb18670b8138b8ace5281bad4c8205222501e09d6ec56c""}",Attempt-5 source-boundary revalidation completed unchanged; these pre-search artifacts constrain the retrospective claim-specification reconstruction.,No resume; cell completed.,2026-08-01T19:54:38Z
CP-ee8cfa918a3f,chronosaudit-20260801T105039Z-e7e2c21c-64e42a,NOVELTY_AUDIT,prior_art_search_challenge,LEASE-c698dc208607,BLOCKED,{},Attempt-5 independent-search strategy failed before artifact production because the delegated model exhausted its context window.,"Reassign with a materially smaller search-only prompt, no inherited history, a bounded six-query Stage-A search, and a concise reconciliation contract; retain the same public-only authority and canonical output.",2026-08-01T20:00:12Z
CP-db53028edd31,chronosaudit-20260801T105039Z-e7e2c21c-64e42a,NOVELTY_AUDIT,prior_art_search_challenge,LEASE-eaa375f7bebe,BLOCKED,{},Recovery attempt 2 produced no research artifact and answered the unrelated recommended-plugin catalog instead of the leased search task.,Root executes the six-query Stage-A search and freezes a compact result packet; a new bounded reviewer receives only that packet plus the claim specification for independent adjudication and canonical challenge drafting.,2026-08-01T20:02:06Z
CP-fee755702631,chronosaudit-20260801T105039Z-e7e2c21c-64e42a,NOVELTY_AUDIT,prior_art_search_challenge,LEASE-eaf1f5e72b7f,COMPLETED,"{""01-novelty/independent-search-challenge.md"": ""f121d072fcb9993ee5f6d6e44a06e4f149a4236f183c7c3225889a6a4ed31c79""}","Independent adjudication of the root-authored six-query packet completed. It reconciled all 11 candidates, confirmed PA036-PA040 as new nonmaterial integrations, preserved the independence limitation, and issued NOVELTY_UNRESOLVED with C001-JOINT only POTENTIALLY_DIFFERENTIATING.",No resume; cell completed.,2026-08-01T20:14:52Z
CP-f6d5aa7ba3f9,chronosaudit-20260801T105039Z-e7e2c21c-64e42a,NOVELTY_AUDIT,problem_investigation,LEASE-8abc68b72f6c,COMPLETED,"{""01-novelty/causal-model.mmd"": ""eb7826a0c7e3fb576480e3923ea6e33b785650b605c4d956a68e4a15595e9d34"", ""01-novelty/problem-investigation.md"": ""9f2a33dbd9bdb2c0f6bb18670b8138b8ace5281bad4c8205222501e09d6ec56c""}",Attempt-6 revalidation: the falsifiable problem and causal leakage model remain unchanged; no claim or evidence was altered.,No resume; cell completed.,2026-08-01T20:17:52Z
CP-267743c33d31,chronosaudit-20260801T105039Z-e7e2c21c-64e42a,NOVELTY_AUDIT,prior_art_search,LEASE-25c92fae3e0e,BLOCKED,{},"Attempt-6 genuinely blind eight-family public search failed before any evidence was returned because the delegated agent exhausted its context window. No search output, counts, candidates, or artifact were accepted.",Do not repeat the same agent/search strategy. Preserve NOVELTY_UNRESOLVED. A future recovery must use a materially different execution environment or a qualified human/database search owner with independently captured query logs and screening counts.,2026-08-01T20:19:49Z
CP-57947071f7cd,chronosaudit-20260801T105039Z-e7e2c21c-64e42a,NOVELTY_AUDIT,prior_art_search,LEASE-1cf8054ef43c,BLOCKED,{},"Attempt-7 primary four-batch search failed before any evidence or artifact was returned because the delegated agent exhausted its context window. No query log, count, candidate, or source row was accepted.",Do not repeat broad primary-search delegation. Narrow the recovery to a single canonical independently owned challenge using an existing proven reviewer slot and a smaller immutable five-query contract; keep archive/RPC authority excluded.,2026-08-01T20:26:14Z
CP-e03341e81121,chronosaudit-20260801T105039Z-e7e2c21c-64e42a,NOVELTY_AUDIT,prior_art_search_challenge,LEASE-a8e7f6011b81,PAUSED,{},Lease acquired but no agent started because the runtime thread limit prevented spawning the named owner.,Revoke this unused lease and reacquire the same bounded challenge with an available existing specialist owner.,2026-08-01T20:26:14Z
CP-49bdcff66d0c,chronosaudit-20260801T105039Z-e7e2c21c-64e42a,NOVELTY_AUDIT,prior_art_search_challenge,LEASE-9f670be94dfe,PAUSED,{},The originally assigned nested reviewer slot did not start the search task; lease is being transferred before any accepted artifact change.,Reacquire with the actual independent owner /root/chronosaudit_attempt7_canonical_challenge and execute the same frozen five-query contract.,2026-08-01T20:30:59Z
CP-51edf5fbb44b,chronosaudit-20260801T105039Z-e7e2c21c-64e42a,NOVELTY_AUDIT,prior_art_search_challenge,LEASE-0efb9a5c257c,COMPLETED,"{""01-novelty/independent-search-challenge.md"": ""ab58cf4f3d3f2192a6d640a7d24867e42d316869af63871043580e3d2551fccc""}","Independent five-query public-web challenge completed with immutable counts-or-UNAVAILABLE, screening/retention logs, ten known-item recoveries, two-seed citation/author traversal, PA001-PA040 reconciliation, and outcome NOVELTY_UNRESOLVED. No archive/RPC access occurred.",No resume; cell completed.,2026-08-01T20:41:26Z
CP-89661137c017,chronosaudit-20260801T105039Z-e7e2c21c-64e42a,NOVELTY_AUDIT,prior_art_search,LEASE-976f51ea7620,COMPLETED,"{""01-novelty/search-protocol.md"": ""558d5a2306295496b7a0f5d8fae3894471432a5a82d7e6882a75485b8689ce19""}",Integrated the verified independently owned Attempt-7 challenge into the canonical search protocol. No new PA row or stronger claim was introduced; outcome remains NOVELTY_UNRESOLVED and no archive/RPC evidence was used. Search-coverage and citation-audit were updated by the root integration owner outside the cell lease and await independent integration verification.,No resume; cell completed.,2026-08-01T20:43:26Z
CP-a20fb4a96a52,chronosaudit-20260801T105039Z-e7e2c21c-64e42a,NOVELTY_AUDIT,problem_investigation,LEASE-bf4230f19b05,COMPLETED,"{""01-novelty/causal-model.mmd"": ""2f7c579f61eff99bb9135ce599ccaf17cafa115c1df41f4489543d3f46984c20"", ""01-novelty/problem-investigation.md"": ""581a0d3b1810ff57d5224f444a736492591435b18cf3ec30072fde8a9410815f""}",Attempt-8 reframe narrowed the novelty-bearing estimand to the retrospective capability-survival split ladder; prospective deployment is preserved only as later validation. Independent semantic review PASS.,No resume; cell completed.,2026-08-01T21:04:35Z
CP-e399c6186a58,chronosaudit-20260801T105039Z-e7e2c21c-64e42a,NOVELTY_AUDIT,prior_art_search_challenge,LEASE-6a4f8433380b,BLOCKED,{},Attempt-8 independent worker returned no artifact or evidence because its context window was exhausted before completion; canonical challenge file remains unchanged at Attempt-7 hash ab58cf4f3d3f2192a6d640a7d24867e42d316869af63871043580e3d2551fccc.,"Retry from the same frozen C001-MEASUREMENT specification with a smaller four-query plus one-patent packet, bounded output, and append-only ownership.",2026-08-01T21:07:06Z
CP-bd718fa668d5,chronosaudit-20260801T105039Z-e7e2c21c-64e42a,NOVELTY_AUDIT,prior_art_search_challenge,LEASE-8a566679e86c,BLOCKED,"{""01-novelty/independent-search-challenge.md"": ""d73eb3f3ad641c4323ceb59809c791669e153ce0267d39af05ab6e55432dc5b0""}","Retry produced an Attempt-8 4+1 exact-query appendix and NOVELTY_UNRESOLVED verdict, but it did not recover FinSurvival and omitted reconstructable counts/screening/exclusion/timestamp fields required for full acceptance. No further autonomous retry is permitted by the recovery stop rule.","Do not retry autonomously. Preserve the incomplete audit as negative evidence, independently verify its fidelity and gaps, record NOVELTY_UNRESOLVED, and close the recovery/gate without archive or RPC work.",2026-08-01T21:09:26Z
CP-9580abb40197,chronosaudit-20260801T105039Z-e7e2c21c-64e42a,INTAKE,intake_integration,LEASE-62f860fba97b,BLOCKED,"{""00-governance/program-charter.md"": ""56a6aa4f9519e7edeb20ad1dee155a04b559cb102c276e9c8a7c5ce266fd927c"", ""00-governance/study-profile.json"": ""3cffaa6660d4bcb2e203636b75a6f22d435159c85d73edddf3bcba27bea2c92d""}","Schema-v4 migration control-plane defects were repaired, the raw and normalized intake were mechanically recertified, the charter/profile were corrected to nonfinal draft scope, and both structural and strict checks pass. INTAKE cannot advance because program-charter.md and study-profile.json require an externally rooted independent verifier; the reporting route and accountable jurisdiction/ethics authority for later prospective work are not yet resolved.","An accountable registry administrator must bootstrap the run-bound external trust root outside the case, register a genuinely independent reviewer with out-of-band identity binding, resolve the study profile reporting route and current-phase authority, independently verify program-charter.md and study-profile.json, then complete schema-v4 semantic revalidation and rerun the INTAKE gate.",2026-08-02T01:45:48Z
CP-cd3d8f8be55c,chronosaudit-20260801T105039Z-e7e2c21c-64e42a,INTAKE,intake_integration,LEASE-00adb2d3561b,COMPLETED,"{""00-governance/program-charter.md"": ""755b1a454abd7d2a69739abda47d1a9ea87c6a44412e0065d7936cc96f443f9d"", ""00-governance/study-profile.json"": ""15a3933f3c87b2537b0286cc062e55eb11cd7364b64381cbdba4e46dff58f324""}",Safe-route scope integrated: public-evidence methods and preregistration draft delivered; novelty remains UNRESOLVED; empirical and prospective studies are NOT RUN; the original external-verifier and authority dependency remains UNRESOLVED_AND_EXCLUDED; no phase promotion.,No resume; cell completed.,2026-08-02T03:04:10Z
